/*
 Navicat Premium Data Transfer

 Source Server         : mysql
 Source Server Type    : MySQL
 Source Server Version : 50728
 Source Host           : localhost:3306
 Source Schema         : ry_cms

 Target Server Type    : MySQL
 Target Server Version : 50728
 File Encoding         : 65001

 Date: 12/09/2020 16:22:40
*/

SET NAMES utf8mb4;
SET FOREIGN_KEY_CHECKS = 0;

-- ----------------------------
-- Table structure for cms_material
-- ----------------------------
DROP TABLE IF EXISTS `cms_material`;
CREATE TABLE `cms_material`  (
  `id` bigint(20) UNSIGNED NOT NULL AUTO_INCREMENT COMMENT '主键',
  `site_id` bigint(20) NULL DEFAULT NULL COMMENT '站点id',
  `group_id` bigint(20) NOT NULL DEFAULT 0 COMMENT '分组id',
  `material_name` varchar(100) CHARACTER SET utf8 COLLATE utf8_general_ci NOT NULL COMMENT '素材名称',
  `material_type` tinyint(3) NOT NULL COMMENT '素材类型 字典 1图片2视频',
  `description` varchar(255) CHARACTER SET utf8 COLLATE utf8_general_ci NULL DEFAULT NULL COMMENT '素材描述',
  `material_size` varchar(20) CHARACTER SET utf8 COLLATE utf8_general_ci NULL DEFAULT NULL COMMENT '素材大小',
  `save_path` varchar(255) CHARACTER SET utf8 COLLATE utf8_general_ci NULL DEFAULT NULL COMMENT '保存路径',
  `width` varchar(255) CHARACTER SET utf8 COLLATE utf8_general_ci NULL DEFAULT NULL COMMENT '分辨率 宽',
  `height` varchar(255) CHARACTER SET utf8 COLLATE utf8_general_ci NULL DEFAULT NULL COMMENT '分辨率 高',
  `create_by` varchar(64) CHARACTER SET utf8 COLLATE utf8_general_ci NULL DEFAULT '' COMMENT '创建者',
  `create_time` datetime(0) NULL DEFAULT NULL COMMENT '创建时间',
  `update_by` varchar(64) CHARACTER SET utf8 COLLATE utf8_general_ci NULL DEFAULT '' COMMENT '更新者',
  `update_time` datetime(0) NULL DEFAULT NULL COMMENT '更新时间',
  `remark` varchar(500) CHARACTER SET utf8 COLLATE utf8_general_ci NULL DEFAULT NULL COMMENT '备注',
  `sort` int(11) NULL DEFAULT NULL COMMENT '排序',
  PRIMARY KEY (`id`) USING BTREE
) ENGINE = InnoDB AUTO_INCREMENT = 4 CHARACTER SET = utf8 COLLATE = utf8_general_ci COMMENT = '素材' ROW_FORMAT = Dynamic;

-- ----------------------------
-- Records of cms_material
-- ----------------------------
INSERT INTO `cms_material` VALUES (2, 3, 1, 'ffff', 1, '', '', 'http://localhost:8082/profile/upload/2020/09/11/6fa7ffd5-0221-46f0-a634-d956f8869cdb.jpeg', '', '', '', '2020-09-07 16:54:39', '', '2020-09-11 18:56:41', '', NULL);
INSERT INTO `cms_material` VALUES (3, 3, 1, 'aaaaaaaaaaaa', 1, '', '', 'http://localhost:8082/profile/upload/2020/09/11/97f95b39-0aaa-483e-a4ba-977231e11ec6.jpeg', '', '', '', '2020-09-07 16:55:43', '', '2020-09-11 18:56:49', '', NULL);

-- ----------------------------
-- Table structure for cms_material_group
-- ----------------------------
DROP TABLE IF EXISTS `cms_material_group`;
CREATE TABLE `cms_material_group`  (
  `id` bigint(20) UNSIGNED NOT NULL AUTO_INCREMENT COMMENT '主键',
  `site_id` bigint(20) NULL DEFAULT NULL COMMENT '站点id',
  `parent_id` bigint(20) NULL DEFAULT NULL COMMENT '父ID',
  `group_name` varchar(50) CHARACTER SET utf8 COLLATE utf8_general_ci NULL DEFAULT NULL COMMENT '分组名称',
  `description` varchar(255) CHARACTER SET utf8 COLLATE utf8_general_ci NULL DEFAULT NULL COMMENT '描述',
  `sort` smallint(6) NULL DEFAULT NULL COMMENT '排序',
  `create_by` varchar(64) CHARACTER SET utf8 COLLATE utf8_general_ci NULL DEFAULT '' COMMENT '创建者',
  `create_time` datetime(0) NULL DEFAULT NULL COMMENT '创建时间',
  `update_by` varchar(64) CHARACTER SET utf8 COLLATE utf8_general_ci NULL DEFAULT '' COMMENT '更新者',
  `update_time` datetime(0) NULL DEFAULT NULL COMMENT '更新时间',
  `remark` varchar(500) CHARACTER SET utf8 COLLATE utf8_general_ci NULL DEFAULT NULL COMMENT '备注',
  PRIMARY KEY (`id`) USING BTREE
) ENGINE = InnoDB AUTO_INCREMENT = 3 CHARACTER SET = utf8 COLLATE = utf8_general_ci COMMENT = '素材分组' ROW_FORMAT = Dynamic;

-- ----------------------------
-- Records of cms_material_group
-- ----------------------------
INSERT INTO `cms_material_group` VALUES (1, NULL, NULL, '默认分组', '默认', 1, '', NULL, '', NULL, NULL);
INSERT INTO `cms_material_group` VALUES (2, NULL, NULL, '研发分组', '研发', 2, '', NULL, '', NULL, NULL);

-- ----------------------------
-- Table structure for cms_product
-- ----------------------------
DROP TABLE IF EXISTS `cms_product`;
CREATE TABLE `cms_product`  (
  `id` bigint(20) UNSIGNED NOT NULL AUTO_INCREMENT COMMENT '主键',
  `name` varchar(255) CHARACTER SET utf8 COLLATE utf8_general_ci NULL DEFAULT NULL COMMENT '名称 ',
  `group_id` bigint(20) NULL DEFAULT NULL COMMENT '分组id',
  `site_id` bigint(20) NULL DEFAULT NULL COMMENT '站点id',
  `create_by` varchar(64) CHARACTER SET utf8 COLLATE utf8_general_ci NULL DEFAULT '' COMMENT '创建者',
  `create_time` datetime(0) NULL DEFAULT NULL COMMENT '创建时间',
  `update_by` varchar(64) CHARACTER SET utf8 COLLATE utf8_general_ci NULL DEFAULT '' COMMENT '更新者',
  `update_time` datetime(0) NULL DEFAULT NULL COMMENT '更新时间',
  `remark` varchar(500) CHARACTER SET utf8 COLLATE utf8_general_ci NULL DEFAULT NULL COMMENT '备注',
  `sort` int(11) NULL DEFAULT NULL COMMENT '排序',
  PRIMARY KEY (`id`) USING BTREE
) ENGINE = InnoDB AUTO_INCREMENT = 16 CHARACTER SET = utf8 COLLATE = utf8_general_ci COMMENT = '产品' ROW_FORMAT = Dynamic;

-- ----------------------------
-- Records of cms_product
-- ----------------------------
INSERT INTO `cms_product` VALUES (12, '产品1', 1, 1, '', NULL, '', NULL, NULL, NULL);
INSERT INTO `cms_product` VALUES (13, '产品2', 1, 2, '', NULL, '', NULL, NULL, NULL);
INSERT INTO `cms_product` VALUES (14, '产品3', 1, 1, '', NULL, '', NULL, NULL, NULL);
INSERT INTO `cms_product` VALUES (15, '产品4', 1, 1, '', NULL, '', NULL, NULL, NULL);

-- ----------------------------
-- Table structure for cms_product_group
-- ----------------------------
DROP TABLE IF EXISTS `cms_product_group`;
CREATE TABLE `cms_product_group`  (
  `id` bigint(20) UNSIGNED NOT NULL AUTO_INCREMENT COMMENT '主键',
  `site_id` bigint(20) NULL DEFAULT NULL COMMENT '站点id',
  `parent_id` bigint(20) NULL DEFAULT NULL COMMENT '父ID',
  `group_name` varchar(50) CHARACTER SET utf8 COLLATE utf8_general_ci NULL DEFAULT NULL COMMENT '分组名称',
  `description` varchar(255) CHARACTER SET utf8 COLLATE utf8_general_ci NULL DEFAULT NULL COMMENT '描述',
  `sort` smallint(6) NULL DEFAULT NULL COMMENT '排序',
  `create_by` varchar(64) CHARACTER SET utf8 COLLATE utf8_general_ci NULL DEFAULT '' COMMENT '创建者',
  `create_time` datetime(0) NULL DEFAULT NULL COMMENT '创建时间',
  `update_by` varchar(64) CHARACTER SET utf8 COLLATE utf8_general_ci NULL DEFAULT '' COMMENT '更新者',
  `update_time` datetime(0) NULL DEFAULT NULL COMMENT '更新时间',
  `remark` varchar(500) CHARACTER SET utf8 COLLATE utf8_general_ci NULL DEFAULT NULL COMMENT '备注',
  PRIMARY KEY (`id`) USING BTREE
) ENGINE = InnoDB AUTO_INCREMENT = 4 CHARACTER SET = utf8 COLLATE = utf8_general_ci COMMENT = '产品分组' ROW_FORMAT = Dynamic;

-- ----------------------------
-- Records of cms_product_group
-- ----------------------------
INSERT INTO `cms_product_group` VALUES (1, 3, NULL, '默认分组', '默认', 1, '', NULL, '', '2020-09-12 15:00:43', '');
INSERT INTO `cms_product_group` VALUES (2, 3, NULL, '研发分组', '研发', 2, '', NULL, '', '2020-09-12 15:00:35', '');
INSERT INTO `cms_product_group` VALUES (3, 1, NULL, 'tett', '', NULL, '', '2020-09-12 15:00:08', '', NULL, '');

-- ----------------------------
-- Table structure for cms_product_material
-- ----------------------------
DROP TABLE IF EXISTS `cms_product_material`;
CREATE TABLE `cms_product_material`  (
  `id` bigint(20) UNSIGNED NOT NULL AUTO_INCREMENT COMMENT '主键',
  `product_id` bigint(20) NULL DEFAULT NULL COMMENT '产品id',
  `material_id` bigint(20) NULL DEFAULT NULL COMMENT '素材id',
  `sort` int(11) NULL DEFAULT NULL COMMENT '排序',
  `site_id` bigint(20) NULL DEFAULT NULL COMMENT '站点id',
  `create_by` varchar(64) CHARACTER SET utf8 COLLATE utf8_general_ci NULL DEFAULT '' COMMENT '创建者',
  `create_time` datetime(0) NULL DEFAULT NULL COMMENT '创建时间',
  `update_by` varchar(64) CHARACTER SET utf8 COLLATE utf8_general_ci NULL DEFAULT '' COMMENT '更新者',
  `update_time` datetime(0) NULL DEFAULT NULL COMMENT '更新时间',
  `remark` varchar(500) CHARACTER SET utf8 COLLATE utf8_general_ci NULL DEFAULT NULL COMMENT '备注',
  PRIMARY KEY (`id`) USING BTREE
) ENGINE = InnoDB AUTO_INCREMENT = 35 CHARACTER SET = utf8 COLLATE = utf8_general_ci COMMENT = '产品素材对应表' ROW_FORMAT = Dynamic;

-- ----------------------------
-- Records of cms_product_material
-- ----------------------------
INSERT INTO `cms_product_material` VALUES (4, 2, 1, 2, NULL, '', NULL, '', NULL, NULL);
INSERT INTO `cms_product_material` VALUES (5, 2, 2, 3, NULL, '', NULL, '', NULL, NULL);
INSERT INTO `cms_product_material` VALUES (6, 1, 5, 4, NULL, '', NULL, '', NULL, NULL);
INSERT INTO `cms_product_material` VALUES (7, 2, 5, 5, NULL, '', NULL, '', NULL, NULL);
INSERT INTO `cms_product_material` VALUES (8, 1, 6, NULL, NULL, '', NULL, '', NULL, NULL);
INSERT INTO `cms_product_material` VALUES (9, 4, 5, NULL, NULL, '', NULL, '', NULL, NULL);
INSERT INTO `cms_product_material` VALUES (10, 5, 5, NULL, NULL, '', NULL, '', NULL, NULL);
INSERT INTO `cms_product_material` VALUES (11, 6, 5, NULL, NULL, '', NULL, '', NULL, NULL);
INSERT INTO `cms_product_material` VALUES (12, 7, 5, NULL, NULL, '', NULL, '', NULL, NULL);
INSERT INTO `cms_product_material` VALUES (13, 8, 5, NULL, NULL, '', NULL, '', NULL, NULL);
INSERT INTO `cms_product_material` VALUES (14, 9, 5, NULL, NULL, '', NULL, '', NULL, NULL);
INSERT INTO `cms_product_material` VALUES (15, 10, 5, NULL, NULL, '', NULL, '', NULL, NULL);
INSERT INTO `cms_product_material` VALUES (16, 11, 5, NULL, NULL, '', NULL, '', NULL, NULL);
INSERT INTO `cms_product_material` VALUES (18, 12, 8, NULL, NULL, '', NULL, '', NULL, NULL);
INSERT INTO `cms_product_material` VALUES (19, 13, 9, NULL, NULL, '', NULL, '', NULL, NULL);
INSERT INTO `cms_product_material` VALUES (20, 14, 10, NULL, NULL, '', NULL, '', NULL, NULL);
INSERT INTO `cms_product_material` VALUES (21, 15, 11, NULL, NULL, '', NULL, '', NULL, NULL);
INSERT INTO `cms_product_material` VALUES (22, 14, 9, NULL, NULL, '', NULL, '', NULL, NULL);
INSERT INTO `cms_product_material` VALUES (32, 12, 2, NULL, NULL, '', NULL, '', NULL, NULL);
INSERT INTO `cms_product_material` VALUES (34, 12, 3, NULL, NULL, '', NULL, '', NULL, NULL);

-- ----------------------------
-- Table structure for gen_table
-- ----------------------------
DROP TABLE IF EXISTS `gen_table`;
CREATE TABLE `gen_table`  (
  `table_id` bigint(20) NOT NULL AUTO_INCREMENT COMMENT '编号',
  `table_name` varchar(200) CHARACTER SET utf8 COLLATE utf8_general_ci NULL DEFAULT '' COMMENT '表名称',
  `table_comment` varchar(500) CHARACTER SET utf8 COLLATE utf8_general_ci NULL DEFAULT '' COMMENT '表描述',
  `sub_table_name` varchar(64) CHARACTER SET utf8 COLLATE utf8_general_ci NULL DEFAULT NULL COMMENT '关联子表的表名',
  `sub_table_fk_name` varchar(64) CHARACTER SET utf8 COLLATE utf8_general_ci NULL DEFAULT NULL COMMENT '子表关联的外键名',
  `class_name` varchar(100) CHARACTER SET utf8 COLLATE utf8_general_ci NULL DEFAULT '' COMMENT '实体类名称',
  `tpl_category` varchar(200) CHARACTER SET utf8 COLLATE utf8_general_ci NULL DEFAULT 'crud' COMMENT '使用的模板（crud单表操作 tree树表操作 sub主子表操作）',
  `package_name` varchar(100) CHARACTER SET utf8 COLLATE utf8_general_ci NULL DEFAULT NULL COMMENT '生成包路径',
  `module_name` varchar(30) CHARACTER SET utf8 COLLATE utf8_general_ci NULL DEFAULT NULL COMMENT '生成模块名',
  `business_name` varchar(30) CHARACTER SET utf8 COLLATE utf8_general_ci NULL DEFAULT NULL COMMENT '生成业务名',
  `function_name` varchar(50) CHARACTER SET utf8 COLLATE utf8_general_ci NULL DEFAULT NULL COMMENT '生成功能名',
  `function_author` varchar(50) CHARACTER SET utf8 COLLATE utf8_general_ci NULL DEFAULT NULL COMMENT '生成功能作者',
  `gen_type` char(1) CHARACTER SET utf8 COLLATE utf8_general_ci NULL DEFAULT '0' COMMENT '生成代码方式（0zip压缩包 1自定义路径）',
  `gen_path` varchar(200) CHARACTER SET utf8 COLLATE utf8_general_ci NULL DEFAULT '/' COMMENT '生成路径（不填默认项目路径）',
  `options` varchar(1000) CHARACTER SET utf8 COLLATE utf8_general_ci NULL DEFAULT NULL COMMENT '其它生成选项',
  `create_by` varchar(64) CHARACTER SET utf8 COLLATE utf8_general_ci NULL DEFAULT '' COMMENT '创建者',
  `create_time` datetime(0) NULL DEFAULT NULL COMMENT '创建时间',
  `update_by` varchar(64) CHARACTER SET utf8 COLLATE utf8_general_ci NULL DEFAULT '' COMMENT '更新者',
  `update_time` datetime(0) NULL DEFAULT NULL COMMENT '更新时间',
  `remark` varchar(500) CHARACTER SET utf8 COLLATE utf8_general_ci NULL DEFAULT NULL COMMENT '备注',
  PRIMARY KEY (`table_id`) USING BTREE
) ENGINE = InnoDB AUTO_INCREMENT = 14 CHARACTER SET = utf8 COLLATE = utf8_general_ci COMMENT = '代码生成业务表' ROW_FORMAT = Dynamic;

-- ----------------------------
-- Records of gen_table
-- ----------------------------
INSERT INTO `gen_table` VALUES (4, 'sys_site', '站点', NULL, NULL, 'SysSite', 'crud', 'com.ruoyi.cms', 'system', 'site', '站点', 'ruoyi', '1', 'H:\\开源多站点cms\\RuoYi-cms\\ruoyi-cms\\src', '{\"parentMenuId\":\"2001\",\"treeName\":\"\",\"treeParentCode\":\"\",\"parentMenuName\":\"站点管理\",\"treeCode\":\"\"}', 'admin', '2020-09-06 14:56:38', '', '2020-09-06 15:15:20', '');
INSERT INTO `gen_table` VALUES (5, 'cms_material', '素材', '', '', 'CmsMaterial', 'mcrud', 'com.ruoyi.cms', 'cms', 'material', '素材', 'ruoyi', '1', 'H:\\开源多站点cms\\RuoYi-cms\\ruoyi-cms\\src', '{\"parentMenuId\":\"2003\",\"treeName\":\"\",\"treeParentCode\":\"\",\"parentMenuName\":\"素材管理\",\"treeCode\":\"\"}', 'admin', '2020-09-07 12:16:20', '', '2020-09-10 17:37:24', '');
INSERT INTO `gen_table` VALUES (6, 'cms_material_group', '素材分组', '', NULL, 'CmsMaterialGroup', 'mtree', 'com.ruoyi.cms', 'cms', 'materialGroup', '素材分组', 'ruoyi', '1', 'H:\\开源多站点cms\\RuoYi-cms\\ruoyi-cms\\src', '{\"parentMenuId\":\"2004\",\"treeName\":\"group_name\",\"treeParentCode\":\"parent_id\",\"parentMenuName\":\"素材分组管理\",\"treeCode\":\"id\"}', 'admin', '2020-09-07 12:16:20', '', '2020-09-10 17:34:12', '');
INSERT INTO `gen_table` VALUES (10, 'cms_product', '产品', 'cms_product_material', 'product_id', 'CmsProduct', 'mmat', 'com.ruoyi.cms', 'cms', 'product', '产品', 'ruoyi', '1', 'H:\\开源多站点cms\\RuoYi-cms\\ruoyi-cms\\src', '{\"parentMenuId\":\"2005\",\"treeName\":\"\",\"treeParentCode\":\"\",\"parentMenuName\":\"产品管理\",\"treeCode\":\"\"}', 'admin', '2020-09-10 16:58:38', '', '2020-09-11 14:18:35', '');
INSERT INTO `gen_table` VALUES (11, 'cms_product_group', '产品分组', NULL, NULL, 'CmsProductGroup', 'mtree', 'com.ruoyi.cms', 'cms', 'productGroup', '产品分组', 'ruoyi', '1', 'H:\\开源多站点cms\\RuoYi-cms\\ruoyi-cms\\src', '{\"parentMenuId\":\"2006\",\"treeName\":\"group_name\",\"treeParentCode\":\"parent_id\",\"parentMenuName\":\"产品分组管理\",\"treeCode\":\"id\"}', 'admin', '2020-09-10 16:58:38', '', '2020-09-12 14:51:15', '');
INSERT INTO `gen_table` VALUES (12, 'cms_product_material', '产品素材对应表', NULL, NULL, 'CmsProductMaterial', 'crud', 'com.ruoyi.system', 'system', 'material', '产品素材对应', 'ruoyi', '0', '/', NULL, 'admin', '2020-09-10 16:58:38', '', NULL, NULL);
INSERT INTO `gen_table` VALUES (13, 'sys_theme', '模板主题', NULL, NULL, 'SysTheme', 'crud', 'com.ruoyi.cms', 'system', 'theme', '模板主题', 'ruoyi', '1', 'H:\\开源多站点cms\\RuoYi-cms\\ruoyi-cms\\src', '{\"parentMenuId\":\"2007\",\"treeName\":\"\",\"treeParentCode\":\"\",\"parentMenuName\":\"模板主题管理\",\"treeCode\":\"\"}', 'admin', '2020-09-12 15:28:47', '', '2020-09-12 15:33:43', '');

-- ----------------------------
-- Table structure for gen_table_column
-- ----------------------------
DROP TABLE IF EXISTS `gen_table_column`;
CREATE TABLE `gen_table_column`  (
  `column_id` bigint(20) NOT NULL AUTO_INCREMENT COMMENT '编号',
  `table_id` varchar(64) CHARACTER SET utf8 COLLATE utf8_general_ci NULL DEFAULT NULL COMMENT '归属表编号',
  `column_name` varchar(200) CHARACTER SET utf8 COLLATE utf8_general_ci NULL DEFAULT NULL COMMENT '列名称',
  `column_comment` varchar(500) CHARACTER SET utf8 COLLATE utf8_general_ci NULL DEFAULT NULL COMMENT '列描述',
  `column_type` varchar(100) CHARACTER SET utf8 COLLATE utf8_general_ci NULL DEFAULT NULL COMMENT '列类型',
  `java_type` varchar(500) CHARACTER SET utf8 COLLATE utf8_general_ci NULL DEFAULT NULL COMMENT 'JAVA类型',
  `java_field` varchar(200) CHARACTER SET utf8 COLLATE utf8_general_ci NULL DEFAULT NULL COMMENT 'JAVA字段名',
  `is_pk` char(1) CHARACTER SET utf8 COLLATE utf8_general_ci NULL DEFAULT NULL COMMENT '是否主键（1是）',
  `is_increment` char(1) CHARACTER SET utf8 COLLATE utf8_general_ci NULL DEFAULT NULL COMMENT '是否自增（1是）',
  `is_required` char(1) CHARACTER SET utf8 COLLATE utf8_general_ci NULL DEFAULT NULL COMMENT '是否必填（1是）',
  `is_insert` char(1) CHARACTER SET utf8 COLLATE utf8_general_ci NULL DEFAULT NULL COMMENT '是否为插入字段（1是）',
  `is_edit` char(1) CHARACTER SET utf8 COLLATE utf8_general_ci NULL DEFAULT NULL COMMENT '是否编辑字段（1是）',
  `is_list` char(1) CHARACTER SET utf8 COLLATE utf8_general_ci NULL DEFAULT NULL COMMENT '是否列表字段（1是）',
  `is_query` char(1) CHARACTER SET utf8 COLLATE utf8_general_ci NULL DEFAULT NULL COMMENT '是否查询字段（1是）',
  `query_type` varchar(200) CHARACTER SET utf8 COLLATE utf8_general_ci NULL DEFAULT 'EQ' COMMENT '查询方式（等于、不等于、大于、小于、范围）',
  `html_type` varchar(200) CHARACTER SET utf8 COLLATE utf8_general_ci NULL DEFAULT NULL COMMENT '显示类型（文本框、文本域、下拉框、复选框、单选框、日期控件）',
  `dict_type` varchar(200) CHARACTER SET utf8 COLLATE utf8_general_ci NULL DEFAULT '' COMMENT '字典类型',
  `sort` int(11) NULL DEFAULT NULL COMMENT '排序',
  `create_by` varchar(64) CHARACTER SET utf8 COLLATE utf8_general_ci NULL DEFAULT '' COMMENT '创建者',
  `create_time` datetime(0) NULL DEFAULT NULL COMMENT '创建时间',
  `update_by` varchar(64) CHARACTER SET utf8 COLLATE utf8_general_ci NULL DEFAULT '' COMMENT '更新者',
  `update_time` datetime(0) NULL DEFAULT NULL COMMENT '更新时间',
  PRIMARY KEY (`column_id`) USING BTREE
) ENGINE = InnoDB AUTO_INCREMENT = 124 CHARACTER SET = utf8 COLLATE = utf8_general_ci COMMENT = '代码生成业务表字段' ROW_FORMAT = Dynamic;

-- ----------------------------
-- Records of gen_table_column
-- ----------------------------
INSERT INTO `gen_table_column` VALUES (34, '4', 'id', '主键', 'bigint(20) unsigned', 'Long', 'id', '1', '1', NULL, '1', NULL, '1', NULL, 'EQ', 'input', '', 1, 'admin', '2020-09-06 14:56:38', NULL, '2020-09-06 15:15:21');
INSERT INTO `gen_table_column` VALUES (35, '4', 'name', '站点名称', 'varchar(50)', 'String', 'name', '0', '0', '1', '1', '1', '1', '1', 'LIKE', 'input', '', 2, 'admin', '2020-09-06 14:56:38', NULL, '2020-09-06 15:15:21');
INSERT INTO `gen_table_column` VALUES (36, '4', 'site_path', '站点地址', 'varchar(255)', 'String', 'sitePath', '0', '0', '1', '1', '1', '1', NULL, 'EQ', 'input', '', 3, 'admin', '2020-09-06 14:56:38', NULL, '2020-09-06 15:15:21');
INSERT INTO `gen_table_column` VALUES (37, '4', 'status', '状态（0正常 1停用）', 'char(1)', 'String', 'status', '0', '0', NULL, NULL, '1', '1', NULL, 'EQ', 'radio', 'status', 4, 'admin', '2020-09-06 14:56:38', NULL, '2020-09-06 15:15:21');
INSERT INTO `gen_table_column` VALUES (38, '4', 'create_by', '创建者', 'varchar(64)', 'String', 'createBy', '0', '0', NULL, '1', NULL, NULL, NULL, 'EQ', 'input', '', 5, 'admin', '2020-09-06 14:56:38', NULL, '2020-09-06 15:15:21');
INSERT INTO `gen_table_column` VALUES (39, '4', 'create_time', '创建时间', 'datetime', 'Date', 'createTime', '0', '0', NULL, '1', NULL, NULL, NULL, 'EQ', 'datetime', '', 6, 'admin', '2020-09-06 14:56:38', NULL, '2020-09-06 15:15:21');
INSERT INTO `gen_table_column` VALUES (40, '4', 'update_by', '更新者', 'varchar(64)', 'String', 'updateBy', '0', '0', NULL, '1', '1', NULL, NULL, 'EQ', 'input', '', 7, 'admin', '2020-09-06 14:56:38', NULL, '2020-09-06 15:15:21');
INSERT INTO `gen_table_column` VALUES (41, '4', 'update_time', '更新时间', 'datetime', 'Date', 'updateTime', '0', '0', NULL, '1', '1', NULL, NULL, 'EQ', 'datetime', '', 8, 'admin', '2020-09-06 14:56:38', NULL, '2020-09-06 15:15:21');
INSERT INTO `gen_table_column` VALUES (42, '4', 'remark', '备注', 'varchar(500)', 'String', 'remark', '0', '0', NULL, '1', '1', '1', NULL, 'EQ', 'textarea', '', 9, 'admin', '2020-09-06 14:56:38', NULL, '2020-09-06 15:15:21');
INSERT INTO `gen_table_column` VALUES (43, '5', 'id', '主键', 'bigint(20) unsigned', 'Long', 'id', '1', '1', NULL, '1', NULL, NULL, NULL, 'EQ', 'input', '', 1, 'admin', '2020-09-07 12:16:20', NULL, '2020-09-10 17:37:24');
INSERT INTO `gen_table_column` VALUES (44, '5', 'group_id', '分组id', 'bigint(20)', 'Long', 'groupId', '0', '0', '1', '1', '1', '1', NULL, 'EQ', 'selector', 'cms/materialGroup/selectMaterialGroupTree/', 2, 'admin', '2020-09-07 12:16:20', NULL, '2020-09-10 17:37:24');
INSERT INTO `gen_table_column` VALUES (45, '5', 'material_name', '素材名称', 'varchar(100)', 'String', 'materialName', '0', '0', '1', '1', '1', '1', '1', 'LIKE', 'input', '', 3, 'admin', '2020-09-07 12:16:20', NULL, '2020-09-10 17:37:24');
INSERT INTO `gen_table_column` VALUES (46, '5', 'material_type', '素材类型 字典 1图片2视频', 'tinyint(3)', 'Integer', 'materialType', '0', '0', '1', '1', '1', '1', NULL, 'EQ', 'select', 'material_type', 4, 'admin', '2020-09-07 12:16:20', NULL, '2020-09-10 17:37:24');
INSERT INTO `gen_table_column` VALUES (47, '5', 'description', '素材描述', 'varchar(255)', 'String', 'description', '0', '0', NULL, '1', '1', '1', NULL, 'EQ', 'input', '', 5, 'admin', '2020-09-07 12:16:20', NULL, '2020-09-10 17:37:24');
INSERT INTO `gen_table_column` VALUES (48, '5', 'material_size', '素材大小', 'varchar(20)', 'String', 'materialSize', '0', '0', NULL, '1', '1', '1', NULL, 'EQ', 'input', '', 6, 'admin', '2020-09-07 12:16:20', NULL, '2020-09-10 17:37:24');
INSERT INTO `gen_table_column` VALUES (49, '5', 'save_path', '保存路径', 'varchar(255)', 'String', 'savePath', '0', '0', NULL, '1', '1', '1', NULL, 'EQ', 'upload', '', 7, 'admin', '2020-09-07 12:16:20', NULL, '2020-09-10 17:37:24');
INSERT INTO `gen_table_column` VALUES (50, '5', 'width', '分辨率 宽', 'varchar(255)', 'String', 'width', '0', '0', NULL, '1', '1', '1', NULL, 'EQ', 'input', '', 8, 'admin', '2020-09-07 12:16:20', NULL, '2020-09-10 17:37:24');
INSERT INTO `gen_table_column` VALUES (51, '5', 'height', '分辨率 高', 'varchar(255)', 'String', 'height', '0', '0', NULL, '1', '1', '1', NULL, 'EQ', 'input', '', 9, 'admin', '2020-09-07 12:16:20', NULL, '2020-09-10 17:37:24');
INSERT INTO `gen_table_column` VALUES (52, '5', 'create_by', '创建者', 'varchar(64)', 'String', 'createBy', '0', '0', NULL, '1', NULL, NULL, NULL, 'EQ', 'input', '', 10, 'admin', '2020-09-07 12:16:20', NULL, '2020-09-10 17:37:24');
INSERT INTO `gen_table_column` VALUES (53, '5', 'create_time', '创建时间', 'datetime', 'Date', 'createTime', '0', '0', NULL, '1', NULL, NULL, NULL, 'EQ', 'datetime', '', 11, 'admin', '2020-09-07 12:16:20', NULL, '2020-09-10 17:37:24');
INSERT INTO `gen_table_column` VALUES (54, '5', 'update_by', '更新者', 'varchar(64)', 'String', 'updateBy', '0', '0', NULL, '1', '1', NULL, NULL, 'EQ', 'input', '', 12, 'admin', '2020-09-07 12:16:20', NULL, '2020-09-10 17:37:24');
INSERT INTO `gen_table_column` VALUES (55, '5', 'update_time', '更新时间', 'datetime', 'Date', 'updateTime', '0', '0', NULL, '1', '1', NULL, NULL, 'EQ', 'datetime', '', 13, 'admin', '2020-09-07 12:16:20', NULL, '2020-09-10 17:37:24');
INSERT INTO `gen_table_column` VALUES (56, '5', 'remark', '备注', 'varchar(500)', 'String', 'remark', '0', '0', NULL, '1', '1', '1', NULL, 'EQ', 'textarea', '', 14, 'admin', '2020-09-07 12:16:20', NULL, '2020-09-10 17:37:24');
INSERT INTO `gen_table_column` VALUES (57, '6', 'id', '主键', 'bigint(20) unsigned', 'Long', 'id', '1', '1', NULL, '1', NULL, NULL, NULL, 'EQ', 'input', '', 1, 'admin', '2020-09-07 12:16:20', NULL, '2020-09-10 17:34:12');
INSERT INTO `gen_table_column` VALUES (58, '6', 'parent_id', '父ID', 'bigint(20)', 'Long', 'parentId', '0', '0', NULL, '1', '1', '1', NULL, 'EQ', 'input', '', 2, 'admin', '2020-09-07 12:16:20', NULL, '2020-09-10 17:34:12');
INSERT INTO `gen_table_column` VALUES (59, '6', 'group_name', '分组名称', 'varchar(50)', 'String', 'groupName', '0', '0', NULL, '1', '1', '1', '1', 'LIKE', 'input', '', 3, 'admin', '2020-09-07 12:16:20', NULL, '2020-09-10 17:34:12');
INSERT INTO `gen_table_column` VALUES (60, '6', 'description', '描述', 'varchar(255)', 'String', 'description', '0', '0', NULL, '1', '1', '1', NULL, 'EQ', 'input', '', 4, 'admin', '2020-09-07 12:16:20', NULL, '2020-09-10 17:34:12');
INSERT INTO `gen_table_column` VALUES (61, '6', 'sort', '排序', 'smallint(6)', 'Integer', 'sort', '0', '0', NULL, '1', '1', '1', NULL, 'EQ', 'input', '', 5, 'admin', '2020-09-07 12:16:20', NULL, '2020-09-10 17:34:12');
INSERT INTO `gen_table_column` VALUES (62, '6', 'create_by', '创建者', 'varchar(64)', 'String', 'createBy', '0', '0', NULL, '1', NULL, NULL, NULL, 'EQ', 'input', '', 6, 'admin', '2020-09-07 12:16:20', NULL, '2020-09-10 17:34:12');
INSERT INTO `gen_table_column` VALUES (63, '6', 'create_time', '创建时间', 'datetime', 'Date', 'createTime', '0', '0', NULL, '1', NULL, NULL, NULL, 'EQ', 'datetime', '', 7, 'admin', '2020-09-07 12:16:20', NULL, '2020-09-10 17:34:12');
INSERT INTO `gen_table_column` VALUES (64, '6', 'update_by', '更新者', 'varchar(64)', 'String', 'updateBy', '0', '0', NULL, '1', '1', NULL, NULL, 'EQ', 'input', '', 8, 'admin', '2020-09-07 12:16:20', NULL, '2020-09-10 17:34:12');
INSERT INTO `gen_table_column` VALUES (65, '6', 'update_time', '更新时间', 'datetime', 'Date', 'updateTime', '0', '0', NULL, '1', '1', NULL, NULL, 'EQ', 'datetime', '', 9, 'admin', '2020-09-07 12:16:20', NULL, '2020-09-10 17:34:12');
INSERT INTO `gen_table_column` VALUES (66, '6', 'remark', '备注', 'varchar(500)', 'String', 'remark', '0', '0', NULL, '1', '1', NULL, NULL, 'EQ', 'textarea', '', 10, 'admin', '2020-09-07 12:16:20', NULL, '2020-09-10 17:34:12');
INSERT INTO `gen_table_column` VALUES (67, '5', 'site_id', '站点id', 'bigint(20)', 'Long', 'siteId', '0', '0', NULL, '1', '1', '1', '1', 'EQ', 'siteId', '', 2, '', '2020-09-07 12:18:46', NULL, '2020-09-10 17:37:24');
INSERT INTO `gen_table_column` VALUES (68, '6', 'site_id', '站点id', 'bigint(20)', 'Long', 'siteId', '0', '0', NULL, '1', '1', '1', '1', 'EQ', 'siteId', '', 2, '', '2020-09-07 12:18:47', NULL, '2020-09-10 17:34:12');
INSERT INTO `gen_table_column` VALUES (69, '5', 'sort', '排序', 'int(11)', 'Long', 'sort', '0', '0', NULL, '1', '1', '1', NULL, 'EQ', 'input', '', 16, '', '2020-09-10 11:25:11', NULL, '2020-09-10 17:37:24');
INSERT INTO `gen_table_column` VALUES (83, '10', 'id', '主键', 'bigint(20) unsigned', 'Long', 'id', '1', '1', NULL, '1', NULL, NULL, NULL, 'EQ', 'input', '', 1, 'admin', '2020-09-10 16:58:38', NULL, '2020-09-11 14:18:35');
INSERT INTO `gen_table_column` VALUES (84, '10', 'name', '名称', 'varchar(255)', 'String', 'name', '0', '0', NULL, '1', '1', '1', '1', 'LIKE', 'input', '', 2, 'admin', '2020-09-10 16:58:38', NULL, '2020-09-11 14:18:35');
INSERT INTO `gen_table_column` VALUES (85, '10', 'group_id', '分组id', 'bigint(20)', 'Long', 'groupId', '0', '0', NULL, '1', '1', '1', '1', 'EQ', 'input', '', 3, 'admin', '2020-09-10 16:58:38', NULL, '2020-09-11 14:18:35');
INSERT INTO `gen_table_column` VALUES (86, '10', 'site_id', '站点id', 'bigint(20)', 'Long', 'siteId', '0', '0', NULL, '1', '1', '1', '1', 'EQ', 'input', '', 4, 'admin', '2020-09-10 16:58:38', NULL, '2020-09-11 14:18:35');
INSERT INTO `gen_table_column` VALUES (87, '10', 'create_by', '创建者', 'varchar(64)', 'String', 'createBy', '0', '0', NULL, '1', NULL, NULL, NULL, 'EQ', 'input', '', 5, 'admin', '2020-09-10 16:58:38', NULL, '2020-09-11 14:18:35');
INSERT INTO `gen_table_column` VALUES (88, '10', 'create_time', '创建时间', 'datetime', 'Date', 'createTime', '0', '0', NULL, '1', NULL, NULL, NULL, 'EQ', 'datetime', '', 6, 'admin', '2020-09-10 16:58:38', NULL, '2020-09-11 14:18:35');
INSERT INTO `gen_table_column` VALUES (89, '10', 'update_by', '更新者', 'varchar(64)', 'String', 'updateBy', '0', '0', NULL, '1', '1', NULL, NULL, 'EQ', 'input', '', 7, 'admin', '2020-09-10 16:58:38', NULL, '2020-09-11 14:18:35');
INSERT INTO `gen_table_column` VALUES (90, '10', 'update_time', '更新时间', 'datetime', 'Date', 'updateTime', '0', '0', NULL, '1', '1', NULL, NULL, 'EQ', 'datetime', '', 8, 'admin', '2020-09-10 16:58:38', NULL, '2020-09-11 14:18:35');
INSERT INTO `gen_table_column` VALUES (91, '10', 'remark', '备注', 'varchar(500)', 'String', 'remark', '0', '0', NULL, '1', '1', '1', NULL, 'EQ', 'textarea', '', 9, 'admin', '2020-09-10 16:58:38', NULL, '2020-09-11 14:18:35');
INSERT INTO `gen_table_column` VALUES (92, '10', 'sort', '排序', 'int(11)', 'Long', 'sort', '0', '0', NULL, '1', '1', '1', '1', 'EQ', 'input', '', 10, 'admin', '2020-09-10 16:58:38', NULL, '2020-09-11 14:18:35');
INSERT INTO `gen_table_column` VALUES (93, '11', 'id', '主键', 'bigint(20) unsigned', 'Long', 'id', '1', '1', NULL, '1', NULL, NULL, NULL, 'EQ', 'input', '', 1, 'admin', '2020-09-10 16:58:38', NULL, '2020-09-12 14:51:15');
INSERT INTO `gen_table_column` VALUES (94, '11', 'site_id', '站点id', 'bigint(20)', 'Long', 'siteId', '0', '0', NULL, '1', '1', '1', '1', 'EQ', 'siteId', '', 2, 'admin', '2020-09-10 16:58:38', NULL, '2020-09-12 14:51:15');
INSERT INTO `gen_table_column` VALUES (95, '11', 'parent_id', '父ID', 'bigint(20)', 'Long', 'parentId', '0', '0', NULL, '1', '1', '1', NULL, 'EQ', 'input', '', 3, 'admin', '2020-09-10 16:58:38', NULL, '2020-09-12 14:51:15');
INSERT INTO `gen_table_column` VALUES (96, '11', 'group_name', '分组名称', 'varchar(50)', 'String', 'groupName', '0', '0', NULL, '1', '1', '1', NULL, 'LIKE', 'input', '', 4, 'admin', '2020-09-10 16:58:38', NULL, '2020-09-12 14:51:15');
INSERT INTO `gen_table_column` VALUES (97, '11', 'description', '描述', 'varchar(255)', 'String', 'description', '0', '0', NULL, '1', '1', '1', NULL, 'EQ', 'input', '', 5, 'admin', '2020-09-10 16:58:38', NULL, '2020-09-12 14:51:15');
INSERT INTO `gen_table_column` VALUES (98, '11', 'sort', '排序', 'smallint(6)', 'Integer', 'sort', '0', '0', NULL, '1', '1', '1', NULL, 'EQ', 'input', '', 6, 'admin', '2020-09-10 16:58:38', NULL, '2020-09-12 14:51:15');
INSERT INTO `gen_table_column` VALUES (99, '11', 'create_by', '创建者', 'varchar(64)', 'String', 'createBy', '0', '0', NULL, '1', NULL, NULL, NULL, 'EQ', 'input', '', 7, 'admin', '2020-09-10 16:58:38', NULL, '2020-09-12 14:51:15');
INSERT INTO `gen_table_column` VALUES (100, '11', 'create_time', '创建时间', 'datetime', 'Date', 'createTime', '0', '0', NULL, '1', NULL, NULL, NULL, 'EQ', 'datetime', '', 8, 'admin', '2020-09-10 16:58:38', NULL, '2020-09-12 14:51:15');
INSERT INTO `gen_table_column` VALUES (101, '11', 'update_by', '更新者', 'varchar(64)', 'String', 'updateBy', '0', '0', NULL, '1', '1', NULL, NULL, 'EQ', 'input', '', 9, 'admin', '2020-09-10 16:58:38', NULL, '2020-09-12 14:51:15');
INSERT INTO `gen_table_column` VALUES (102, '11', 'update_time', '更新时间', 'datetime', 'Date', 'updateTime', '0', '0', NULL, '1', '1', NULL, NULL, 'EQ', 'datetime', '', 10, 'admin', '2020-09-10 16:58:38', NULL, '2020-09-12 14:51:15');
INSERT INTO `gen_table_column` VALUES (103, '11', 'remark', '备注', 'varchar(500)', 'String', 'remark', '0', '0', NULL, '1', '1', '1', NULL, 'EQ', 'textarea', '', 11, 'admin', '2020-09-10 16:58:38', NULL, '2020-09-12 14:51:15');
INSERT INTO `gen_table_column` VALUES (104, '12', 'id', '主键', 'bigint(20) unsigned', 'Long', 'id', '1', '1', NULL, '1', NULL, NULL, NULL, 'EQ', 'input', '', 1, 'admin', '2020-09-10 16:58:38', '', NULL);
INSERT INTO `gen_table_column` VALUES (105, '12', 'product_id', '产品id', 'bigint(20)', 'Long', 'productId', '0', '0', NULL, '1', '1', '1', '1', 'EQ', 'input', '', 2, 'admin', '2020-09-10 16:58:38', '', NULL);
INSERT INTO `gen_table_column` VALUES (106, '12', 'material_id', '素材id', 'bigint(20)', 'Long', 'materialId', '0', '0', NULL, '1', '1', '1', '1', 'EQ', 'input', '', 3, 'admin', '2020-09-10 16:58:38', '', NULL);
INSERT INTO `gen_table_column` VALUES (107, '12', 'sort', '排序', 'int(11)', 'Long', 'sort', '0', '0', NULL, '1', '1', '1', '1', 'EQ', 'input', '', 4, 'admin', '2020-09-10 16:58:38', '', NULL);
INSERT INTO `gen_table_column` VALUES (108, '12', 'site_id', '站点id', 'bigint(20)', 'Long', 'siteId', '0', '0', NULL, '1', '1', '1', '1', 'EQ', 'input', '', 5, 'admin', '2020-09-10 16:58:38', '', NULL);
INSERT INTO `gen_table_column` VALUES (109, '12', 'create_by', '创建者', 'varchar(64)', 'String', 'createBy', '0', '0', NULL, '1', NULL, NULL, NULL, 'EQ', 'input', '', 6, 'admin', '2020-09-10 16:58:38', '', NULL);
INSERT INTO `gen_table_column` VALUES (110, '12', 'create_time', '创建时间', 'datetime', 'Date', 'createTime', '0', '0', NULL, '1', NULL, NULL, NULL, 'EQ', 'datetime', '', 7, 'admin', '2020-09-10 16:58:38', '', NULL);
INSERT INTO `gen_table_column` VALUES (111, '12', 'update_by', '更新者', 'varchar(64)', 'String', 'updateBy', '0', '0', NULL, '1', '1', NULL, NULL, 'EQ', 'input', '', 8, 'admin', '2020-09-10 16:58:38', '', NULL);
INSERT INTO `gen_table_column` VALUES (112, '12', 'update_time', '更新时间', 'datetime', 'Date', 'updateTime', '0', '0', NULL, '1', '1', NULL, NULL, 'EQ', 'datetime', '', 9, 'admin', '2020-09-10 16:58:38', '', NULL);
INSERT INTO `gen_table_column` VALUES (113, '12', 'remark', '备注', 'varchar(500)', 'String', 'remark', '0', '0', NULL, '1', '1', '1', NULL, 'EQ', 'textarea', '', 10, 'admin', '2020-09-10 16:58:38', '', NULL);
INSERT INTO `gen_table_column` VALUES (114, '13', 'id', '主键', 'bigint(20)', 'Long', 'id', '1', '1', NULL, '1', NULL, NULL, NULL, 'EQ', 'input', '', 1, 'admin', '2020-09-12 15:28:47', NULL, '2020-09-12 15:33:43');
INSERT INTO `gen_table_column` VALUES (115, '13', 'name', '主题名（路径前缀）', 'varchar(50)', 'String', 'name', '0', '0', NULL, '1', '1', '1', '1', 'LIKE', 'input', '', 2, 'admin', '2020-09-12 15:28:47', NULL, '2020-09-12 15:33:43');
INSERT INTO `gen_table_column` VALUES (116, '13', 'description', '主题描述', 'varchar(255)', 'String', 'description', '0', '0', NULL, '1', '1', '1', NULL, 'EQ', 'input', '', 3, 'admin', '2020-09-12 15:28:47', NULL, '2020-09-12 15:33:43');
INSERT INTO `gen_table_column` VALUES (117, '13', 'img', '主题预览图url', 'varchar(255)', 'String', 'img', '0', '0', NULL, '1', '1', '1', NULL, 'EQ', 'upload', '', 4, 'admin', '2020-09-12 15:28:47', NULL, '2020-09-12 15:33:43');
INSERT INTO `gen_table_column` VALUES (118, '13', 'status', '状态（0正常 1停用）', 'char(1)', 'String', 'status', '0', '0', NULL, '1', '1', '1', NULL, 'EQ', 'radio', 'status', 5, 'admin', '2020-09-12 15:28:47', NULL, '2020-09-12 15:33:43');
INSERT INTO `gen_table_column` VALUES (119, '13', 'create_by', '创建者', 'varchar(64)', 'String', 'createBy', '0', '0', NULL, '1', NULL, NULL, NULL, 'EQ', 'input', '', 6, 'admin', '2020-09-12 15:28:47', NULL, '2020-09-12 15:33:43');
INSERT INTO `gen_table_column` VALUES (120, '13', 'create_time', '创建时间', 'datetime', 'Date', 'createTime', '0', '0', NULL, '1', NULL, NULL, NULL, 'EQ', 'datetime', '', 7, 'admin', '2020-09-12 15:28:47', NULL, '2020-09-12 15:33:43');
INSERT INTO `gen_table_column` VALUES (121, '13', 'update_by', '更新者', 'varchar(64)', 'String', 'updateBy', '0', '0', NULL, '1', '1', NULL, NULL, 'EQ', 'input', '', 8, 'admin', '2020-09-12 15:28:47', NULL, '2020-09-12 15:33:43');
INSERT INTO `gen_table_column` VALUES (122, '13', 'update_time', '更新时间', 'datetime', 'Date', 'updateTime', '0', '0', NULL, '1', '1', NULL, NULL, 'EQ', 'datetime', '', 9, 'admin', '2020-09-12 15:28:47', NULL, '2020-09-12 15:33:43');
INSERT INTO `gen_table_column` VALUES (123, '13', 'remark', '备注', 'varchar(500)', 'String', 'remark', '0', '0', NULL, '1', '1', '1', NULL, 'EQ', 'textarea', '', 10, 'admin', '2020-09-12 15:28:47', NULL, '2020-09-12 15:33:43');

-- ----------------------------
-- Table structure for qrtz_blob_triggers
-- ----------------------------
DROP TABLE IF EXISTS `qrtz_blob_triggers`;
CREATE TABLE `qrtz_blob_triggers`  (
  `sched_name` varchar(120) CHARACTER SET utf8 COLLATE utf8_general_ci NOT NULL,
  `trigger_name` varchar(200) CHARACTER SET utf8 COLLATE utf8_general_ci NOT NULL,
  `trigger_group` varchar(200) CHARACTER SET utf8 COLLATE utf8_general_ci NOT NULL,
  `blob_data` blob NULL,
  PRIMARY KEY (`sched_name`, `trigger_name`, `trigger_group`) USING BTREE,
  CONSTRAINT `qrtz_blob_triggers_ibfk_1` FOREIGN KEY (`sched_name`, `trigger_name`, `trigger_group`) REFERENCES `qrtz_triggers` (`sched_name`, `trigger_name`, `trigger_group`) ON DELETE RESTRICT ON UPDATE RESTRICT
) ENGINE = InnoDB CHARACTER SET = utf8 COLLATE = utf8_general_ci ROW_FORMAT = Dynamic;

-- ----------------------------
-- Records of qrtz_blob_triggers
-- ----------------------------

-- ----------------------------
-- Table structure for qrtz_calendars
-- ----------------------------
DROP TABLE IF EXISTS `qrtz_calendars`;
CREATE TABLE `qrtz_calendars`  (
  `sched_name` varchar(120) CHARACTER SET utf8 COLLATE utf8_general_ci NOT NULL,
  `calendar_name` varchar(200) CHARACTER SET utf8 COLLATE utf8_general_ci NOT NULL,
  `calendar` blob NOT NULL,
  PRIMARY KEY (`sched_name`, `calendar_name`) USING BTREE
) ENGINE = InnoDB CHARACTER SET = utf8 COLLATE = utf8_general_ci ROW_FORMAT = Dynamic;

-- ----------------------------
-- Records of qrtz_calendars
-- ----------------------------

-- ----------------------------
-- Table structure for qrtz_cron_triggers
-- ----------------------------
DROP TABLE IF EXISTS `qrtz_cron_triggers`;
CREATE TABLE `qrtz_cron_triggers`  (
  `sched_name` varchar(120) CHARACTER SET utf8 COLLATE utf8_general_ci NOT NULL,
  `trigger_name` varchar(200) CHARACTER SET utf8 COLLATE utf8_general_ci NOT NULL,
  `trigger_group` varchar(200) CHARACTER SET utf8 COLLATE utf8_general_ci NOT NULL,
  `cron_expression` varchar(200) CHARACTER SET utf8 COLLATE utf8_general_ci NOT NULL,
  `time_zone_id` varchar(80) CHARACTER SET utf8 COLLATE utf8_general_ci NULL DEFAULT NULL,
  PRIMARY KEY (`sched_name`, `trigger_name`, `trigger_group`) USING BTREE,
  CONSTRAINT `qrtz_cron_triggers_ibfk_1` FOREIGN KEY (`sched_name`, `trigger_name`, `trigger_group`) REFERENCES `qrtz_triggers` (`sched_name`, `trigger_name`, `trigger_group`) ON DELETE RESTRICT ON UPDATE RESTRICT
) ENGINE = InnoDB CHARACTER SET = utf8 COLLATE = utf8_general_ci ROW_FORMAT = Dynamic;

-- ----------------------------
-- Records of qrtz_cron_triggers
-- ----------------------------
INSERT INTO `qrtz_cron_triggers` VALUES ('RuoyiScheduler', 'TASK_CLASS_NAME1', 'DEFAULT', '0/10 * * * * ?', 'Asia/Shanghai');
INSERT INTO `qrtz_cron_triggers` VALUES ('RuoyiScheduler', 'TASK_CLASS_NAME2', 'DEFAULT', '0/15 * * * * ?', 'Asia/Shanghai');
INSERT INTO `qrtz_cron_triggers` VALUES ('RuoyiScheduler', 'TASK_CLASS_NAME3', 'DEFAULT', '0/20 * * * * ?', 'Asia/Shanghai');

-- ----------------------------
-- Table structure for qrtz_fired_triggers
-- ----------------------------
DROP TABLE IF EXISTS `qrtz_fired_triggers`;
CREATE TABLE `qrtz_fired_triggers`  (
  `sched_name` varchar(120) CHARACTER SET utf8 COLLATE utf8_general_ci NOT NULL,
  `entry_id` varchar(95) CHARACTER SET utf8 COLLATE utf8_general_ci NOT NULL,
  `trigger_name` varchar(200) CHARACTER SET utf8 COLLATE utf8_general_ci NOT NULL,
  `trigger_group` varchar(200) CHARACTER SET utf8 COLLATE utf8_general_ci NOT NULL,
  `instance_name` varchar(200) CHARACTER SET utf8 COLLATE utf8_general_ci NOT NULL,
  `fired_time` bigint(13) NOT NULL,
  `sched_time` bigint(13) NOT NULL,
  `priority` int(11) NOT NULL,
  `state` varchar(16) CHARACTER SET utf8 COLLATE utf8_general_ci NOT NULL,
  `job_name` varchar(200) CHARACTER SET utf8 COLLATE utf8_general_ci NULL DEFAULT NULL,
  `job_group` varchar(200) CHARACTER SET utf8 COLLATE utf8_general_ci NULL DEFAULT NULL,
  `is_nonconcurrent` varchar(1) CHARACTER SET utf8 COLLATE utf8_general_ci NULL DEFAULT NULL,
  `requests_recovery` varchar(1) CHARACTER SET utf8 COLLATE utf8_general_ci NULL DEFAULT NULL,
  PRIMARY KEY (`sched_name`, `entry_id`) USING BTREE
) ENGINE = InnoDB CHARACTER SET = utf8 COLLATE = utf8_general_ci ROW_FORMAT = Dynamic;

-- ----------------------------
-- Records of qrtz_fired_triggers
-- ----------------------------

-- ----------------------------
-- Table structure for qrtz_job_details
-- ----------------------------
DROP TABLE IF EXISTS `qrtz_job_details`;
CREATE TABLE `qrtz_job_details`  (
  `sched_name` varchar(120) CHARACTER SET utf8 COLLATE utf8_general_ci NOT NULL,
  `job_name` varchar(200) CHARACTER SET utf8 COLLATE utf8_general_ci NOT NULL,
  `job_group` varchar(200) CHARACTER SET utf8 COLLATE utf8_general_ci NOT NULL,
  `description` varchar(250) CHARACTER SET utf8 COLLATE utf8_general_ci NULL DEFAULT NULL,
  `job_class_name` varchar(250) CHARACTER SET utf8 COLLATE utf8_general_ci NOT NULL,
  `is_durable` varchar(1) CHARACTER SET utf8 COLLATE utf8_general_ci NOT NULL,
  `is_nonconcurrent` varchar(1) CHARACTER SET utf8 COLLATE utf8_general_ci NOT NULL,
  `is_update_data` varchar(1) CHARACTER SET utf8 COLLATE utf8_general_ci NOT NULL,
  `requests_recovery` varchar(1) CHARACTER SET utf8 COLLATE utf8_general_ci NOT NULL,
  `job_data` blob NULL,
  PRIMARY KEY (`sched_name`, `job_name`, `job_group`) USING BTREE
) ENGINE = InnoDB CHARACTER SET = utf8 COLLATE = utf8_general_ci ROW_FORMAT = Dynamic;

-- ----------------------------
-- Records of qrtz_job_details
-- ----------------------------
INSERT INTO `qrtz_job_details` VALUES ('RuoyiScheduler', 'TASK_CLASS_NAME1', 'DEFAULT', NULL, 'com.ruoyi.quartz.util.QuartzDisallowConcurrentExecution', '0', '1', '0', '0', 0xACED0005737200156F72672E71756172747A2E4A6F62446174614D61709FB083E8BFA9B0CB020000787200266F72672E71756172747A2E7574696C732E537472696E674B65794469727479466C61674D61708208E8C3FBC55D280200015A0013616C6C6F77735472616E7369656E74446174617872001D6F72672E71756172747A2E7574696C732E4469727479466C61674D617013E62EAD28760ACE0200025A000564697274794C00036D617074000F4C6A6176612F7574696C2F4D61703B787001737200116A6176612E7574696C2E486173684D61700507DAC1C31660D103000246000A6C6F6164466163746F724900097468726573686F6C6478703F4000000000000C7708000000100000000174000F5441534B5F50524F504552544945537372001E636F6D2E72756F79692E71756172747A2E646F6D61696E2E5379734A6F6200000000000000010200084C000A636F6E63757272656E747400124C6A6176612F6C616E672F537472696E673B4C000E63726F6E45787072657373696F6E71007E00094C000C696E766F6B6554617267657471007E00094C00086A6F6247726F757071007E00094C00056A6F6249647400104C6A6176612F6C616E672F4C6F6E673B4C00076A6F624E616D6571007E00094C000D6D697366697265506F6C69637971007E00094C000673746174757371007E000978720027636F6D2E72756F79692E636F6D6D6F6E2E636F72652E646F6D61696E2E42617365456E7469747900000000000000010200074C0008637265617465427971007E00094C000A63726561746554696D657400104C6A6176612F7574696C2F446174653B4C0006706172616D7371007E00034C000672656D61726B71007E00094C000B73656172636856616C756571007E00094C0008757064617465427971007E00094C000A75706461746554696D6571007E000C787074000561646D696E7372000E6A6176612E7574696C2E44617465686A81014B59741903000078707708000001622CDE29E078707400007070707400013174000E302F3130202A202A202A202A203F74001172795461736B2E72794E6F506172616D7374000744454641554C547372000E6A6176612E6C616E672E4C6F6E673B8BE490CC8F23DF0200014A000576616C7565787200106A6176612E6C616E672E4E756D62657286AC951D0B94E08B02000078700000000000000001740018E7B3BBE7BB9FE9BB98E8AEA4EFBC88E697A0E58F82EFBC8974000133740001317800);
INSERT INTO `qrtz_job_details` VALUES ('RuoyiScheduler', 'TASK_CLASS_NAME2', 'DEFAULT', NULL, 'com.ruoyi.quartz.util.QuartzDisallowConcurrentExecution', '0', '1', '0', '0', 0xACED0005737200156F72672E71756172747A2E4A6F62446174614D61709FB083E8BFA9B0CB020000787200266F72672E71756172747A2E7574696C732E537472696E674B65794469727479466C61674D61708208E8C3FBC55D280200015A0013616C6C6F77735472616E7369656E74446174617872001D6F72672E71756172747A2E7574696C732E4469727479466C61674D617013E62EAD28760ACE0200025A000564697274794C00036D617074000F4C6A6176612F7574696C2F4D61703B787001737200116A6176612E7574696C2E486173684D61700507DAC1C31660D103000246000A6C6F6164466163746F724900097468726573686F6C6478703F4000000000000C7708000000100000000174000F5441534B5F50524F504552544945537372001E636F6D2E72756F79692E71756172747A2E646F6D61696E2E5379734A6F6200000000000000010200084C000A636F6E63757272656E747400124C6A6176612F6C616E672F537472696E673B4C000E63726F6E45787072657373696F6E71007E00094C000C696E766F6B6554617267657471007E00094C00086A6F6247726F757071007E00094C00056A6F6249647400104C6A6176612F6C616E672F4C6F6E673B4C00076A6F624E616D6571007E00094C000D6D697366697265506F6C69637971007E00094C000673746174757371007E000978720027636F6D2E72756F79692E636F6D6D6F6E2E636F72652E646F6D61696E2E42617365456E7469747900000000000000010200074C0008637265617465427971007E00094C000A63726561746554696D657400104C6A6176612F7574696C2F446174653B4C0006706172616D7371007E00034C000672656D61726B71007E00094C000B73656172636856616C756571007E00094C0008757064617465427971007E00094C000A75706461746554696D6571007E000C787074000561646D696E7372000E6A6176612E7574696C2E44617465686A81014B59741903000078707708000001622CDE29E078707400007070707400013174000E302F3135202A202A202A202A203F74001572795461736B2E7279506172616D7328277279272974000744454641554C547372000E6A6176612E6C616E672E4C6F6E673B8BE490CC8F23DF0200014A000576616C7565787200106A6176612E6C616E672E4E756D62657286AC951D0B94E08B02000078700000000000000002740018E7B3BBE7BB9FE9BB98E8AEA4EFBC88E69C89E58F82EFBC8974000133740001317800);
INSERT INTO `qrtz_job_details` VALUES ('RuoyiScheduler', 'TASK_CLASS_NAME3', 'DEFAULT', NULL, 'com.ruoyi.quartz.util.QuartzDisallowConcurrentExecution', '0', '1', '0', '0', 0xACED0005737200156F72672E71756172747A2E4A6F62446174614D61709FB083E8BFA9B0CB020000787200266F72672E71756172747A2E7574696C732E537472696E674B65794469727479466C61674D61708208E8C3FBC55D280200015A0013616C6C6F77735472616E7369656E74446174617872001D6F72672E71756172747A2E7574696C732E4469727479466C61674D617013E62EAD28760ACE0200025A000564697274794C00036D617074000F4C6A6176612F7574696C2F4D61703B787001737200116A6176612E7574696C2E486173684D61700507DAC1C31660D103000246000A6C6F6164466163746F724900097468726573686F6C6478703F4000000000000C7708000000100000000174000F5441534B5F50524F504552544945537372001E636F6D2E72756F79692E71756172747A2E646F6D61696E2E5379734A6F6200000000000000010200084C000A636F6E63757272656E747400124C6A6176612F6C616E672F537472696E673B4C000E63726F6E45787072657373696F6E71007E00094C000C696E766F6B6554617267657471007E00094C00086A6F6247726F757071007E00094C00056A6F6249647400104C6A6176612F6C616E672F4C6F6E673B4C00076A6F624E616D6571007E00094C000D6D697366697265506F6C69637971007E00094C000673746174757371007E000978720027636F6D2E72756F79692E636F6D6D6F6E2E636F72652E646F6D61696E2E42617365456E7469747900000000000000010200074C0008637265617465427971007E00094C000A63726561746554696D657400104C6A6176612F7574696C2F446174653B4C0006706172616D7371007E00034C000672656D61726B71007E00094C000B73656172636856616C756571007E00094C0008757064617465427971007E00094C000A75706461746554696D6571007E000C787074000561646D696E7372000E6A6176612E7574696C2E44617465686A81014B59741903000078707708000001622CDE29E078707400007070707400013174000E302F3230202A202A202A202A203F74003872795461736B2E72794D756C7469706C65506172616D7328277279272C20747275652C20323030304C2C203331362E3530442C203130302974000744454641554C547372000E6A6176612E6C616E672E4C6F6E673B8BE490CC8F23DF0200014A000576616C7565787200106A6176612E6C616E672E4E756D62657286AC951D0B94E08B02000078700000000000000003740018E7B3BBE7BB9FE9BB98E8AEA4EFBC88E5A49AE58F82EFBC8974000133740001317800);

-- ----------------------------
-- Table structure for qrtz_locks
-- ----------------------------
DROP TABLE IF EXISTS `qrtz_locks`;
CREATE TABLE `qrtz_locks`  (
  `sched_name` varchar(120) CHARACTER SET utf8 COLLATE utf8_general_ci NOT NULL,
  `lock_name` varchar(40) CHARACTER SET utf8 COLLATE utf8_general_ci NOT NULL,
  PRIMARY KEY (`sched_name`, `lock_name`) USING BTREE
) ENGINE = InnoDB CHARACTER SET = utf8 COLLATE = utf8_general_ci ROW_FORMAT = Dynamic;

-- ----------------------------
-- Records of qrtz_locks
-- ----------------------------
INSERT INTO `qrtz_locks` VALUES ('RuoyiScheduler', 'STATE_ACCESS');
INSERT INTO `qrtz_locks` VALUES ('RuoyiScheduler', 'TRIGGER_ACCESS');

-- ----------------------------
-- Table structure for qrtz_paused_trigger_grps
-- ----------------------------
DROP TABLE IF EXISTS `qrtz_paused_trigger_grps`;
CREATE TABLE `qrtz_paused_trigger_grps`  (
  `sched_name` varchar(120) CHARACTER SET utf8 COLLATE utf8_general_ci NOT NULL,
  `trigger_group` varchar(200) CHARACTER SET utf8 COLLATE utf8_general_ci NOT NULL,
  PRIMARY KEY (`sched_name`, `trigger_group`) USING BTREE
) ENGINE = InnoDB CHARACTER SET = utf8 COLLATE = utf8_general_ci ROW_FORMAT = Dynamic;

-- ----------------------------
-- Records of qrtz_paused_trigger_grps
-- ----------------------------

-- ----------------------------
-- Table structure for qrtz_scheduler_state
-- ----------------------------
DROP TABLE IF EXISTS `qrtz_scheduler_state`;
CREATE TABLE `qrtz_scheduler_state`  (
  `sched_name` varchar(120) CHARACTER SET utf8 COLLATE utf8_general_ci NOT NULL,
  `instance_name` varchar(200) CHARACTER SET utf8 COLLATE utf8_general_ci NOT NULL,
  `last_checkin_time` bigint(13) NOT NULL,
  `checkin_interval` bigint(13) NOT NULL,
  PRIMARY KEY (`sched_name`, `instance_name`) USING BTREE
) ENGINE = InnoDB CHARACTER SET = utf8 COLLATE = utf8_general_ci ROW_FORMAT = Dynamic;

-- ----------------------------
-- Records of qrtz_scheduler_state
-- ----------------------------
INSERT INTO `qrtz_scheduler_state` VALUES ('RuoyiScheduler', 'DESKTOP-CGO0KIR1599895887282', 1599898951980, 15000);

-- ----------------------------
-- Table structure for qrtz_simple_triggers
-- ----------------------------
DROP TABLE IF EXISTS `qrtz_simple_triggers`;
CREATE TABLE `qrtz_simple_triggers`  (
  `sched_name` varchar(120) CHARACTER SET utf8 COLLATE utf8_general_ci NOT NULL,
  `trigger_name` varchar(200) CHARACTER SET utf8 COLLATE utf8_general_ci NOT NULL,
  `trigger_group` varchar(200) CHARACTER SET utf8 COLLATE utf8_general_ci NOT NULL,
  `repeat_count` bigint(7) NOT NULL,
  `repeat_interval` bigint(12) NOT NULL,
  `times_triggered` bigint(10) NOT NULL,
  PRIMARY KEY (`sched_name`, `trigger_name`, `trigger_group`) USING BTREE,
  CONSTRAINT `qrtz_simple_triggers_ibfk_1` FOREIGN KEY (`sched_name`, `trigger_name`, `trigger_group`) REFERENCES `qrtz_triggers` (`sched_name`, `trigger_name`, `trigger_group`) ON DELETE RESTRICT ON UPDATE RESTRICT
) ENGINE = InnoDB CHARACTER SET = utf8 COLLATE = utf8_general_ci ROW_FORMAT = Dynamic;

-- ----------------------------
-- Records of qrtz_simple_triggers
-- ----------------------------

-- ----------------------------
-- Table structure for qrtz_simprop_triggers
-- ----------------------------
DROP TABLE IF EXISTS `qrtz_simprop_triggers`;
CREATE TABLE `qrtz_simprop_triggers`  (
  `sched_name` varchar(120) CHARACTER SET utf8 COLLATE utf8_general_ci NOT NULL,
  `trigger_name` varchar(200) CHARACTER SET utf8 COLLATE utf8_general_ci NOT NULL,
  `trigger_group` varchar(200) CHARACTER SET utf8 COLLATE utf8_general_ci NOT NULL,
  `str_prop_1` varchar(512) CHARACTER SET utf8 COLLATE utf8_general_ci NULL DEFAULT NULL,
  `str_prop_2` varchar(512) CHARACTER SET utf8 COLLATE utf8_general_ci NULL DEFAULT NULL,
  `str_prop_3` varchar(512) CHARACTER SET utf8 COLLATE utf8_general_ci NULL DEFAULT NULL,
  `int_prop_1` int(11) NULL DEFAULT NULL,
  `int_prop_2` int(11) NULL DEFAULT NULL,
  `long_prop_1` bigint(20) NULL DEFAULT NULL,
  `long_prop_2` bigint(20) NULL DEFAULT NULL,
  `dec_prop_1` decimal(13, 4) NULL DEFAULT NULL,
  `dec_prop_2` decimal(13, 4) NULL DEFAULT NULL,
  `bool_prop_1` varchar(1) CHARACTER SET utf8 COLLATE utf8_general_ci NULL DEFAULT NULL,
  `bool_prop_2` varchar(1) CHARACTER SET utf8 COLLATE utf8_general_ci NULL DEFAULT NULL,
  PRIMARY KEY (`sched_name`, `trigger_name`, `trigger_group`) USING BTREE,
  CONSTRAINT `qrtz_simprop_triggers_ibfk_1` FOREIGN KEY (`sched_name`, `trigger_name`, `trigger_group`) REFERENCES `qrtz_triggers` (`sched_name`, `trigger_name`, `trigger_group`) ON DELETE RESTRICT ON UPDATE RESTRICT
) ENGINE = InnoDB CHARACTER SET = utf8 COLLATE = utf8_general_ci ROW_FORMAT = Dynamic;

-- ----------------------------
-- Records of qrtz_simprop_triggers
-- ----------------------------

-- ----------------------------
-- Table structure for qrtz_triggers
-- ----------------------------
DROP TABLE IF EXISTS `qrtz_triggers`;
CREATE TABLE `qrtz_triggers`  (
  `sched_name` varchar(120) CHARACTER SET utf8 COLLATE utf8_general_ci NOT NULL,
  `trigger_name` varchar(200) CHARACTER SET utf8 COLLATE utf8_general_ci NOT NULL,
  `trigger_group` varchar(200) CHARACTER SET utf8 COLLATE utf8_general_ci NOT NULL,
  `job_name` varchar(200) CHARACTER SET utf8 COLLATE utf8_general_ci NOT NULL,
  `job_group` varchar(200) CHARACTER SET utf8 COLLATE utf8_general_ci NOT NULL,
  `description` varchar(250) CHARACTER SET utf8 COLLATE utf8_general_ci NULL DEFAULT NULL,
  `next_fire_time` bigint(13) NULL DEFAULT NULL,
  `prev_fire_time` bigint(13) NULL DEFAULT NULL,
  `priority` int(11) NULL DEFAULT NULL,
  `trigger_state` varchar(16) CHARACTER SET utf8 COLLATE utf8_general_ci NOT NULL,
  `trigger_type` varchar(8) CHARACTER SET utf8 COLLATE utf8_general_ci NOT NULL,
  `start_time` bigint(13) NOT NULL,
  `end_time` bigint(13) NULL DEFAULT NULL,
  `calendar_name` varchar(200) CHARACTER SET utf8 COLLATE utf8_general_ci NULL DEFAULT NULL,
  `misfire_instr` smallint(2) NULL DEFAULT NULL,
  `job_data` blob NULL,
  PRIMARY KEY (`sched_name`, `trigger_name`, `trigger_group`) USING BTREE,
  INDEX `sched_name`(`sched_name`, `job_name`, `job_group`) USING BTREE,
  CONSTRAINT `qrtz_triggers_ibfk_1` FOREIGN KEY (`sched_name`, `job_name`, `job_group`) REFERENCES `qrtz_job_details` (`sched_name`, `job_name`, `job_group`) ON DELETE RESTRICT ON UPDATE RESTRICT
) ENGINE = InnoDB CHARACTER SET = utf8 COLLATE = utf8_general_ci ROW_FORMAT = Dynamic;

-- ----------------------------
-- Records of qrtz_triggers
-- ----------------------------
INSERT INTO `qrtz_triggers` VALUES ('RuoyiScheduler', 'TASK_CLASS_NAME1', 'DEFAULT', 'TASK_CLASS_NAME1', 'DEFAULT', NULL, 1599895890000, -1, 5, 'PAUSED', 'CRON', 1599895887000, 0, NULL, 2, '');
INSERT INTO `qrtz_triggers` VALUES ('RuoyiScheduler', 'TASK_CLASS_NAME2', 'DEFAULT', 'TASK_CLASS_NAME2', 'DEFAULT', NULL, 1599895890000, -1, 5, 'PAUSED', 'CRON', 1599895887000, 0, NULL, 2, '');
INSERT INTO `qrtz_triggers` VALUES ('RuoyiScheduler', 'TASK_CLASS_NAME3', 'DEFAULT', 'TASK_CLASS_NAME3', 'DEFAULT', NULL, 1599895900000, -1, 5, 'PAUSED', 'CRON', 1599895887000, 0, NULL, 2, '');

-- ----------------------------
-- Table structure for sys_config
-- ----------------------------
DROP TABLE IF EXISTS `sys_config`;
CREATE TABLE `sys_config`  (
  `config_id` int(5) NOT NULL AUTO_INCREMENT COMMENT '参数主键',
  `config_name` varchar(100) CHARACTER SET utf8 COLLATE utf8_general_ci NULL DEFAULT '' COMMENT '参数名称',
  `config_key` varchar(100) CHARACTER SET utf8 COLLATE utf8_general_ci NULL DEFAULT '' COMMENT '参数键名',
  `config_value` varchar(500) CHARACTER SET utf8 COLLATE utf8_general_ci NULL DEFAULT '' COMMENT '参数键值',
  `config_type` char(1) CHARACTER SET utf8 COLLATE utf8_general_ci NULL DEFAULT 'N' COMMENT '系统内置（Y是 N否）',
  `create_by` varchar(64) CHARACTER SET utf8 COLLATE utf8_general_ci NULL DEFAULT '' COMMENT '创建者',
  `create_time` datetime(0) NULL DEFAULT NULL COMMENT '创建时间',
  `update_by` varchar(64) CHARACTER SET utf8 COLLATE utf8_general_ci NULL DEFAULT '' COMMENT '更新者',
  `update_time` datetime(0) NULL DEFAULT NULL COMMENT '更新时间',
  `remark` varchar(500) CHARACTER SET utf8 COLLATE utf8_general_ci NULL DEFAULT NULL COMMENT '备注',
  PRIMARY KEY (`config_id`) USING BTREE
) ENGINE = InnoDB AUTO_INCREMENT = 6 CHARACTER SET = utf8 COLLATE = utf8_general_ci COMMENT = '参数配置表' ROW_FORMAT = Dynamic;

-- ----------------------------
-- Records of sys_config
-- ----------------------------
INSERT INTO `sys_config` VALUES (1, '主框架页-默认皮肤样式名称', 'sys.index.skinName', 'skin-blue', 'Y', 'admin', '2018-03-16 11:33:00', 'ry', '2018-03-16 11:33:00', '蓝色 skin-blue、绿色 skin-green、紫色 skin-purple、红色 skin-red、黄色 skin-yellow');
INSERT INTO `sys_config` VALUES (2, '用户管理-账号初始密码', 'sys.user.initPassword', '123456', 'Y', 'admin', '2018-03-16 11:33:00', 'ry', '2018-03-16 11:33:00', '初始化密码 123456');
INSERT INTO `sys_config` VALUES (3, '主框架页-侧边栏主题', 'sys.index.sideTheme', 'theme-dark', 'Y', 'admin', '2018-03-16 11:33:00', 'ry', '2018-03-16 11:33:00', '深黑主题theme-dark，浅色主题theme-light，深蓝主题theme-blue');
INSERT INTO `sys_config` VALUES (4, '账号自助-是否开启用户注册功能', 'sys.account.registerUser', 'false', 'Y', 'admin', '2018-03-16 11:33:00', 'ry', '2018-03-16 11:33:00', '是否开启注册用户功能');
INSERT INTO `sys_config` VALUES (5, '用户管理-密码字符范围', 'sys.account.chrtype', '0', 'Y', 'admin', '2018-03-16 11:33:00', 'ry', '2018-03-16 11:33:00', '默认任意字符范围，0任意（密码可以输入任意字符），1数字（密码只能为0-9数字），2英文字母（密码只能为a-z和A-Z字母），3字母和数字（密码必须包含字母，数字）,4字母数组和特殊字符（密码必须包含字母，数字，特殊字符-_）');

-- ----------------------------
-- Table structure for sys_dept
-- ----------------------------
DROP TABLE IF EXISTS `sys_dept`;
CREATE TABLE `sys_dept`  (
  `dept_id` bigint(20) NOT NULL AUTO_INCREMENT COMMENT '部门id',
  `parent_id` bigint(20) NULL DEFAULT 0 COMMENT '父部门id',
  `ancestors` varchar(50) CHARACTER SET utf8 COLLATE utf8_general_ci NULL DEFAULT '' COMMENT '祖级列表',
  `dept_name` varchar(30) CHARACTER SET utf8 COLLATE utf8_general_ci NULL DEFAULT '' COMMENT '部门名称',
  `order_num` int(4) NULL DEFAULT 0 COMMENT '显示顺序',
  `leader` varchar(20) CHARACTER SET utf8 COLLATE utf8_general_ci NULL DEFAULT NULL COMMENT '负责人',
  `phone` varchar(11) CHARACTER SET utf8 COLLATE utf8_general_ci NULL DEFAULT NULL COMMENT '联系电话',
  `email` varchar(50) CHARACTER SET utf8 COLLATE utf8_general_ci NULL DEFAULT NULL COMMENT '邮箱',
  `status` char(1) CHARACTER SET utf8 COLLATE utf8_general_ci NULL DEFAULT '0' COMMENT '部门状态（0正常 1停用）',
  `del_flag` char(1) CHARACTER SET utf8 COLLATE utf8_general_ci NULL DEFAULT '0' COMMENT '删除标志（0代表存在 2代表删除）',
  `create_by` varchar(64) CHARACTER SET utf8 COLLATE utf8_general_ci NULL DEFAULT '' COMMENT '创建者',
  `create_time` datetime(0) NULL DEFAULT NULL COMMENT '创建时间',
  `update_by` varchar(64) CHARACTER SET utf8 COLLATE utf8_general_ci NULL DEFAULT '' COMMENT '更新者',
  `update_time` datetime(0) NULL DEFAULT NULL COMMENT '更新时间',
  PRIMARY KEY (`dept_id`) USING BTREE
) ENGINE = InnoDB AUTO_INCREMENT = 110 CHARACTER SET = utf8 COLLATE = utf8_general_ci COMMENT = '部门表' ROW_FORMAT = Dynamic;

-- ----------------------------
-- Records of sys_dept
-- ----------------------------
INSERT INTO `sys_dept` VALUES (100, 0, '0', '若依科技', 0, '若依', '15888888888', 'ry@qq.com', '0', '0', 'admin', '2018-03-16 11:33:00', 'ry', '2018-03-16 11:33:00');
INSERT INTO `sys_dept` VALUES (101, 100, '0,100', '深圳总公司', 1, '若依', '15888888888', 'ry@qq.com', '0', '0', 'admin', '2018-03-16 11:33:00', 'ry', '2018-03-16 11:33:00');
INSERT INTO `sys_dept` VALUES (102, 100, '0,100', '长沙分公司', 2, '若依', '15888888888', 'ry@qq.com', '0', '0', 'admin', '2018-03-16 11:33:00', 'ry', '2018-03-16 11:33:00');
INSERT INTO `sys_dept` VALUES (103, 101, '0,100,101', '研发部门', 1, '若依', '15888888888', 'ry@qq.com', '0', '0', 'admin', '2018-03-16 11:33:00', 'ry', '2018-03-16 11:33:00');
INSERT INTO `sys_dept` VALUES (104, 101, '0,100,101', '市场部门', 2, '若依', '15888888888', 'ry@qq.com', '0', '0', 'admin', '2018-03-16 11:33:00', 'ry', '2018-03-16 11:33:00');
INSERT INTO `sys_dept` VALUES (105, 101, '0,100,101', '测试部门', 3, '若依', '15888888888', 'ry@qq.com', '0', '0', 'admin', '2018-03-16 11:33:00', 'ry', '2018-03-16 11:33:00');
INSERT INTO `sys_dept` VALUES (106, 101, '0,100,101', '财务部门', 4, '若依', '15888888888', 'ry@qq.com', '0', '0', 'admin', '2018-03-16 11:33:00', 'ry', '2018-03-16 11:33:00');
INSERT INTO `sys_dept` VALUES (107, 101, '0,100,101', '运维部门', 5, '若依', '15888888888', 'ry@qq.com', '0', '0', 'admin', '2018-03-16 11:33:00', 'ry', '2018-03-16 11:33:00');
INSERT INTO `sys_dept` VALUES (108, 102, '0,100,102', '市场部门', 1, '若依', '15888888888', 'ry@qq.com', '0', '0', 'admin', '2018-03-16 11:33:00', 'ry', '2018-03-16 11:33:00');
INSERT INTO `sys_dept` VALUES (109, 102, '0,100,102', '财务部门', 2, '若依', '15888888888', 'ry@qq.com', '0', '0', 'admin', '2018-03-16 11:33:00', 'ry', '2018-03-16 11:33:00');

-- ----------------------------
-- Table structure for sys_dict_data
-- ----------------------------
DROP TABLE IF EXISTS `sys_dict_data`;
CREATE TABLE `sys_dict_data`  (
  `dict_code` bigint(20) NOT NULL AUTO_INCREMENT COMMENT '字典编码',
  `dict_sort` int(4) NULL DEFAULT 0 COMMENT '字典排序',
  `dict_label` varchar(100) CHARACTER SET utf8 COLLATE utf8_general_ci NULL DEFAULT '' COMMENT '字典标签',
  `dict_value` varchar(100) CHARACTER SET utf8 COLLATE utf8_general_ci NULL DEFAULT '' COMMENT '字典键值',
  `dict_type` varchar(100) CHARACTER SET utf8 COLLATE utf8_general_ci NULL DEFAULT '' COMMENT '字典类型',
  `css_class` varchar(100) CHARACTER SET utf8 COLLATE utf8_general_ci NULL DEFAULT NULL COMMENT '样式属性（其他样式扩展）',
  `list_class` varchar(100) CHARACTER SET utf8 COLLATE utf8_general_ci NULL DEFAULT NULL COMMENT '表格回显样式',
  `is_default` char(1) CHARACTER SET utf8 COLLATE utf8_general_ci NULL DEFAULT 'N' COMMENT '是否默认（Y是 N否）',
  `status` char(1) CHARACTER SET utf8 COLLATE utf8_general_ci NULL DEFAULT '0' COMMENT '状态（0正常 1停用）',
  `create_by` varchar(64) CHARACTER SET utf8 COLLATE utf8_general_ci NULL DEFAULT '' COMMENT '创建者',
  `create_time` datetime(0) NULL DEFAULT NULL COMMENT '创建时间',
  `update_by` varchar(64) CHARACTER SET utf8 COLLATE utf8_general_ci NULL DEFAULT '' COMMENT '更新者',
  `update_time` datetime(0) NULL DEFAULT NULL COMMENT '更新时间',
  `remark` varchar(500) CHARACTER SET utf8 COLLATE utf8_general_ci NULL DEFAULT NULL COMMENT '备注',
  PRIMARY KEY (`dict_code`) USING BTREE
) ENGINE = InnoDB AUTO_INCREMENT = 34 CHARACTER SET = utf8 COLLATE = utf8_general_ci COMMENT = '字典数据表' ROW_FORMAT = Dynamic;

-- ----------------------------
-- Records of sys_dict_data
-- ----------------------------
INSERT INTO `sys_dict_data` VALUES (1, 1, '男', '0', 'sys_user_sex', '', '', 'Y', '0', 'admin', '2018-03-16 11:33:00', 'ry', '2018-03-16 11:33:00', '性别男');
INSERT INTO `sys_dict_data` VALUES (2, 2, '女', '1', 'sys_user_sex', '', '', 'N', '0', 'admin', '2018-03-16 11:33:00', 'ry', '2018-03-16 11:33:00', '性别女');
INSERT INTO `sys_dict_data` VALUES (3, 3, '未知', '2', 'sys_user_sex', '', '', 'N', '0', 'admin', '2018-03-16 11:33:00', 'ry', '2018-03-16 11:33:00', '性别未知');
INSERT INTO `sys_dict_data` VALUES (4, 1, '显示', '0', 'sys_show_hide', '', 'primary', 'Y', '0', 'admin', '2018-03-16 11:33:00', 'ry', '2018-03-16 11:33:00', '显示菜单');
INSERT INTO `sys_dict_data` VALUES (5, 2, '隐藏', '1', 'sys_show_hide', '', 'danger', 'N', '0', 'admin', '2018-03-16 11:33:00', 'ry', '2018-03-16 11:33:00', '隐藏菜单');
INSERT INTO `sys_dict_data` VALUES (6, 1, '正常', '0', 'sys_normal_disable', '', 'primary', 'Y', '0', 'admin', '2018-03-16 11:33:00', 'ry', '2018-03-16 11:33:00', '正常状态');
INSERT INTO `sys_dict_data` VALUES (7, 2, '停用', '1', 'sys_normal_disable', '', 'danger', 'N', '0', 'admin', '2018-03-16 11:33:00', 'ry', '2018-03-16 11:33:00', '停用状态');
INSERT INTO `sys_dict_data` VALUES (8, 1, '正常', '0', 'sys_job_status', '', 'primary', 'Y', '0', 'admin', '2018-03-16 11:33:00', 'ry', '2018-03-16 11:33:00', '正常状态');
INSERT INTO `sys_dict_data` VALUES (9, 2, '暂停', '1', 'sys_job_status', '', 'danger', 'N', '0', 'admin', '2018-03-16 11:33:00', 'ry', '2018-03-16 11:33:00', '停用状态');
INSERT INTO `sys_dict_data` VALUES (10, 1, '默认', 'DEFAULT', 'sys_job_group', '', '', 'Y', '0', 'admin', '2018-03-16 11:33:00', 'ry', '2018-03-16 11:33:00', '默认分组');
INSERT INTO `sys_dict_data` VALUES (11, 2, '系统', 'SYSTEM', 'sys_job_group', '', '', 'N', '0', 'admin', '2018-03-16 11:33:00', 'ry', '2018-03-16 11:33:00', '系统分组');
INSERT INTO `sys_dict_data` VALUES (12, 1, '是', 'Y', 'sys_yes_no', '', 'primary', 'Y', '0', 'admin', '2018-03-16 11:33:00', 'ry', '2018-03-16 11:33:00', '系统默认是');
INSERT INTO `sys_dict_data` VALUES (13, 2, '否', 'N', 'sys_yes_no', '', 'danger', 'N', '0', 'admin', '2018-03-16 11:33:00', 'ry', '2018-03-16 11:33:00', '系统默认否');
INSERT INTO `sys_dict_data` VALUES (14, 1, '通知', '1', 'sys_notice_type', '', 'warning', 'Y', '0', 'admin', '2018-03-16 11:33:00', 'ry', '2018-03-16 11:33:00', '通知');
INSERT INTO `sys_dict_data` VALUES (15, 2, '公告', '2', 'sys_notice_type', '', 'success', 'N', '0', 'admin', '2018-03-16 11:33:00', 'ry', '2018-03-16 11:33:00', '公告');
INSERT INTO `sys_dict_data` VALUES (16, 1, '正常', '0', 'sys_notice_status', '', 'primary', 'Y', '0', 'admin', '2018-03-16 11:33:00', 'ry', '2018-03-16 11:33:00', '正常状态');
INSERT INTO `sys_dict_data` VALUES (17, 2, '关闭', '1', 'sys_notice_status', '', 'danger', 'N', '0', 'admin', '2018-03-16 11:33:00', 'ry', '2018-03-16 11:33:00', '关闭状态');
INSERT INTO `sys_dict_data` VALUES (18, 99, '其他', '0', 'sys_oper_type', '', 'info', 'N', '0', 'admin', '2018-03-16 11:33:00', 'ry', '2018-03-16 11:33:00', '其他操作');
INSERT INTO `sys_dict_data` VALUES (19, 1, '新增', '1', 'sys_oper_type', '', 'info', 'N', '0', 'admin', '2018-03-16 11:33:00', 'ry', '2018-03-16 11:33:00', '新增操作');
INSERT INTO `sys_dict_data` VALUES (20, 2, '修改', '2', 'sys_oper_type', '', 'info', 'N', '0', 'admin', '2018-03-16 11:33:00', 'ry', '2018-03-16 11:33:00', '修改操作');
INSERT INTO `sys_dict_data` VALUES (21, 3, '删除', '3', 'sys_oper_type', '', 'danger', 'N', '0', 'admin', '2018-03-16 11:33:00', 'ry', '2018-03-16 11:33:00', '删除操作');
INSERT INTO `sys_dict_data` VALUES (22, 4, '授权', '4', 'sys_oper_type', '', 'primary', 'N', '0', 'admin', '2018-03-16 11:33:00', 'ry', '2018-03-16 11:33:00', '授权操作');
INSERT INTO `sys_dict_data` VALUES (23, 5, '导出', '5', 'sys_oper_type', '', 'warning', 'N', '0', 'admin', '2018-03-16 11:33:00', 'ry', '2018-03-16 11:33:00', '导出操作');
INSERT INTO `sys_dict_data` VALUES (24, 6, '导入', '6', 'sys_oper_type', '', 'warning', 'N', '0', 'admin', '2018-03-16 11:33:00', 'ry', '2018-03-16 11:33:00', '导入操作');
INSERT INTO `sys_dict_data` VALUES (25, 7, '强退', '7', 'sys_oper_type', '', 'danger', 'N', '0', 'admin', '2018-03-16 11:33:00', 'ry', '2018-03-16 11:33:00', '强退操作');
INSERT INTO `sys_dict_data` VALUES (26, 8, '生成代码', '8', 'sys_oper_type', '', 'warning', 'N', '0', 'admin', '2018-03-16 11:33:00', 'ry', '2018-03-16 11:33:00', '生成操作');
INSERT INTO `sys_dict_data` VALUES (27, 9, '清空数据', '9', 'sys_oper_type', '', 'danger', 'N', '0', 'admin', '2018-03-16 11:33:00', 'ry', '2018-03-16 11:33:00', '清空操作');
INSERT INTO `sys_dict_data` VALUES (28, 1, '成功', '0', 'sys_common_status', '', 'primary', 'N', '0', 'admin', '2018-03-16 11:33:00', 'ry', '2018-03-16 11:33:00', '正常状态');
INSERT INTO `sys_dict_data` VALUES (29, 2, '失败', '1', 'sys_common_status', '', 'danger', 'N', '0', 'admin', '2018-03-16 11:33:00', 'ry', '2018-03-16 11:33:00', '停用状态');
INSERT INTO `sys_dict_data` VALUES (30, 3, '正常', '0', 'status', '', '', 'Y', '0', 'admin', '2020-09-06 15:07:54', 'admin', '2020-09-12 15:35:01', '');
INSERT INTO `sys_dict_data` VALUES (31, 2, '停用', '1', 'status', '', '', 'Y', '0', 'admin', '2020-09-06 15:08:09', 'admin', '2020-09-06 15:09:43', '');
INSERT INTO `sys_dict_data` VALUES (32, 1, '图片', '1', 'material_type', NULL, NULL, 'Y', '0', 'admin', '2020-09-07 16:44:25', '', NULL, NULL);
INSERT INTO `sys_dict_data` VALUES (33, 1, '视频', '2', 'material_type', NULL, NULL, 'Y', '0', 'admin', '2020-09-07 16:44:33', '', NULL, NULL);

-- ----------------------------
-- Table structure for sys_dict_type
-- ----------------------------
DROP TABLE IF EXISTS `sys_dict_type`;
CREATE TABLE `sys_dict_type`  (
  `dict_id` bigint(20) NOT NULL AUTO_INCREMENT COMMENT '字典主键',
  `dict_name` varchar(100) CHARACTER SET utf8 COLLATE utf8_general_ci NULL DEFAULT '' COMMENT '字典名称',
  `dict_type` varchar(100) CHARACTER SET utf8 COLLATE utf8_general_ci NULL DEFAULT '' COMMENT '字典类型',
  `status` char(1) CHARACTER SET utf8 COLLATE utf8_general_ci NULL DEFAULT '0' COMMENT '状态（0正常 1停用）',
  `create_by` varchar(64) CHARACTER SET utf8 COLLATE utf8_general_ci NULL DEFAULT '' COMMENT '创建者',
  `create_time` datetime(0) NULL DEFAULT NULL COMMENT '创建时间',
  `update_by` varchar(64) CHARACTER SET utf8 COLLATE utf8_general_ci NULL DEFAULT '' COMMENT '更新者',
  `update_time` datetime(0) NULL DEFAULT NULL COMMENT '更新时间',
  `remark` varchar(500) CHARACTER SET utf8 COLLATE utf8_general_ci NULL DEFAULT NULL COMMENT '备注',
  PRIMARY KEY (`dict_id`) USING BTREE,
  UNIQUE INDEX `dict_type`(`dict_type`) USING BTREE
) ENGINE = InnoDB AUTO_INCREMENT = 13 CHARACTER SET = utf8 COLLATE = utf8_general_ci COMMENT = '字典类型表' ROW_FORMAT = Dynamic;

-- ----------------------------
-- Records of sys_dict_type
-- ----------------------------
INSERT INTO `sys_dict_type` VALUES (1, '用户性别', 'sys_user_sex', '0', 'admin', '2018-03-16 11:33:00', 'ry', '2018-03-16 11:33:00', '用户性别列表');
INSERT INTO `sys_dict_type` VALUES (2, '菜单状态', 'sys_show_hide', '0', 'admin', '2018-03-16 11:33:00', 'ry', '2018-03-16 11:33:00', '菜单状态列表');
INSERT INTO `sys_dict_type` VALUES (3, '系统开关', 'sys_normal_disable', '0', 'admin', '2018-03-16 11:33:00', 'ry', '2018-03-16 11:33:00', '系统开关列表');
INSERT INTO `sys_dict_type` VALUES (4, '任务状态', 'sys_job_status', '0', 'admin', '2018-03-16 11:33:00', 'ry', '2018-03-16 11:33:00', '任务状态列表');
INSERT INTO `sys_dict_type` VALUES (5, '任务分组', 'sys_job_group', '0', 'admin', '2018-03-16 11:33:00', 'ry', '2018-03-16 11:33:00', '任务分组列表');
INSERT INTO `sys_dict_type` VALUES (6, '系统是否', 'sys_yes_no', '0', 'admin', '2018-03-16 11:33:00', 'ry', '2018-03-16 11:33:00', '系统是否列表');
INSERT INTO `sys_dict_type` VALUES (7, '通知类型', 'sys_notice_type', '0', 'admin', '2018-03-16 11:33:00', 'ry', '2018-03-16 11:33:00', '通知类型列表');
INSERT INTO `sys_dict_type` VALUES (8, '通知状态', 'sys_notice_status', '0', 'admin', '2018-03-16 11:33:00', 'ry', '2018-03-16 11:33:00', '通知状态列表');
INSERT INTO `sys_dict_type` VALUES (9, '操作类型', 'sys_oper_type', '0', 'admin', '2018-03-16 11:33:00', 'ry', '2018-03-16 11:33:00', '操作类型列表');
INSERT INTO `sys_dict_type` VALUES (10, '系统状态', 'sys_common_status', '0', 'admin', '2018-03-16 11:33:00', 'ry', '2018-03-16 11:33:00', '登录状态列表');
INSERT INTO `sys_dict_type` VALUES (11, '状态', 'status', '0', 'admin', '2020-09-06 15:07:36', '', NULL, NULL);
INSERT INTO `sys_dict_type` VALUES (12, '素材类型', 'material_type', '0', 'admin', '2020-09-07 16:44:08', '', NULL, NULL);

-- ----------------------------
-- Table structure for sys_job
-- ----------------------------
DROP TABLE IF EXISTS `sys_job`;
CREATE TABLE `sys_job`  (
  `job_id` bigint(20) NOT NULL AUTO_INCREMENT COMMENT '任务ID',
  `job_name` varchar(64) CHARACTER SET utf8 COLLATE utf8_general_ci NOT NULL DEFAULT '' COMMENT '任务名称',
  `job_group` varchar(64) CHARACTER SET utf8 COLLATE utf8_general_ci NOT NULL DEFAULT 'DEFAULT' COMMENT '任务组名',
  `invoke_target` varchar(500) CHARACTER SET utf8 COLLATE utf8_general_ci NOT NULL COMMENT '调用目标字符串',
  `cron_expression` varchar(255) CHARACTER SET utf8 COLLATE utf8_general_ci NULL DEFAULT '' COMMENT 'cron执行表达式',
  `misfire_policy` varchar(20) CHARACTER SET utf8 COLLATE utf8_general_ci NULL DEFAULT '3' COMMENT '计划执行错误策略（1立即执行 2执行一次 3放弃执行）',
  `concurrent` char(1) CHARACTER SET utf8 COLLATE utf8_general_ci NULL DEFAULT '1' COMMENT '是否并发执行（0允许 1禁止）',
  `status` char(1) CHARACTER SET utf8 COLLATE utf8_general_ci NULL DEFAULT '0' COMMENT '状态（0正常 1暂停）',
  `create_by` varchar(64) CHARACTER SET utf8 COLLATE utf8_general_ci NULL DEFAULT '' COMMENT '创建者',
  `create_time` datetime(0) NULL DEFAULT NULL COMMENT '创建时间',
  `update_by` varchar(64) CHARACTER SET utf8 COLLATE utf8_general_ci NULL DEFAULT '' COMMENT '更新者',
  `update_time` datetime(0) NULL DEFAULT NULL COMMENT '更新时间',
  `remark` varchar(500) CHARACTER SET utf8 COLLATE utf8_general_ci NULL DEFAULT '' COMMENT '备注信息',
  PRIMARY KEY (`job_id`, `job_name`, `job_group`) USING BTREE
) ENGINE = InnoDB AUTO_INCREMENT = 4 CHARACTER SET = utf8 COLLATE = utf8_general_ci COMMENT = '定时任务调度表' ROW_FORMAT = Dynamic;

-- ----------------------------
-- Records of sys_job
-- ----------------------------
INSERT INTO `sys_job` VALUES (1, '系统默认（无参）', 'DEFAULT', 'ryTask.ryNoParams', '0/10 * * * * ?', '3', '1', '1', 'admin', '2018-03-16 11:33:00', 'ry', '2018-03-16 11:33:00', '');
INSERT INTO `sys_job` VALUES (2, '系统默认（有参）', 'DEFAULT', 'ryTask.ryParams(\'ry\')', '0/15 * * * * ?', '3', '1', '1', 'admin', '2018-03-16 11:33:00', 'ry', '2018-03-16 11:33:00', '');
INSERT INTO `sys_job` VALUES (3, '系统默认（多参）', 'DEFAULT', 'ryTask.ryMultipleParams(\'ry\', true, 2000L, 316.50D, 100)', '0/20 * * * * ?', '3', '1', '1', 'admin', '2018-03-16 11:33:00', 'ry', '2018-03-16 11:33:00', '');

-- ----------------------------
-- Table structure for sys_job_log
-- ----------------------------
DROP TABLE IF EXISTS `sys_job_log`;
CREATE TABLE `sys_job_log`  (
  `job_log_id` bigint(20) NOT NULL AUTO_INCREMENT COMMENT '任务日志ID',
  `job_name` varchar(64) CHARACTER SET utf8 COLLATE utf8_general_ci NOT NULL COMMENT '任务名称',
  `job_group` varchar(64) CHARACTER SET utf8 COLLATE utf8_general_ci NOT NULL COMMENT '任务组名',
  `invoke_target` varchar(500) CHARACTER SET utf8 COLLATE utf8_general_ci NOT NULL COMMENT '调用目标字符串',
  `job_message` varchar(500) CHARACTER SET utf8 COLLATE utf8_general_ci NULL DEFAULT NULL COMMENT '日志信息',
  `status` char(1) CHARACTER SET utf8 COLLATE utf8_general_ci NULL DEFAULT '0' COMMENT '执行状态（0正常 1失败）',
  `exception_info` varchar(2000) CHARACTER SET utf8 COLLATE utf8_general_ci NULL DEFAULT '' COMMENT '异常信息',
  `create_time` datetime(0) NULL DEFAULT NULL COMMENT '创建时间',
  PRIMARY KEY (`job_log_id`) USING BTREE
) ENGINE = InnoDB AUTO_INCREMENT = 1 CHARACTER SET = utf8 COLLATE = utf8_general_ci COMMENT = '定时任务调度日志表' ROW_FORMAT = Dynamic;

-- ----------------------------
-- Records of sys_job_log
-- ----------------------------

-- ----------------------------
-- Table structure for sys_logininfor
-- ----------------------------
DROP TABLE IF EXISTS `sys_logininfor`;
CREATE TABLE `sys_logininfor`  (
  `info_id` bigint(20) NOT NULL AUTO_INCREMENT COMMENT '访问ID',
  `login_name` varchar(50) CHARACTER SET utf8 COLLATE utf8_general_ci NULL DEFAULT '' COMMENT '登录账号',
  `ipaddr` varchar(50) CHARACTER SET utf8 COLLATE utf8_general_ci NULL DEFAULT '' COMMENT '登录IP地址',
  `login_location` varchar(255) CHARACTER SET utf8 COLLATE utf8_general_ci NULL DEFAULT '' COMMENT '登录地点',
  `browser` varchar(50) CHARACTER SET utf8 COLLATE utf8_general_ci NULL DEFAULT '' COMMENT '浏览器类型',
  `os` varchar(50) CHARACTER SET utf8 COLLATE utf8_general_ci NULL DEFAULT '' COMMENT '操作系统',
  `status` char(1) CHARACTER SET utf8 COLLATE utf8_general_ci NULL DEFAULT '0' COMMENT '登录状态（0成功 1失败）',
  `msg` varchar(255) CHARACTER SET utf8 COLLATE utf8_general_ci NULL DEFAULT '' COMMENT '提示消息',
  `login_time` datetime(0) NULL DEFAULT NULL COMMENT '访问时间',
  PRIMARY KEY (`info_id`) USING BTREE
) ENGINE = InnoDB AUTO_INCREMENT = 197 CHARACTER SET = utf8 COLLATE = utf8_general_ci COMMENT = '系统访问记录' ROW_FORMAT = Dynamic;

-- ----------------------------
-- Records of sys_logininfor
-- ----------------------------
INSERT INTO `sys_logininfor` VALUES (100, 'admin', '127.0.0.1', '内网IP', 'Chrome 8', 'Windows 10', '0', '登录成功', '2020-09-05 10:16:07');
INSERT INTO `sys_logininfor` VALUES (101, 'admin', '127.0.0.1', '内网IP', 'Chrome 8', 'Windows 10', '0', '登录成功', '2020-09-05 10:18:46');
INSERT INTO `sys_logininfor` VALUES (102, 'admin', '127.0.0.1', '内网IP', 'Chrome 8', 'Windows 10', '1', '验证码错误', '2020-09-05 12:22:53');
INSERT INTO `sys_logininfor` VALUES (103, 'admin', '127.0.0.1', '内网IP', 'Chrome 8', 'Windows 10', '1', '验证码错误', '2020-09-05 12:22:56');
INSERT INTO `sys_logininfor` VALUES (104, 'admin', '127.0.0.1', '内网IP', 'Chrome 8', 'Windows 10', '0', '登录成功', '2020-09-05 12:22:58');
INSERT INTO `sys_logininfor` VALUES (105, 'admin', '127.0.0.1', '内网IP', 'Chrome 8', 'Windows 10', '0', '登录成功', '2020-09-05 15:32:01');
INSERT INTO `sys_logininfor` VALUES (106, 'admin', '127.0.0.1', '内网IP', 'Chrome 8', 'Windows 10', '0', '登录成功', '2020-09-05 16:26:10');
INSERT INTO `sys_logininfor` VALUES (107, 'admin', '192.168.3.20', '内网IP', 'Chrome 8', 'Windows 10', '1', '验证码错误', '2020-09-05 18:00:02');
INSERT INTO `sys_logininfor` VALUES (108, 'admin', '192.168.3.20', '内网IP', 'Chrome 8', 'Windows 10', '0', '登录成功', '2020-09-05 18:00:04');
INSERT INTO `sys_logininfor` VALUES (109, 'admin', '127.0.0.1', '内网IP', 'Chrome 8', 'Windows 10', '0', '登录成功', '2020-09-06 12:58:41');
INSERT INTO `sys_logininfor` VALUES (110, 'admin', '127.0.0.1', '内网IP', 'Chrome 8', 'Windows 10', '1', '验证码错误', '2020-09-06 14:55:14');
INSERT INTO `sys_logininfor` VALUES (111, 'admin', '127.0.0.1', '内网IP', 'Chrome 8', 'Windows 10', '0', '登录成功', '2020-09-06 14:55:17');
INSERT INTO `sys_logininfor` VALUES (112, 'admin', '127.0.0.1', '内网IP', 'Chrome 8', 'Windows 10', '0', '登录成功', '2020-09-06 16:56:09');
INSERT INTO `sys_logininfor` VALUES (113, 'admin', '127.0.0.1', '内网IP', 'Chrome 8', 'Windows 10', '0', '登录成功', '2020-09-06 17:35:51');
INSERT INTO `sys_logininfor` VALUES (114, 'admin', '127.0.0.1', '内网IP', 'Chrome 8', 'Windows 10', '0', '登录成功', '2020-09-06 18:27:01');
INSERT INTO `sys_logininfor` VALUES (115, 'admin', '127.0.0.1', '内网IP', 'Chrome 8', 'Windows 10', '0', '登录成功', '2020-09-06 20:24:53');
INSERT INTO `sys_logininfor` VALUES (116, 'admin', '127.0.0.1', '内网IP', 'Chrome 8', 'Windows 10', '0', '登录成功', '2020-09-07 10:09:12');
INSERT INTO `sys_logininfor` VALUES (117, 'admin', '127.0.0.1', '内网IP', 'Chrome 8', 'Windows 10', '0', '登录成功', '2020-09-07 10:11:39');
INSERT INTO `sys_logininfor` VALUES (118, 'admin', '127.0.0.1', '内网IP', 'Chrome 8', 'Windows 10', '0', '退出成功', '2020-09-07 10:11:46');
INSERT INTO `sys_logininfor` VALUES (119, 'admin', '127.0.0.1', '内网IP', 'Chrome 8', 'Windows 10', '0', '登录成功', '2020-09-07 10:14:43');
INSERT INTO `sys_logininfor` VALUES (120, 'admin', '127.0.0.1', '内网IP', 'Chrome 8', 'Windows 10', '0', '退出成功', '2020-09-07 10:16:15');
INSERT INTO `sys_logininfor` VALUES (121, 'admin', '127.0.0.1', '内网IP', 'Chrome 8', 'Windows 10', '0', '登录成功', '2020-09-07 10:16:23');
INSERT INTO `sys_logininfor` VALUES (122, 'admin', '127.0.0.1', '内网IP', 'Chrome 8', 'Windows 10', '0', '登录成功', '2020-09-07 10:17:23');
INSERT INTO `sys_logininfor` VALUES (123, 'admin', '127.0.0.1', '内网IP', 'Chrome 8', 'Windows 10', '0', '退出成功', '2020-09-07 10:20:23');
INSERT INTO `sys_logininfor` VALUES (124, 'admin', '127.0.0.1', '内网IP', 'Chrome 8', 'Windows 10', '1', '验证码错误', '2020-09-07 10:20:27');
INSERT INTO `sys_logininfor` VALUES (125, 'admin', '127.0.0.1', '内网IP', 'Chrome 8', 'Windows 10', '1', '验证码错误', '2020-09-07 10:20:36');
INSERT INTO `sys_logininfor` VALUES (126, 'admin', '127.0.0.1', '内网IP', 'Chrome 8', 'Windows 10', '0', '登录成功', '2020-09-07 10:29:26');
INSERT INTO `sys_logininfor` VALUES (127, 'admin', '127.0.0.1', '内网IP', 'Chrome 8', 'Windows 10', '0', '退出成功', '2020-09-07 10:29:38');
INSERT INTO `sys_logininfor` VALUES (128, 'admin', '127.0.0.1', '内网IP', 'Chrome 8', 'Windows 10', '0', '登录成功', '2020-09-07 10:29:53');
INSERT INTO `sys_logininfor` VALUES (129, 'admin', '127.0.0.1', '内网IP', 'Chrome 8', 'Windows 10', '0', '登录成功', '2020-09-07 10:30:00');
INSERT INTO `sys_logininfor` VALUES (130, 'admin', '127.0.0.1', '内网IP', 'Chrome 8', 'Windows 10', '0', '登录成功', '2020-09-07 10:32:35');
INSERT INTO `sys_logininfor` VALUES (131, 'admin', '127.0.0.1', '内网IP', 'Chrome 8', 'Windows 10', '1', '验证码错误', '2020-09-07 10:32:50');
INSERT INTO `sys_logininfor` VALUES (132, 'admin', '127.0.0.1', '内网IP', 'Chrome 8', 'Windows 10', '0', '登录成功', '2020-09-07 10:33:02');
INSERT INTO `sys_logininfor` VALUES (133, 'admin', '127.0.0.1', '内网IP', 'Chrome 8', 'Windows 10', '0', '登录成功', '2020-09-07 12:14:01');
INSERT INTO `sys_logininfor` VALUES (134, 'admin', '127.0.0.1', '内网IP', 'Chrome 8', 'Windows 10', '1', '验证码错误', '2020-09-07 16:25:10');
INSERT INTO `sys_logininfor` VALUES (135, 'admin', '127.0.0.1', '内网IP', 'Chrome 8', 'Windows 10', '0', '登录成功', '2020-09-07 16:25:16');
INSERT INTO `sys_logininfor` VALUES (136, 'admin', '127.0.0.1', '内网IP', 'Chrome 8', 'Windows 10', '0', '登录成功', '2020-09-07 17:48:06');
INSERT INTO `sys_logininfor` VALUES (137, 'admin', '127.0.0.1', '内网IP', 'Chrome 8', 'Windows 10', '0', '登录成功', '2020-09-07 18:57:20');
INSERT INTO `sys_logininfor` VALUES (138, 'admin', '127.0.0.1', '内网IP', 'Chrome 8', 'Windows 10', '0', '登录成功', '2020-09-08 09:49:58');
INSERT INTO `sys_logininfor` VALUES (139, 'admin', '127.0.0.1', '内网IP', 'Chrome 8', 'Windows 10', '0', '登录成功', '2020-09-08 14:23:34');
INSERT INTO `sys_logininfor` VALUES (140, 'admin', '127.0.0.1', '内网IP', 'Chrome 8', 'Windows 10', '0', '登录成功', '2020-09-08 15:48:08');
INSERT INTO `sys_logininfor` VALUES (141, 'admin', '127.0.0.1', '内网IP', 'Chrome 8', 'Windows 10', '0', '登录成功', '2020-09-08 15:52:08');
INSERT INTO `sys_logininfor` VALUES (142, 'test', '127.0.0.1', '内网IP', 'Chrome 8', 'Windows 10', '0', '登录成功', '2020-09-08 15:52:30');
INSERT INTO `sys_logininfor` VALUES (143, 'test', '127.0.0.1', '内网IP', 'Chrome 8', 'Windows 10', '0', '退出成功', '2020-09-08 15:56:08');
INSERT INTO `sys_logininfor` VALUES (144, 'test', '127.0.0.1', '内网IP', 'Chrome 8', 'Windows 10', '0', '登录成功', '2020-09-08 15:56:14');
INSERT INTO `sys_logininfor` VALUES (145, 'test', '127.0.0.1', '内网IP', 'Chrome 8', 'Windows 10', '0', '退出成功', '2020-09-08 15:56:23');
INSERT INTO `sys_logininfor` VALUES (146, 'test', '127.0.0.1', '内网IP', 'Chrome 8', 'Windows 10', '0', '登录成功', '2020-09-08 15:56:30');
INSERT INTO `sys_logininfor` VALUES (147, 'admin', '127.0.0.1', '内网IP', 'Chrome 8', 'Windows 10', '0', '退出成功', '2020-09-08 16:08:33');
INSERT INTO `sys_logininfor` VALUES (148, 'admin', '127.0.0.1', '内网IP', 'Chrome 8', 'Windows 10', '0', '登录成功', '2020-09-08 16:08:38');
INSERT INTO `sys_logininfor` VALUES (149, 'test', '127.0.0.1', '内网IP', 'Chrome 8', 'Windows 10', '0', '退出成功', '2020-09-08 16:41:08');
INSERT INTO `sys_logininfor` VALUES (150, 'test', '127.0.0.1', '内网IP', 'Chrome 8', 'Windows 10', '1', '验证码错误', '2020-09-08 16:41:13');
INSERT INTO `sys_logininfor` VALUES (151, 'test', '127.0.0.1', '内网IP', 'Chrome 8', 'Windows 10', '0', '登录成功', '2020-09-08 16:41:17');
INSERT INTO `sys_logininfor` VALUES (152, 'admin', '127.0.0.1', '内网IP', 'Chrome 8', 'Windows 10', '0', '登录成功', '2020-09-08 18:08:19');
INSERT INTO `sys_logininfor` VALUES (153, 'admin', '127.0.0.1', '内网IP', 'Chrome 8', 'Windows 10', '0', '登录成功', '2020-09-08 18:08:24');
INSERT INTO `sys_logininfor` VALUES (154, 'admin', '127.0.0.1', '内网IP', 'Chrome 8', 'Windows 10', '1', '验证码错误', '2020-09-08 18:08:27');
INSERT INTO `sys_logininfor` VALUES (155, 'admin', '127.0.0.1', '内网IP', 'Chrome 8', 'Windows 10', '0', '登录成功', '2020-09-08 18:08:30');
INSERT INTO `sys_logininfor` VALUES (156, 'test', '127.0.0.1', '内网IP', 'Chrome 8', 'Windows 10', '0', '登录成功', '2020-09-08 18:08:35');
INSERT INTO `sys_logininfor` VALUES (157, 'admin', '127.0.0.1', '内网IP', 'Chrome 8', 'Windows 10', '1', '验证码错误', '2020-09-09 10:08:49');
INSERT INTO `sys_logininfor` VALUES (158, 'admin', '127.0.0.1', '内网IP', 'Chrome 8', 'Windows 10', '0', '登录成功', '2020-09-09 10:08:53');
INSERT INTO `sys_logininfor` VALUES (159, 'admin', '127.0.0.1', '内网IP', 'Chrome 8', 'Windows 10', '0', '登录成功', '2020-09-09 11:10:09');
INSERT INTO `sys_logininfor` VALUES (160, 'admin', '127.0.0.1', '内网IP', 'Chrome 8', 'Windows 10', '0', '登录成功', '2020-09-09 14:16:30');
INSERT INTO `sys_logininfor` VALUES (161, 'admin', '127.0.0.1', '内网IP', 'Chrome 8', 'Windows 10', '0', '登录成功', '2020-09-09 14:37:07');
INSERT INTO `sys_logininfor` VALUES (162, 'test', '127.0.0.1', '内网IP', 'Chrome 8', 'Windows 10', '0', '登录成功', '2020-09-09 14:37:12');
INSERT INTO `sys_logininfor` VALUES (163, 'admin', '127.0.0.1', '内网IP', 'Chrome 8', 'Windows 10', '1', '验证码错误', '2020-09-09 16:42:07');
INSERT INTO `sys_logininfor` VALUES (164, 'admin', '127.0.0.1', '内网IP', 'Chrome 8', 'Windows 10', '0', '登录成功', '2020-09-09 16:42:11');
INSERT INTO `sys_logininfor` VALUES (165, 'admin', '127.0.0.1', '内网IP', 'Chrome 8', 'Windows 10', '0', '退出成功', '2020-09-09 16:47:29');
INSERT INTO `sys_logininfor` VALUES (166, 'admin', '127.0.0.1', '内网IP', 'Chrome 8', 'Windows 10', '1', '验证码错误', '2020-09-09 16:47:32');
INSERT INTO `sys_logininfor` VALUES (167, 'admin', '127.0.0.1', '内网IP', 'Chrome 8', 'Windows 10', '1', '验证码错误', '2020-09-09 16:47:35');
INSERT INTO `sys_logininfor` VALUES (168, 'admin', '127.0.0.1', '内网IP', 'Chrome 8', 'Windows 10', '1', '验证码错误', '2020-09-09 16:47:36');
INSERT INTO `sys_logininfor` VALUES (169, 'admin', '127.0.0.1', '内网IP', 'Chrome 8', 'Windows 10', '0', '登录成功', '2020-09-09 16:47:40');
INSERT INTO `sys_logininfor` VALUES (170, 'admin', '127.0.0.1', '内网IP', 'Chrome 8', 'Windows 10', '1', '验证码错误', '2020-09-09 16:54:45');
INSERT INTO `sys_logininfor` VALUES (171, 'admin', '127.0.0.1', '内网IP', 'Chrome 8', 'Windows 10', '1', '验证码错误', '2020-09-09 16:54:46');
INSERT INTO `sys_logininfor` VALUES (172, 'admin', '127.0.0.1', '内网IP', 'Chrome 8', 'Windows 10', '0', '登录成功', '2020-09-09 16:54:49');
INSERT INTO `sys_logininfor` VALUES (173, 'admin', '127.0.0.1', '内网IP', 'Chrome 8', 'Windows 10', '0', '登录成功', '2020-09-09 16:54:51');
INSERT INTO `sys_logininfor` VALUES (174, 'test', '127.0.0.1', '内网IP', 'Chrome 8', 'Windows 10', '0', '登录成功', '2020-09-09 16:54:58');
INSERT INTO `sys_logininfor` VALUES (175, 'admin', '127.0.0.1', '内网IP', 'Chrome 8', 'Windows 10', '0', '登录成功', '2020-09-09 17:24:50');
INSERT INTO `sys_logininfor` VALUES (176, 'admin', '127.0.0.1', '内网IP', 'Chrome 8', 'Windows 10', '1', '验证码错误', '2020-09-09 18:31:01');
INSERT INTO `sys_logininfor` VALUES (177, 'admin', '127.0.0.1', '内网IP', 'Chrome 8', 'Windows 10', '0', '登录成功', '2020-09-09 18:31:03');
INSERT INTO `sys_logininfor` VALUES (178, 'admin', '127.0.0.1', '内网IP', 'Chrome 8', 'Windows 10', '0', '登录成功', '2020-09-09 18:31:06');
INSERT INTO `sys_logininfor` VALUES (179, 'admin', '127.0.0.1', '内网IP', 'Chrome 8', 'Windows 10', '1', '验证码错误', '2020-09-09 18:31:23');
INSERT INTO `sys_logininfor` VALUES (180, 'admin', '127.0.0.1', '内网IP', 'Chrome 8', 'Windows 10', '0', '登录成功', '2020-09-09 18:31:25');
INSERT INTO `sys_logininfor` VALUES (181, 'admin', '127.0.0.1', '内网IP', 'Chrome 8', 'Windows 10', '0', '登录成功', '2020-09-10 11:24:58');
INSERT INTO `sys_logininfor` VALUES (182, 'admin', '127.0.0.1', '内网IP', 'Chrome 8', 'Windows 10', '1', '验证码错误', '2020-09-10 13:38:45');
INSERT INTO `sys_logininfor` VALUES (183, 'admin', '127.0.0.1', '内网IP', 'Chrome 8', 'Windows 10', '0', '登录成功', '2020-09-10 13:38:48');
INSERT INTO `sys_logininfor` VALUES (184, 'admin', '127.0.0.1', '内网IP', 'Chrome 8', 'Windows 10', '0', '登录成功', '2020-09-10 15:39:14');
INSERT INTO `sys_logininfor` VALUES (185, 'admin', '127.0.0.1', '内网IP', 'Chrome 8', 'Windows 10', '0', '登录成功', '2020-09-10 16:58:11');
INSERT INTO `sys_logininfor` VALUES (186, 'admin', '127.0.0.1', '内网IP', 'Chrome 8', 'Windows 10', '0', '登录成功', '2020-09-10 18:40:11');
INSERT INTO `sys_logininfor` VALUES (187, 'admin', '127.0.0.1', '内网IP', 'Chrome 8', 'Windows 10', '0', '登录成功', '2020-09-11 10:32:04');
INSERT INTO `sys_logininfor` VALUES (188, 'admin', '127.0.0.1', '内网IP', 'Chrome 8', 'Windows 10', '1', '验证码错误', '2020-09-11 14:11:32');
INSERT INTO `sys_logininfor` VALUES (189, 'admin', '127.0.0.1', '内网IP', 'Chrome 8', 'Windows 10', '0', '登录成功', '2020-09-11 14:11:35');
INSERT INTO `sys_logininfor` VALUES (190, 'admin', '127.0.0.1', '内网IP', 'Chrome 8', 'Windows 10', '0', '登录成功', '2020-09-11 15:46:00');
INSERT INTO `sys_logininfor` VALUES (191, 'admin', '127.0.0.1', '内网IP', 'Chrome 8', 'Windows 10', '0', '登录成功', '2020-09-11 17:10:27');
INSERT INTO `sys_logininfor` VALUES (192, 'admin', '127.0.0.1', '内网IP', 'Chrome 8', 'Windows 10', '0', '登录成功', '2020-09-12 09:54:12');
INSERT INTO `sys_logininfor` VALUES (193, 'admin', '127.0.0.1', '内网IP', 'Chrome 8', 'Windows 10', '1', '验证码错误', '2020-09-12 11:19:12');
INSERT INTO `sys_logininfor` VALUES (194, 'admin', '127.0.0.1', '内网IP', 'Chrome 8', 'Windows 10', '0', '登录成功', '2020-09-12 11:19:16');
INSERT INTO `sys_logininfor` VALUES (195, 'admin', '127.0.0.1', '内网IP', 'Chrome 8', 'Windows 10', '0', '登录成功', '2020-09-12 11:40:33');
INSERT INTO `sys_logininfor` VALUES (196, 'admin', '127.0.0.1', '内网IP', 'Chrome 8', 'Windows 10', '0', '登录成功', '2020-09-12 13:46:18');

-- ----------------------------
-- Table structure for sys_menu
-- ----------------------------
DROP TABLE IF EXISTS `sys_menu`;
CREATE TABLE `sys_menu`  (
  `menu_id` bigint(20) NOT NULL AUTO_INCREMENT COMMENT '菜单ID',
  `menu_name` varchar(50) CHARACTER SET utf8 COLLATE utf8_general_ci NOT NULL COMMENT '菜单名称',
  `parent_id` bigint(20) NULL DEFAULT 0 COMMENT '父菜单ID',
  `order_num` int(4) NULL DEFAULT 0 COMMENT '显示顺序',
  `url` varchar(200) CHARACTER SET utf8 COLLATE utf8_general_ci NULL DEFAULT '#' COMMENT '请求地址',
  `target` varchar(20) CHARACTER SET utf8 COLLATE utf8_general_ci NULL DEFAULT '' COMMENT '打开方式（menuItem页签 menuBlank新窗口）',
  `menu_type` char(1) CHARACTER SET utf8 COLLATE utf8_general_ci NULL DEFAULT '' COMMENT '菜单类型（M目录 C菜单 F按钮）',
  `visible` char(1) CHARACTER SET utf8 COLLATE utf8_general_ci NULL DEFAULT '0' COMMENT '菜单状态（0显示 1隐藏）',
  `perms` varchar(100) CHARACTER SET utf8 COLLATE utf8_general_ci NULL DEFAULT NULL COMMENT '权限标识',
  `icon` varchar(100) CHARACTER SET utf8 COLLATE utf8_general_ci NULL DEFAULT '#' COMMENT '菜单图标',
  `create_by` varchar(64) CHARACTER SET utf8 COLLATE utf8_general_ci NULL DEFAULT '' COMMENT '创建者',
  `create_time` datetime(0) NULL DEFAULT NULL COMMENT '创建时间',
  `update_by` varchar(64) CHARACTER SET utf8 COLLATE utf8_general_ci NULL DEFAULT '' COMMENT '更新者',
  `update_time` datetime(0) NULL DEFAULT NULL COMMENT '更新时间',
  `remark` varchar(500) CHARACTER SET utf8 COLLATE utf8_general_ci NULL DEFAULT '' COMMENT '备注',
  PRIMARY KEY (`menu_id`) USING BTREE
) ENGINE = InnoDB AUTO_INCREMENT = 2008 CHARACTER SET = utf8 COLLATE = utf8_general_ci COMMENT = '菜单权限表' ROW_FORMAT = Dynamic;

-- ----------------------------
-- Records of sys_menu
-- ----------------------------
INSERT INTO `sys_menu` VALUES (1, '系统管理', 0, 1, '#', '', 'M', '0', '', 'fa fa-gear', 'admin', '2018-03-16 11:33:00', 'ry', '2018-03-16 11:33:00', '系统管理目录');
INSERT INTO `sys_menu` VALUES (2, '系统监控', 0, 2, '#', '', 'M', '0', '', 'fa fa-video-camera', 'admin', '2018-03-16 11:33:00', 'ry', '2018-03-16 11:33:00', '系统监控目录');
INSERT INTO `sys_menu` VALUES (3, '系统工具', 0, 3, '#', '', 'M', '0', '', 'fa fa-bars', 'admin', '2018-03-16 11:33:00', 'ry', '2018-03-16 11:33:00', '系统工具目录');
INSERT INTO `sys_menu` VALUES (4, '若依官网', 0, 4, 'http://ruoyi.vip', 'menuBlank', 'C', '0', '', 'fa fa-location-arrow', 'admin', '2018-03-16 11:33:00', 'ry', '2018-03-16 11:33:00', '若依官网地址');
INSERT INTO `sys_menu` VALUES (100, '用户管理', 1, 1, '/system/user', '', 'C', '0', 'system:user:view', 'fa fa-user-o', 'admin', '2018-03-16 11:33:00', 'ry', '2018-03-16 11:33:00', '用户管理菜单');
INSERT INTO `sys_menu` VALUES (101, '角色管理', 1, 2, '/system/role', '', 'C', '0', 'system:role:view', 'fa fa-user-secret', 'admin', '2018-03-16 11:33:00', 'ry', '2018-03-16 11:33:00', '角色管理菜单');
INSERT INTO `sys_menu` VALUES (102, '菜单管理', 1, 3, '/system/menu', '', 'C', '0', 'system:menu:view', 'fa fa-th-list', 'admin', '2018-03-16 11:33:00', 'ry', '2018-03-16 11:33:00', '菜单管理菜单');
INSERT INTO `sys_menu` VALUES (103, '部门管理', 1, 4, '/system/dept', '', 'C', '0', 'system:dept:view', 'fa fa-outdent', 'admin', '2018-03-16 11:33:00', 'ry', '2018-03-16 11:33:00', '部门管理菜单');
INSERT INTO `sys_menu` VALUES (104, '岗位管理', 1, 5, '/system/post', '', 'C', '0', 'system:post:view', 'fa fa-address-card-o', 'admin', '2018-03-16 11:33:00', 'ry', '2018-03-16 11:33:00', '岗位管理菜单');
INSERT INTO `sys_menu` VALUES (105, '字典管理', 1, 6, '/system/dict', '', 'C', '0', 'system:dict:view', 'fa fa-bookmark-o', 'admin', '2018-03-16 11:33:00', 'ry', '2018-03-16 11:33:00', '字典管理菜单');
INSERT INTO `sys_menu` VALUES (106, '参数设置', 1, 7, '/system/config', '', 'C', '0', 'system:config:view', 'fa fa-sun-o', 'admin', '2018-03-16 11:33:00', 'ry', '2018-03-16 11:33:00', '参数设置菜单');
INSERT INTO `sys_menu` VALUES (107, '通知公告', 1, 8, '/system/notice', '', 'C', '0', 'system:notice:view', 'fa fa-bullhorn', 'admin', '2018-03-16 11:33:00', 'ry', '2018-03-16 11:33:00', '通知公告菜单');
INSERT INTO `sys_menu` VALUES (108, '日志管理', 1, 9, '#', '', 'M', '0', '', 'fa fa-pencil-square-o', 'admin', '2018-03-16 11:33:00', 'ry', '2018-03-16 11:33:00', '日志管理菜单');
INSERT INTO `sys_menu` VALUES (109, '在线用户', 2, 1, '/monitor/online', '', 'C', '0', 'monitor:online:view', 'fa fa-user-circle', 'admin', '2018-03-16 11:33:00', 'ry', '2018-03-16 11:33:00', '在线用户菜单');
INSERT INTO `sys_menu` VALUES (110, '定时任务', 2, 2, '/monitor/job', '', 'C', '0', 'monitor:job:view', 'fa fa-tasks', 'admin', '2018-03-16 11:33:00', 'ry', '2018-03-16 11:33:00', '定时任务菜单');
INSERT INTO `sys_menu` VALUES (111, '数据监控', 2, 3, '/monitor/data', '', 'C', '0', 'monitor:data:view', 'fa fa-bug', 'admin', '2018-03-16 11:33:00', 'ry', '2018-03-16 11:33:00', '数据监控菜单');
INSERT INTO `sys_menu` VALUES (112, '服务监控', 2, 3, '/monitor/server', '', 'C', '0', 'monitor:server:view', 'fa fa-server', 'admin', '2018-03-16 11:33:00', 'ry', '2018-03-16 11:33:00', '服务监控菜单');
INSERT INTO `sys_menu` VALUES (113, '表单构建', 3, 1, '/tool/build', '', 'C', '0', 'tool:build:view', 'fa fa-wpforms', 'admin', '2018-03-16 11:33:00', 'ry', '2018-03-16 11:33:00', '表单构建菜单');
INSERT INTO `sys_menu` VALUES (114, '代码生成', 3, 2, '/tool/gen', '', 'C', '0', 'tool:gen:view', 'fa fa-code', 'admin', '2018-03-16 11:33:00', 'ry', '2018-03-16 11:33:00', '代码生成菜单');
INSERT INTO `sys_menu` VALUES (115, '系统接口', 3, 3, '/tool/swagger', '', 'C', '0', 'tool:swagger:view', 'fa fa-gg', 'admin', '2018-03-16 11:33:00', 'ry', '2018-03-16 11:33:00', '系统接口菜单');
INSERT INTO `sys_menu` VALUES (500, '操作日志', 108, 1, '/monitor/operlog', '', 'C', '0', 'monitor:operlog:view', 'fa fa-address-book', 'admin', '2018-03-16 11:33:00', 'ry', '2018-03-16 11:33:00', '操作日志菜单');
INSERT INTO `sys_menu` VALUES (501, '登录日志', 108, 2, '/monitor/logininfor', '', 'C', '0', 'monitor:logininfor:view', 'fa fa-file-image-o', 'admin', '2018-03-16 11:33:00', 'ry', '2018-03-16 11:33:00', '登录日志菜单');
INSERT INTO `sys_menu` VALUES (1000, '用户查询', 100, 1, '#', '', 'F', '0', 'system:user:list', '#', 'admin', '2018-03-16 11:33:00', 'ry', '2018-03-16 11:33:00', '');
INSERT INTO `sys_menu` VALUES (1001, '用户新增', 100, 2, '#', '', 'F', '0', 'system:user:add', '#', 'admin', '2018-03-16 11:33:00', 'ry', '2018-03-16 11:33:00', '');
INSERT INTO `sys_menu` VALUES (1002, '用户修改', 100, 3, '#', '', 'F', '0', 'system:user:edit', '#', 'admin', '2018-03-16 11:33:00', 'ry', '2018-03-16 11:33:00', '');
INSERT INTO `sys_menu` VALUES (1003, '用户删除', 100, 4, '#', '', 'F', '0', 'system:user:remove', '#', 'admin', '2018-03-16 11:33:00', 'ry', '2018-03-16 11:33:00', '');
INSERT INTO `sys_menu` VALUES (1004, '用户导出', 100, 5, '#', '', 'F', '0', 'system:user:export', '#', 'admin', '2018-03-16 11:33:00', 'ry', '2018-03-16 11:33:00', '');
INSERT INTO `sys_menu` VALUES (1005, '用户导入', 100, 6, '#', '', 'F', '0', 'system:user:import', '#', 'admin', '2018-03-16 11:33:00', 'ry', '2018-03-16 11:33:00', '');
INSERT INTO `sys_menu` VALUES (1006, '重置密码', 100, 7, '#', '', 'F', '0', 'system:user:resetPwd', '#', 'admin', '2018-03-16 11:33:00', 'ry', '2018-03-16 11:33:00', '');
INSERT INTO `sys_menu` VALUES (1007, '角色查询', 101, 1, '#', '', 'F', '0', 'system:role:list', '#', 'admin', '2018-03-16 11:33:00', 'ry', '2018-03-16 11:33:00', '');
INSERT INTO `sys_menu` VALUES (1008, '角色新增', 101, 2, '#', '', 'F', '0', 'system:role:add', '#', 'admin', '2018-03-16 11:33:00', 'ry', '2018-03-16 11:33:00', '');
INSERT INTO `sys_menu` VALUES (1009, '角色修改', 101, 3, '#', '', 'F', '0', 'system:role:edit', '#', 'admin', '2018-03-16 11:33:00', 'ry', '2018-03-16 11:33:00', '');
INSERT INTO `sys_menu` VALUES (1010, '角色删除', 101, 4, '#', '', 'F', '0', 'system:role:remove', '#', 'admin', '2018-03-16 11:33:00', 'ry', '2018-03-16 11:33:00', '');
INSERT INTO `sys_menu` VALUES (1011, '角色导出', 101, 5, '#', '', 'F', '0', 'system:role:export', '#', 'admin', '2018-03-16 11:33:00', 'ry', '2018-03-16 11:33:00', '');
INSERT INTO `sys_menu` VALUES (1012, '菜单查询', 102, 1, '#', '', 'F', '0', 'system:menu:list', '#', 'admin', '2018-03-16 11:33:00', 'ry', '2018-03-16 11:33:00', '');
INSERT INTO `sys_menu` VALUES (1013, '菜单新增', 102, 2, '#', '', 'F', '0', 'system:menu:add', '#', 'admin', '2018-03-16 11:33:00', 'ry', '2018-03-16 11:33:00', '');
INSERT INTO `sys_menu` VALUES (1014, '菜单修改', 102, 3, '#', '', 'F', '0', 'system:menu:edit', '#', 'admin', '2018-03-16 11:33:00', 'ry', '2018-03-16 11:33:00', '');
INSERT INTO `sys_menu` VALUES (1015, '菜单删除', 102, 4, '#', '', 'F', '0', 'system:menu:remove', '#', 'admin', '2018-03-16 11:33:00', 'ry', '2018-03-16 11:33:00', '');
INSERT INTO `sys_menu` VALUES (1016, '部门查询', 103, 1, '#', '', 'F', '0', 'system:dept:list', '#', 'admin', '2018-03-16 11:33:00', 'ry', '2018-03-16 11:33:00', '');
INSERT INTO `sys_menu` VALUES (1017, '部门新增', 103, 2, '#', '', 'F', '0', 'system:dept:add', '#', 'admin', '2018-03-16 11:33:00', 'ry', '2018-03-16 11:33:00', '');
INSERT INTO `sys_menu` VALUES (1018, '部门修改', 103, 3, '#', '', 'F', '0', 'system:dept:edit', '#', 'admin', '2018-03-16 11:33:00', 'ry', '2018-03-16 11:33:00', '');
INSERT INTO `sys_menu` VALUES (1019, '部门删除', 103, 4, '#', '', 'F', '0', 'system:dept:remove', '#', 'admin', '2018-03-16 11:33:00', 'ry', '2018-03-16 11:33:00', '');
INSERT INTO `sys_menu` VALUES (1020, '岗位查询', 104, 1, '#', '', 'F', '0', 'system:post:list', '#', 'admin', '2018-03-16 11:33:00', 'ry', '2018-03-16 11:33:00', '');
INSERT INTO `sys_menu` VALUES (1021, '岗位新增', 104, 2, '#', '', 'F', '0', 'system:post:add', '#', 'admin', '2018-03-16 11:33:00', 'ry', '2018-03-16 11:33:00', '');
INSERT INTO `sys_menu` VALUES (1022, '岗位修改', 104, 3, '#', '', 'F', '0', 'system:post:edit', '#', 'admin', '2018-03-16 11:33:00', 'ry', '2018-03-16 11:33:00', '');
INSERT INTO `sys_menu` VALUES (1023, '岗位删除', 104, 4, '#', '', 'F', '0', 'system:post:remove', '#', 'admin', '2018-03-16 11:33:00', 'ry', '2018-03-16 11:33:00', '');
INSERT INTO `sys_menu` VALUES (1024, '岗位导出', 104, 5, '#', '', 'F', '0', 'system:post:export', '#', 'admin', '2018-03-16 11:33:00', 'ry', '2018-03-16 11:33:00', '');
INSERT INTO `sys_menu` VALUES (1025, '字典查询', 105, 1, '#', '', 'F', '0', 'system:dict:list', '#', 'admin', '2018-03-16 11:33:00', 'ry', '2018-03-16 11:33:00', '');
INSERT INTO `sys_menu` VALUES (1026, '字典新增', 105, 2, '#', '', 'F', '0', 'system:dict:add', '#', 'admin', '2018-03-16 11:33:00', 'ry', '2018-03-16 11:33:00', '');
INSERT INTO `sys_menu` VALUES (1027, '字典修改', 105, 3, '#', '', 'F', '0', 'system:dict:edit', '#', 'admin', '2018-03-16 11:33:00', 'ry', '2018-03-16 11:33:00', '');
INSERT INTO `sys_menu` VALUES (1028, '字典删除', 105, 4, '#', '', 'F', '0', 'system:dict:remove', '#', 'admin', '2018-03-16 11:33:00', 'ry', '2018-03-16 11:33:00', '');
INSERT INTO `sys_menu` VALUES (1029, '字典导出', 105, 5, '#', '', 'F', '0', 'system:dict:export', '#', 'admin', '2018-03-16 11:33:00', 'ry', '2018-03-16 11:33:00', '');
INSERT INTO `sys_menu` VALUES (1030, '参数查询', 106, 1, '#', '', 'F', '0', 'system:config:list', '#', 'admin', '2018-03-16 11:33:00', 'ry', '2018-03-16 11:33:00', '');
INSERT INTO `sys_menu` VALUES (1031, '参数新增', 106, 2, '#', '', 'F', '0', 'system:config:add', '#', 'admin', '2018-03-16 11:33:00', 'ry', '2018-03-16 11:33:00', '');
INSERT INTO `sys_menu` VALUES (1032, '参数修改', 106, 3, '#', '', 'F', '0', 'system:config:edit', '#', 'admin', '2018-03-16 11:33:00', 'ry', '2018-03-16 11:33:00', '');
INSERT INTO `sys_menu` VALUES (1033, '参数删除', 106, 4, '#', '', 'F', '0', 'system:config:remove', '#', 'admin', '2018-03-16 11:33:00', 'ry', '2018-03-16 11:33:00', '');
INSERT INTO `sys_menu` VALUES (1034, '参数导出', 106, 5, '#', '', 'F', '0', 'system:config:export', '#', 'admin', '2018-03-16 11:33:00', 'ry', '2018-03-16 11:33:00', '');
INSERT INTO `sys_menu` VALUES (1035, '公告查询', 107, 1, '#', '', 'F', '0', 'system:notice:list', '#', 'admin', '2018-03-16 11:33:00', 'ry', '2018-03-16 11:33:00', '');
INSERT INTO `sys_menu` VALUES (1036, '公告新增', 107, 2, '#', '', 'F', '0', 'system:notice:add', '#', 'admin', '2018-03-16 11:33:00', 'ry', '2018-03-16 11:33:00', '');
INSERT INTO `sys_menu` VALUES (1037, '公告修改', 107, 3, '#', '', 'F', '0', 'system:notice:edit', '#', 'admin', '2018-03-16 11:33:00', 'ry', '2018-03-16 11:33:00', '');
INSERT INTO `sys_menu` VALUES (1038, '公告删除', 107, 4, '#', '', 'F', '0', 'system:notice:remove', '#', 'admin', '2018-03-16 11:33:00', 'ry', '2018-03-16 11:33:00', '');
INSERT INTO `sys_menu` VALUES (1039, '操作查询', 500, 1, '#', '', 'F', '0', 'monitor:operlog:list', '#', 'admin', '2018-03-16 11:33:00', 'ry', '2018-03-16 11:33:00', '');
INSERT INTO `sys_menu` VALUES (1040, '操作删除', 500, 2, '#', '', 'F', '0', 'monitor:operlog:remove', '#', 'admin', '2018-03-16 11:33:00', 'ry', '2018-03-16 11:33:00', '');
INSERT INTO `sys_menu` VALUES (1041, '详细信息', 500, 3, '#', '', 'F', '0', 'monitor:operlog:detail', '#', 'admin', '2018-03-16 11:33:00', 'ry', '2018-03-16 11:33:00', '');
INSERT INTO `sys_menu` VALUES (1042, '日志导出', 500, 4, '#', '', 'F', '0', 'monitor:operlog:export', '#', 'admin', '2018-03-16 11:33:00', 'ry', '2018-03-16 11:33:00', '');
INSERT INTO `sys_menu` VALUES (1043, '登录查询', 501, 1, '#', '', 'F', '0', 'monitor:logininfor:list', '#', 'admin', '2018-03-16 11:33:00', 'ry', '2018-03-16 11:33:00', '');
INSERT INTO `sys_menu` VALUES (1044, '登录删除', 501, 2, '#', '', 'F', '0', 'monitor:logininfor:remove', '#', 'admin', '2018-03-16 11:33:00', 'ry', '2018-03-16 11:33:00', '');
INSERT INTO `sys_menu` VALUES (1045, '日志导出', 501, 3, '#', '', 'F', '0', 'monitor:logininfor:export', '#', 'admin', '2018-03-16 11:33:00', 'ry', '2018-03-16 11:33:00', '');
INSERT INTO `sys_menu` VALUES (1046, '账户解锁', 501, 4, '#', '', 'F', '0', 'monitor:logininfor:unlock', '#', 'admin', '2018-03-16 11:33:00', 'ry', '2018-03-16 11:33:00', '');
INSERT INTO `sys_menu` VALUES (1047, '在线查询', 109, 1, '#', '', 'F', '0', 'monitor:online:list', '#', 'admin', '2018-03-16 11:33:00', 'ry', '2018-03-16 11:33:00', '');
INSERT INTO `sys_menu` VALUES (1048, '批量强退', 109, 2, '#', '', 'F', '0', 'monitor:online:batchForceLogout', '#', 'admin', '2018-03-16 11:33:00', 'ry', '2018-03-16 11:33:00', '');
INSERT INTO `sys_menu` VALUES (1049, '单条强退', 109, 3, '#', '', 'F', '0', 'monitor:online:forceLogout', '#', 'admin', '2018-03-16 11:33:00', 'ry', '2018-03-16 11:33:00', '');
INSERT INTO `sys_menu` VALUES (1050, '任务查询', 110, 1, '#', '', 'F', '0', 'monitor:job:list', '#', 'admin', '2018-03-16 11:33:00', 'ry', '2018-03-16 11:33:00', '');
INSERT INTO `sys_menu` VALUES (1051, '任务新增', 110, 2, '#', '', 'F', '0', 'monitor:job:add', '#', 'admin', '2018-03-16 11:33:00', 'ry', '2018-03-16 11:33:00', '');
INSERT INTO `sys_menu` VALUES (1052, '任务修改', 110, 3, '#', '', 'F', '0', 'monitor:job:edit', '#', 'admin', '2018-03-16 11:33:00', 'ry', '2018-03-16 11:33:00', '');
INSERT INTO `sys_menu` VALUES (1053, '任务删除', 110, 4, '#', '', 'F', '0', 'monitor:job:remove', '#', 'admin', '2018-03-16 11:33:00', 'ry', '2018-03-16 11:33:00', '');
INSERT INTO `sys_menu` VALUES (1054, '状态修改', 110, 5, '#', '', 'F', '0', 'monitor:job:changeStatus', '#', 'admin', '2018-03-16 11:33:00', 'ry', '2018-03-16 11:33:00', '');
INSERT INTO `sys_menu` VALUES (1055, '任务详细', 110, 6, '#', '', 'F', '0', 'monitor:job:detail', '#', 'admin', '2018-03-16 11:33:00', 'ry', '2018-03-16 11:33:00', '');
INSERT INTO `sys_menu` VALUES (1056, '任务导出', 110, 7, '#', '', 'F', '0', 'monitor:job:export', '#', 'admin', '2018-03-16 11:33:00', 'ry', '2018-03-16 11:33:00', '');
INSERT INTO `sys_menu` VALUES (1057, '生成查询', 114, 1, '#', '', 'F', '0', 'tool:gen:list', '#', 'admin', '2018-03-16 11:33:00', 'ry', '2018-03-16 11:33:00', '');
INSERT INTO `sys_menu` VALUES (1058, '生成修改', 114, 2, '#', '', 'F', '0', 'tool:gen:edit', '#', 'admin', '2018-03-16 11:33:00', 'ry', '2018-03-16 11:33:00', '');
INSERT INTO `sys_menu` VALUES (1059, '生成删除', 114, 3, '#', '', 'F', '0', 'tool:gen:remove', '#', 'admin', '2018-03-16 11:33:00', 'ry', '2018-03-16 11:33:00', '');
INSERT INTO `sys_menu` VALUES (1060, '预览代码', 114, 4, '#', '', 'F', '0', 'tool:gen:preview', '#', 'admin', '2018-03-16 11:33:00', 'ry', '2018-03-16 11:33:00', '');
INSERT INTO `sys_menu` VALUES (1061, '生成代码', 114, 5, '#', '', 'F', '0', 'tool:gen:code', '#', 'admin', '2018-03-16 11:33:00', 'ry', '2018-03-16 11:33:00', '');
INSERT INTO `sys_menu` VALUES (2001, '站点管理', 1, 1, '/system/site', 'menuItem', 'C', '0', 'sytstem:site', '#', 'admin', '2020-09-06 13:08:58', '', NULL, '');
INSERT INTO `sys_menu` VALUES (2002, 'CMS管理', 0, 1, '#', 'menuItem', 'M', '0', NULL, '#', 'admin', '2020-09-07 10:52:32', '', NULL, '');
INSERT INTO `sys_menu` VALUES (2003, '素材管理', 2002, 1, '/cms/material', 'menuItem', 'C', '0', 'cms:material', '#', 'admin', '2020-09-07 12:14:47', '', NULL, '');
INSERT INTO `sys_menu` VALUES (2004, '素材分组管理', 2002, 1, '/cms/materialGroup', 'menuItem', 'C', '0', 'cms:materialGroup', '#', 'admin', '2020-09-07 12:15:35', 'admin', '2020-09-10 17:25:51', '');
INSERT INTO `sys_menu` VALUES (2005, '产品管理', 2002, 1, '/cms/product', 'menuItem', 'C', '0', 'cms:product', '#', 'admin', '2020-09-10 17:24:02', '', NULL, '');
INSERT INTO `sys_menu` VALUES (2006, '产品分组管理', 2002, 1, '/cms/productGroup', 'menuItem', 'C', '0', 'cms:productGroup', '#', 'admin', '2020-09-10 17:28:58', '', NULL, '');
INSERT INTO `sys_menu` VALUES (2007, '模板主题管理', 1, 1, '/system/theme', 'menuItem', 'C', '0', 'system:theme', '#', 'admin', '2020-09-12 15:28:09', '', NULL, '');

-- ----------------------------
-- Table structure for sys_notice
-- ----------------------------
DROP TABLE IF EXISTS `sys_notice`;
CREATE TABLE `sys_notice`  (
  `notice_id` int(4) NOT NULL AUTO_INCREMENT COMMENT '公告ID',
  `notice_title` varchar(50) CHARACTER SET utf8 COLLATE utf8_general_ci NOT NULL COMMENT '公告标题',
  `notice_type` char(1) CHARACTER SET utf8 COLLATE utf8_general_ci NOT NULL COMMENT '公告类型（1通知 2公告）',
  `notice_content` varchar(2000) CHARACTER SET utf8 COLLATE utf8_general_ci NULL DEFAULT NULL COMMENT '公告内容',
  `status` char(1) CHARACTER SET utf8 COLLATE utf8_general_ci NULL DEFAULT '0' COMMENT '公告状态（0正常 1关闭）',
  `create_by` varchar(64) CHARACTER SET utf8 COLLATE utf8_general_ci NULL DEFAULT '' COMMENT '创建者',
  `create_time` datetime(0) NULL DEFAULT NULL COMMENT '创建时间',
  `update_by` varchar(64) CHARACTER SET utf8 COLLATE utf8_general_ci NULL DEFAULT '' COMMENT '更新者',
  `update_time` datetime(0) NULL DEFAULT NULL COMMENT '更新时间',
  `remark` varchar(255) CHARACTER SET utf8 COLLATE utf8_general_ci NULL DEFAULT NULL COMMENT '备注',
  PRIMARY KEY (`notice_id`) USING BTREE
) ENGINE = InnoDB AUTO_INCREMENT = 3 CHARACTER SET = utf8 COLLATE = utf8_general_ci COMMENT = '通知公告表' ROW_FORMAT = Dynamic;

-- ----------------------------
-- Records of sys_notice
-- ----------------------------
INSERT INTO `sys_notice` VALUES (1, '温馨提醒：2018-07-01 若依新版本发布啦', '2', '新版本内容', '0', 'admin', '2018-03-16 11:33:00', 'ry', '2018-03-16 11:33:00', '管理员');
INSERT INTO `sys_notice` VALUES (2, '维护通知：2018-07-01 若依系统凌晨维护', '1', '维护内容', '0', 'admin', '2018-03-16 11:33:00', 'ry', '2018-03-16 11:33:00', '管理员');

-- ----------------------------
-- Table structure for sys_oper_log
-- ----------------------------
DROP TABLE IF EXISTS `sys_oper_log`;
CREATE TABLE `sys_oper_log`  (
  `oper_id` bigint(20) NOT NULL AUTO_INCREMENT COMMENT '日志主键',
  `title` varchar(50) CHARACTER SET utf8 COLLATE utf8_general_ci NULL DEFAULT '' COMMENT '模块标题',
  `business_type` int(2) NULL DEFAULT 0 COMMENT '业务类型（0其它 1新增 2修改 3删除）',
  `method` varchar(100) CHARACTER SET utf8 COLLATE utf8_general_ci NULL DEFAULT '' COMMENT '方法名称',
  `request_method` varchar(10) CHARACTER SET utf8 COLLATE utf8_general_ci NULL DEFAULT '' COMMENT '请求方式',
  `operator_type` int(1) NULL DEFAULT 0 COMMENT '操作类别（0其它 1后台用户 2手机端用户）',
  `oper_name` varchar(50) CHARACTER SET utf8 COLLATE utf8_general_ci NULL DEFAULT '' COMMENT '操作人员',
  `dept_name` varchar(50) CHARACTER SET utf8 COLLATE utf8_general_ci NULL DEFAULT '' COMMENT '部门名称',
  `oper_url` varchar(255) CHARACTER SET utf8 COLLATE utf8_general_ci NULL DEFAULT '' COMMENT '请求URL',
  `oper_ip` varchar(50) CHARACTER SET utf8 COLLATE utf8_general_ci NULL DEFAULT '' COMMENT '主机地址',
  `oper_location` varchar(255) CHARACTER SET utf8 COLLATE utf8_general_ci NULL DEFAULT '' COMMENT '操作地点',
  `oper_param` varchar(2000) CHARACTER SET utf8 COLLATE utf8_general_ci NULL DEFAULT '' COMMENT '请求参数',
  `json_result` varchar(2000) CHARACTER SET utf8 COLLATE utf8_general_ci NULL DEFAULT '' COMMENT '返回参数',
  `status` int(1) NULL DEFAULT 0 COMMENT '操作状态（0正常 1异常）',
  `error_msg` varchar(2000) CHARACTER SET utf8 COLLATE utf8_general_ci NULL DEFAULT '' COMMENT '错误消息',
  `oper_time` datetime(0) NULL DEFAULT NULL COMMENT '操作时间',
  PRIMARY KEY (`oper_id`) USING BTREE
) ENGINE = InnoDB AUTO_INCREMENT = 379 CHARACTER SET = utf8 COLLATE = utf8_general_ci COMMENT = '操作日志记录' ROW_FORMAT = Dynamic;

-- ----------------------------
-- Records of sys_oper_log
-- ----------------------------
INSERT INTO `sys_oper_log` VALUES (100, '代码生成', 6, 'com.ruoyi.generator.controller.GenController.importTableSave()', 'POST', 1, 'admin', '研发部门', '/tool/gen/importTable', '127.0.0.1', '内网IP', '{\"tables\":[\"sys_role_menu\"]}', '{\r\n  \"msg\" : \"操作成功\",\r\n  \"code\" : 0\r\n}', 0, NULL, '2020-09-05 10:16:22');
INSERT INTO `sys_oper_log` VALUES (101, '代码生成', 2, 'com.ruoyi.generator.controller.GenController.synchDb()', 'GET', 1, 'admin', '研发部门', '/tool/gen/synchDb/sys_role_menu', '127.0.0.1', '内网IP', NULL, '{\r\n  \"msg\" : \"操作成功\",\r\n  \"code\" : 0\r\n}', 0, NULL, '2020-09-05 10:17:56');
INSERT INTO `sys_oper_log` VALUES (102, '代码生成', 3, 'com.ruoyi.generator.controller.GenController.remove()', 'POST', 1, 'admin', '研发部门', '/tool/gen/remove', '127.0.0.1', '内网IP', '{\"ids\":[\"1\"]}', '{\r\n  \"msg\" : \"操作成功\",\r\n  \"code\" : 0\r\n}', 0, NULL, '2020-09-05 10:18:53');
INSERT INTO `sys_oper_log` VALUES (103, '代码生成', 6, 'com.ruoyi.generator.controller.GenController.importTableSave()', 'POST', 1, 'admin', '研发部门', '/tool/gen/importTable', '127.0.0.1', '内网IP', '{\"tables\":[\"wj_material\"]}', '{\r\n  \"msg\" : \"操作成功\",\r\n  \"code\" : 0\r\n}', 0, NULL, '2020-09-05 10:19:14');
INSERT INTO `sys_oper_log` VALUES (104, '代码生成', 2, 'com.ruoyi.generator.controller.GenController.editSave()', 'POST', 1, 'admin', '研发部门', '/tool/gen/edit', '127.0.0.1', '内网IP', '{\"tableId\":[\"2\"],\"tableName\":[\"wj_material\"],\"tableComment\":[\"test\"],\"className\":[\"WjMaterial\"],\"functionAuthor\":[\"ruoyi\"],\"remark\":[\"\"],\"columns[0].columnId\":[\"3\"],\"columns[0].sort\":[\"1\"],\"columns[0].columnComment\":[\"null\"],\"columns[0].javaType\":[\"Long\"],\"columns[0].javaField\":[\"materialId\"],\"columns[0].isInsert\":[\"1\"],\"columns[0].queryType\":[\"EQ\"],\"columns[0].htmlType\":[\"input\"],\"columns[0].dictType\":[\"\"],\"columns[1].columnId\":[\"4\"],\"columns[1].sort\":[\"2\"],\"columns[1].columnComment\":[\"分组id\"],\"columns[1].javaType\":[\"String\"],\"columns[1].javaField\":[\"groupId\"],\"columns[1].isInsert\":[\"1\"],\"columns[1].isEdit\":[\"1\"],\"columns[1].isList\":[\"1\"],\"columns[1].isQuery\":[\"1\"],\"columns[1].queryType\":[\"EQ\"],\"columns[1].isRequired\":[\"1\"],\"columns[1].htmlType\":[\"input\"],\"columns[1].dictType\":[\"\"],\"columns[2].columnId\":[\"5\"],\"columns[2].sort\":[\"3\"],\"columns[2].columnComment\":[\"素材名称\"],\"columns[2].javaType\":[\"String\"],\"columns[2].javaField\":[\"materialName\"],\"columns[2].isInsert\":[\"1\"],\"columns[2].isEdit\":[\"1\"],\"columns[2].isList\":[\"1\"],\"columns[2].isQuery\":[\"1\"],\"columns[2].queryType\":[\"LIKE\"],\"columns[2].isRequired\":[\"1\"],\"columns[2].htmlType\":[\"input\"],\"columns[2].dictType\":[\"\"],\"columns[3].columnId\":[\"6\"],\"columns[3].sort\":[\"4\"],\"columns[3].columnComment\":[\"素材类型 字典 1图片2视频3文本\"],\"columns[3].javaType\":[\"String\"],\"columns[3].javaField\":[\"materialType\"],\"columns[3].isInsert\":[\"1\"],\"columns[3].isEdit\":[\"1\"],\"columns[3].isList\":[\"1\"],\"columns[3].isQuery\":[\"1\"],\"columns[3].queryType\":[\"EQ\"],\"columns[3].isRequired\":[\"1\"],\"columns[3].htmlType\":[\"select\"],\"columns[3].dictType\":[\"\"],\"columns[4].columnId\":[\"7\"],\"columns[4].sort\":[\"5\"],\"columns[4].columnComment\":[\"素材描述\"],\"columns[4].javaType\":[\"String\"],\"columns[4].javaField\":[\"description\"],\"columns[4].isInsert\":[\"1\"],\"columns[4].isEdit\":[\"1\"],\"columns[4].isList\":[\"1\"],\"columns[4].isQuery\":[\"1\"],\"columns[4].queryType\":[\"EQ\"],\"columns[4].htmlType\":[\"input\"],\"columns[4].dictType\":[\"\"],\"columns[5].columnId\":[\"8\"],\"columns[5].sort\":[\"6\"],\"columns[', '{\r\n  \"msg\" : \"操作成功\",\r\n  \"code\" : 0\r\n}', 0, NULL, '2020-09-05 10:26:35');
INSERT INTO `sys_oper_log` VALUES (105, '代码生成', 8, 'com.ruoyi.generator.controller.GenController.genCode()', 'GET', 1, 'admin', '研发部门', '/tool/gen/genCode/wj_material', '127.0.0.1', '内网IP', NULL, '{\r\n  \"msg\" : \"操作成功\",\r\n  \"code\" : 0\r\n}', 0, NULL, '2020-09-05 10:26:38');
INSERT INTO `sys_oper_log` VALUES (106, '代码生成', 2, 'com.ruoyi.generator.controller.GenController.editSave()', 'POST', 1, 'admin', '研发部门', '/tool/gen/edit', '127.0.0.1', '内网IP', '{\"tableId\":[\"2\"],\"tableName\":[\"wj_material\"],\"tableComment\":[\"test\"],\"className\":[\"WjMaterial\"],\"functionAuthor\":[\"ruoyi\"],\"remark\":[\"\"],\"columns[0].columnId\":[\"3\"],\"columns[0].sort\":[\"1\"],\"columns[0].columnComment\":[\"null\"],\"columns[0].javaType\":[\"Long\"],\"columns[0].javaField\":[\"materialId\"],\"columns[0].isInsert\":[\"1\"],\"columns[0].queryType\":[\"EQ\"],\"columns[0].htmlType\":[\"input\"],\"columns[0].dictType\":[\"\"],\"columns[1].columnId\":[\"4\"],\"columns[1].sort\":[\"2\"],\"columns[1].columnComment\":[\"分组id\"],\"columns[1].javaType\":[\"String\"],\"columns[1].javaField\":[\"groupId\"],\"columns[1].isInsert\":[\"1\"],\"columns[1].isEdit\":[\"1\"],\"columns[1].isList\":[\"1\"],\"columns[1].isQuery\":[\"1\"],\"columns[1].queryType\":[\"EQ\"],\"columns[1].isRequired\":[\"1\"],\"columns[1].htmlType\":[\"input\"],\"columns[1].dictType\":[\"\"],\"columns[2].columnId\":[\"5\"],\"columns[2].sort\":[\"3\"],\"columns[2].columnComment\":[\"素材名称\"],\"columns[2].javaType\":[\"String\"],\"columns[2].javaField\":[\"materialName\"],\"columns[2].isInsert\":[\"1\"],\"columns[2].isEdit\":[\"1\"],\"columns[2].isList\":[\"1\"],\"columns[2].isQuery\":[\"1\"],\"columns[2].queryType\":[\"LIKE\"],\"columns[2].isRequired\":[\"1\"],\"columns[2].htmlType\":[\"input\"],\"columns[2].dictType\":[\"\"],\"columns[3].columnId\":[\"6\"],\"columns[3].sort\":[\"4\"],\"columns[3].columnComment\":[\"素材类型 字典 1图片2视频3文本\"],\"columns[3].javaType\":[\"String\"],\"columns[3].javaField\":[\"materialType\"],\"columns[3].isInsert\":[\"1\"],\"columns[3].isEdit\":[\"1\"],\"columns[3].isList\":[\"1\"],\"columns[3].isQuery\":[\"1\"],\"columns[3].queryType\":[\"EQ\"],\"columns[3].isRequired\":[\"1\"],\"columns[3].htmlType\":[\"select\"],\"columns[3].dictType\":[\"\"],\"columns[4].columnId\":[\"7\"],\"columns[4].sort\":[\"5\"],\"columns[4].columnComment\":[\"素材描述\"],\"columns[4].javaType\":[\"String\"],\"columns[4].javaField\":[\"description\"],\"columns[4].isInsert\":[\"1\"],\"columns[4].isEdit\":[\"1\"],\"columns[4].isList\":[\"1\"],\"columns[4].isQuery\":[\"1\"],\"columns[4].queryType\":[\"EQ\"],\"columns[4].htmlType\":[\"input\"],\"columns[4].dictType\":[\"\"],\"columns[5].columnId\":[\"8\"],\"columns[5].sort\":[\"6\"],\"columns[', '{\r\n  \"msg\" : \"操作成功\",\r\n  \"code\" : 0\r\n}', 0, NULL, '2020-09-05 10:29:18');
INSERT INTO `sys_oper_log` VALUES (107, '代码生成', 8, 'com.ruoyi.generator.controller.GenController.genCode()', 'GET', 1, 'admin', '研发部门', '/tool/gen/genCode/wj_material', '127.0.0.1', '内网IP', NULL, '{\r\n  \"msg\" : \"操作成功\",\r\n  \"code\" : 0\r\n}', 0, NULL, '2020-09-05 10:29:20');
INSERT INTO `sys_oper_log` VALUES (108, '代码生成', 2, 'com.ruoyi.generator.controller.GenController.editSave()', 'POST', 1, 'admin', '研发部门', '/tool/gen/edit', '127.0.0.1', '内网IP', '{\"tableId\":[\"2\"],\"tableName\":[\"wj_material\"],\"tableComment\":[\"test\"],\"className\":[\"WjMaterial\"],\"functionAuthor\":[\"ruoyi\"],\"remark\":[\"\"],\"columns[0].columnId\":[\"3\"],\"columns[0].sort\":[\"1\"],\"columns[0].columnComment\":[\"null\"],\"columns[0].javaType\":[\"Long\"],\"columns[0].javaField\":[\"materialId\"],\"columns[0].isInsert\":[\"1\"],\"columns[0].queryType\":[\"EQ\"],\"columns[0].htmlType\":[\"input\"],\"columns[0].dictType\":[\"\"],\"columns[1].columnId\":[\"4\"],\"columns[1].sort\":[\"2\"],\"columns[1].columnComment\":[\"分组id\"],\"columns[1].javaType\":[\"String\"],\"columns[1].javaField\":[\"groupId\"],\"columns[1].isInsert\":[\"1\"],\"columns[1].isEdit\":[\"1\"],\"columns[1].isList\":[\"1\"],\"columns[1].isQuery\":[\"1\"],\"columns[1].queryType\":[\"EQ\"],\"columns[1].isRequired\":[\"1\"],\"columns[1].htmlType\":[\"input\"],\"columns[1].dictType\":[\"\"],\"columns[2].columnId\":[\"5\"],\"columns[2].sort\":[\"3\"],\"columns[2].columnComment\":[\"素材名称\"],\"columns[2].javaType\":[\"String\"],\"columns[2].javaField\":[\"materialName\"],\"columns[2].isInsert\":[\"1\"],\"columns[2].isEdit\":[\"1\"],\"columns[2].isList\":[\"1\"],\"columns[2].isQuery\":[\"1\"],\"columns[2].queryType\":[\"LIKE\"],\"columns[2].isRequired\":[\"1\"],\"columns[2].htmlType\":[\"input\"],\"columns[2].dictType\":[\"\"],\"columns[3].columnId\":[\"6\"],\"columns[3].sort\":[\"4\"],\"columns[3].columnComment\":[\"素材类型 字典 1图片2视频3文本\"],\"columns[3].javaType\":[\"String\"],\"columns[3].javaField\":[\"materialType\"],\"columns[3].isInsert\":[\"1\"],\"columns[3].isEdit\":[\"1\"],\"columns[3].isList\":[\"1\"],\"columns[3].isQuery\":[\"1\"],\"columns[3].queryType\":[\"EQ\"],\"columns[3].isRequired\":[\"1\"],\"columns[3].htmlType\":[\"select\"],\"columns[3].dictType\":[\"\"],\"columns[4].columnId\":[\"7\"],\"columns[4].sort\":[\"5\"],\"columns[4].columnComment\":[\"素材描述\"],\"columns[4].javaType\":[\"String\"],\"columns[4].javaField\":[\"description\"],\"columns[4].isInsert\":[\"1\"],\"columns[4].isEdit\":[\"1\"],\"columns[4].isList\":[\"1\"],\"columns[4].isQuery\":[\"1\"],\"columns[4].queryType\":[\"EQ\"],\"columns[4].htmlType\":[\"input\"],\"columns[4].dictType\":[\"\"],\"columns[5].columnId\":[\"8\"],\"columns[5].sort\":[\"6\"],\"columns[', '{\r\n  \"msg\" : \"操作成功\",\r\n  \"code\" : 0\r\n}', 0, NULL, '2020-09-05 10:44:41');
INSERT INTO `sys_oper_log` VALUES (109, '代码生成', 8, 'com.ruoyi.generator.controller.GenController.genCode()', 'GET', 1, 'admin', '研发部门', '/tool/gen/genCode/wj_material', '127.0.0.1', '内网IP', NULL, '{\r\n  \"msg\" : \"操作成功\",\r\n  \"code\" : 0\r\n}', 0, NULL, '2020-09-05 10:44:45');
INSERT INTO `sys_oper_log` VALUES (110, '菜单管理', 1, 'com.ruoyi.web.controller.system.SysMenuController.addSave()', 'POST', 1, 'admin', '研发部门', '/system/menu/add', '127.0.0.1', '内网IP', '{\"parentId\":[\"1\"],\"menuType\":[\"C\"],\"menuName\":[\"测试\"],\"url\":[\"/cms/test\"],\"target\":[\"menuItem\"],\"perms\":[\"cms:test\"],\"orderNum\":[\"1\"],\"icon\":[\"\"],\"visible\":[\"0\"]}', '{\r\n  \"msg\" : \"操作成功\",\r\n  \"code\" : 0\r\n}', 0, NULL, '2020-09-05 10:45:49');
INSERT INTO `sys_oper_log` VALUES (111, '代码生成', 2, 'com.ruoyi.generator.controller.GenController.editSave()', 'POST', 1, 'admin', '研发部门', '/tool/gen/edit', '127.0.0.1', '内网IP', '{\"tableId\":[\"2\"],\"tableName\":[\"wj_material\"],\"tableComment\":[\"test\"],\"className\":[\"WjMaterial\"],\"functionAuthor\":[\"ruoyi\"],\"remark\":[\"\"],\"columns[0].columnId\":[\"3\"],\"columns[0].sort\":[\"1\"],\"columns[0].columnComment\":[\"null\"],\"columns[0].javaType\":[\"Long\"],\"columns[0].javaField\":[\"materialId\"],\"columns[0].isInsert\":[\"1\"],\"columns[0].queryType\":[\"EQ\"],\"columns[0].htmlType\":[\"input\"],\"columns[0].dictType\":[\"\"],\"columns[1].columnId\":[\"4\"],\"columns[1].sort\":[\"2\"],\"columns[1].columnComment\":[\"分组id\"],\"columns[1].javaType\":[\"String\"],\"columns[1].javaField\":[\"groupId\"],\"columns[1].isInsert\":[\"1\"],\"columns[1].isEdit\":[\"1\"],\"columns[1].isList\":[\"1\"],\"columns[1].isQuery\":[\"1\"],\"columns[1].queryType\":[\"EQ\"],\"columns[1].isRequired\":[\"1\"],\"columns[1].htmlType\":[\"input\"],\"columns[1].dictType\":[\"\"],\"columns[2].columnId\":[\"5\"],\"columns[2].sort\":[\"3\"],\"columns[2].columnComment\":[\"素材名称\"],\"columns[2].javaType\":[\"String\"],\"columns[2].javaField\":[\"materialName\"],\"columns[2].isInsert\":[\"1\"],\"columns[2].isEdit\":[\"1\"],\"columns[2].isList\":[\"1\"],\"columns[2].isQuery\":[\"1\"],\"columns[2].queryType\":[\"LIKE\"],\"columns[2].isRequired\":[\"1\"],\"columns[2].htmlType\":[\"input\"],\"columns[2].dictType\":[\"\"],\"columns[3].columnId\":[\"6\"],\"columns[3].sort\":[\"4\"],\"columns[3].columnComment\":[\"素材类型 字典 1图片2视频3文本\"],\"columns[3].javaType\":[\"String\"],\"columns[3].javaField\":[\"materialType\"],\"columns[3].isInsert\":[\"1\"],\"columns[3].isEdit\":[\"1\"],\"columns[3].isList\":[\"1\"],\"columns[3].isQuery\":[\"1\"],\"columns[3].queryType\":[\"EQ\"],\"columns[3].isRequired\":[\"1\"],\"columns[3].htmlType\":[\"select\"],\"columns[3].dictType\":[\"\"],\"columns[4].columnId\":[\"7\"],\"columns[4].sort\":[\"5\"],\"columns[4].columnComment\":[\"素材描述\"],\"columns[4].javaType\":[\"String\"],\"columns[4].javaField\":[\"description\"],\"columns[4].isInsert\":[\"1\"],\"columns[4].isEdit\":[\"1\"],\"columns[4].isList\":[\"1\"],\"columns[4].isQuery\":[\"1\"],\"columns[4].queryType\":[\"EQ\"],\"columns[4].htmlType\":[\"input\"],\"columns[4].dictType\":[\"\"],\"columns[5].columnId\":[\"8\"],\"columns[5].sort\":[\"6\"],\"columns[', '{\r\n  \"msg\" : \"操作成功\",\r\n  \"code\" : 0\r\n}', 0, NULL, '2020-09-05 10:46:14');
INSERT INTO `sys_oper_log` VALUES (112, '代码生成', 8, 'com.ruoyi.generator.controller.GenController.genCode()', 'GET', 1, 'admin', '研发部门', '/tool/gen/genCode/wj_material', '127.0.0.1', '内网IP', NULL, '{\r\n  \"msg\" : \"操作成功\",\r\n  \"code\" : 0\r\n}', 0, NULL, '2020-09-05 10:46:16');
INSERT INTO `sys_oper_log` VALUES (113, '代码生成', 2, 'com.ruoyi.generator.controller.GenController.editSave()', 'POST', 1, 'admin', '研发部门', '/tool/gen/edit', '127.0.0.1', '内网IP', '{\"tableId\":[\"2\"],\"tableName\":[\"wj_material\"],\"tableComment\":[\"test\"],\"className\":[\"WjMaterial\"],\"functionAuthor\":[\"ruoyi\"],\"remark\":[\"\"],\"columns[0].columnId\":[\"3\"],\"columns[0].sort\":[\"1\"],\"columns[0].columnComment\":[\"null\"],\"columns[0].javaType\":[\"Long\"],\"columns[0].javaField\":[\"materialId\"],\"columns[0].isInsert\":[\"1\"],\"columns[0].queryType\":[\"EQ\"],\"columns[0].htmlType\":[\"input\"],\"columns[0].dictType\":[\"\"],\"columns[1].columnId\":[\"4\"],\"columns[1].sort\":[\"2\"],\"columns[1].columnComment\":[\"分组id\"],\"columns[1].javaType\":[\"String\"],\"columns[1].javaField\":[\"groupId\"],\"columns[1].isInsert\":[\"1\"],\"columns[1].isEdit\":[\"1\"],\"columns[1].isList\":[\"1\"],\"columns[1].isQuery\":[\"1\"],\"columns[1].queryType\":[\"EQ\"],\"columns[1].htmlType\":[\"input\"],\"columns[1].dictType\":[\"\"],\"columns[2].columnId\":[\"5\"],\"columns[2].sort\":[\"3\"],\"columns[2].columnComment\":[\"素材名称\"],\"columns[2].javaType\":[\"String\"],\"columns[2].javaField\":[\"materialName\"],\"columns[2].isInsert\":[\"1\"],\"columns[2].isEdit\":[\"1\"],\"columns[2].isList\":[\"1\"],\"columns[2].isQuery\":[\"1\"],\"columns[2].queryType\":[\"LIKE\"],\"columns[2].htmlType\":[\"input\"],\"columns[2].dictType\":[\"\"],\"columns[3].columnId\":[\"6\"],\"columns[3].sort\":[\"4\"],\"columns[3].columnComment\":[\"素材类型 字典 1图片2视频3文本\"],\"columns[3].javaType\":[\"String\"],\"columns[3].javaField\":[\"materialType\"],\"columns[3].isInsert\":[\"1\"],\"columns[3].isEdit\":[\"1\"],\"columns[3].isList\":[\"1\"],\"columns[3].isQuery\":[\"1\"],\"columns[3].queryType\":[\"EQ\"],\"columns[3].htmlType\":[\"select\"],\"columns[3].dictType\":[\"\"],\"columns[4].columnId\":[\"7\"],\"columns[4].sort\":[\"5\"],\"columns[4].columnComment\":[\"素材描述\"],\"columns[4].javaType\":[\"String\"],\"columns[4].javaField\":[\"description\"],\"columns[4].isInsert\":[\"1\"],\"columns[4].isEdit\":[\"1\"],\"columns[4].isList\":[\"1\"],\"columns[4].isQuery\":[\"1\"],\"columns[4].queryType\":[\"EQ\"],\"columns[4].htmlType\":[\"input\"],\"columns[4].dictType\":[\"\"],\"columns[5].columnId\":[\"8\"],\"columns[5].sort\":[\"6\"],\"columns[5].columnComment\":[\"素材大小\"],\"columns[5].javaType\":[\"String\"],\"columns[5].javaField\":[\"mater', '{\r\n  \"msg\" : \"操作成功\",\r\n  \"code\" : 0\r\n}', 0, NULL, '2020-09-05 10:54:01');
INSERT INTO `sys_oper_log` VALUES (114, '代码生成', 8, 'com.ruoyi.generator.controller.GenController.genCode()', 'GET', 1, 'admin', '研发部门', '/tool/gen/genCode/wj_material', '127.0.0.1', '内网IP', NULL, '{\r\n  \"msg\" : \"操作成功\",\r\n  \"code\" : 0\r\n}', 0, NULL, '2020-09-05 10:54:04');
INSERT INTO `sys_oper_log` VALUES (115, '测试', 1, 'com.ruoyi.cms.controller.WjMaterialController.addSave()', 'POST', 1, 'admin', '研发部门', '/cms/test/add', '127.0.0.1', '内网IP', '{\"groupId\":[\"\"],\"materialName\":[\"\"],\"materialType\":[\"\"],\"description\":[\"\"],\"materialSize\":[\"\"],\"savePath\":[\"\"],\"thumbnail\":[\"\"],\"auditState\":[\"\"],\"auditReason\":[\"\"],\"useState\":[\"\"],\"width\":[\"\"],\"height\":[\"\"],\"uploaderId\":[\"\"],\"uploadTime\":[\"\"],\"remark\":[\"\"],\"siteId\":[\"\"]}', '{\r\n  \"msg\" : \"操作成功\",\r\n  \"code\" : 0\r\n}', 0, NULL, '2020-09-05 11:00:50');
INSERT INTO `sys_oper_log` VALUES (116, '测试', 1, 'com.ruoyi.cms.controller.WjMaterialController.addSave()', 'POST', 1, 'admin', '研发部门', '/cms/test/add', '127.0.0.1', '内网IP', '{\"groupId\":[\"\"],\"materialName\":[\"\"],\"materialType\":[\"\"],\"description\":[\"\"],\"materialSize\":[\"\"],\"savePath\":[\"http://localhost:8082/profile/upload/2020/09/05/b15bbeb3-5a9e-4da0-a8ad-a5d6f9ac67ef.png\"],\"thumbnail\":[\"\"],\"auditState\":[\"\"],\"auditReason\":[\"\"],\"useState\":[\"\"],\"width\":[\"\"],\"height\":[\"\"],\"uploaderId\":[\"\"],\"uploadTime\":[\"\"],\"remark\":[\"\"],\"siteId\":[\"\"]}', '{\r\n  \"msg\" : \"操作成功\",\r\n  \"code\" : 0\r\n}', 0, NULL, '2020-09-05 11:01:29');
INSERT INTO `sys_oper_log` VALUES (117, '测试', 2, 'com.ruoyi.cms.controller.WjMaterialController.editSave()', 'POST', 1, 'admin', '研发部门', '/cms/test/edit', '127.0.0.1', '内网IP', '{\"materialId\":[\"13\"],\"groupId\":[\"\"],\"materialName\":[\"\"],\"materialType\":[\"\"],\"description\":[\"\"],\"materialSize\":[\"\"],\"savePath\":[\"http://localhost:8082/profile/upload/2020/09/05/c02e6ce9-7a25-4ab2-93b1-46a547c2204e.jpg\"],\"thumbnail\":[\"\"],\"auditState\":[\"\"],\"auditReason\":[\"\"],\"useState\":[\"\"],\"width\":[\"\"],\"height\":[\"\"],\"uploaderId\":[\"\"],\"uploadTime\":[\"\"],\"remark\":[\"\"],\"siteId\":[\"\"]}', '{\r\n  \"msg\" : \"操作成功\",\r\n  \"code\" : 0\r\n}', 0, NULL, '2020-09-05 11:02:04');
INSERT INTO `sys_oper_log` VALUES (118, '代码生成', 8, 'com.ruoyi.generator.controller.GenController.genCode()', 'GET', 1, 'admin', '研发部门', '/tool/gen/genCode/wj_material', '127.0.0.1', '内网IP', NULL, '{\r\n  \"msg\" : \"操作成功\",\r\n  \"code\" : 0\r\n}', 0, NULL, '2020-09-05 12:23:13');
INSERT INTO `sys_oper_log` VALUES (119, '代码生成', 8, 'com.ruoyi.generator.controller.GenController.genCode()', 'GET', 1, 'admin', '研发部门', '/tool/gen/genCode/wj_material', '127.0.0.1', '内网IP', NULL, '{\r\n  \"msg\" : \"操作成功\",\r\n  \"code\" : 0\r\n}', 0, NULL, '2020-09-05 12:29:24');
INSERT INTO `sys_oper_log` VALUES (120, '测试', 3, 'com.ruoyi.cms.controller.WjMaterialController.remove()', 'POST', 1, 'admin', '研发部门', '/cms/test/remove', '192.168.3.20', '内网IP', '{\"ids\":[\"13\"]}', '{\r\n  \"msg\" : \"操作成功\",\r\n  \"code\" : 0\r\n}', 0, NULL, '2020-09-05 18:00:25');
INSERT INTO `sys_oper_log` VALUES (121, '代码生成', 6, 'com.ruoyi.generator.controller.GenController.importTableSave()', 'POST', 1, 'admin', '研发部门', '/tool/gen/importTable', '127.0.0.1', '内网IP', '{\"tables\":[\"sys_dict_data\"]}', '{\r\n  \"msg\" : \"操作成功\",\r\n  \"code\" : 0\r\n}', 0, NULL, '2020-09-06 12:59:43');
INSERT INTO `sys_oper_log` VALUES (122, '代码生成', 2, 'com.ruoyi.generator.controller.GenController.editSave()', 'POST', 1, 'admin', '研发部门', '/tool/gen/edit', '127.0.0.1', '内网IP', '{\"tableId\":[\"3\"],\"tableName\":[\"sys_dict_data\"],\"tableComment\":[\"字典数据表\"],\"className\":[\"SysDictData\"],\"functionAuthor\":[\"ruoyi\"],\"remark\":[\"\"],\"columns[0].columnId\":[\"20\"],\"columns[0].sort\":[\"1\"],\"columns[0].columnComment\":[\"字典编码\"],\"columns[0].javaType\":[\"Long\"],\"columns[0].javaField\":[\"dictCode\"],\"columns[0].isInsert\":[\"1\"],\"columns[0].queryType\":[\"EQ\"],\"columns[0].htmlType\":[\"input\"],\"columns[0].dictType\":[\"\"],\"columns[1].columnId\":[\"21\"],\"columns[1].sort\":[\"2\"],\"columns[1].columnComment\":[\"字典排序\"],\"columns[1].javaType\":[\"Integer\"],\"columns[1].javaField\":[\"dictSort\"],\"columns[1].isInsert\":[\"1\"],\"columns[1].isEdit\":[\"1\"],\"columns[1].isList\":[\"1\"],\"columns[1].isQuery\":[\"1\"],\"columns[1].queryType\":[\"EQ\"],\"columns[1].htmlType\":[\"input\"],\"columns[1].dictType\":[\"\"],\"columns[2].columnId\":[\"22\"],\"columns[2].sort\":[\"3\"],\"columns[2].columnComment\":[\"字典标签\"],\"columns[2].javaType\":[\"String\"],\"columns[2].javaField\":[\"dictLabel\"],\"columns[2].isInsert\":[\"1\"],\"columns[2].isEdit\":[\"1\"],\"columns[2].isList\":[\"1\"],\"columns[2].isQuery\":[\"1\"],\"columns[2].queryType\":[\"EQ\"],\"columns[2].htmlType\":[\"input\"],\"columns[2].dictType\":[\"\"],\"columns[3].columnId\":[\"23\"],\"columns[3].sort\":[\"4\"],\"columns[3].columnComment\":[\"字典键值\"],\"columns[3].javaType\":[\"String\"],\"columns[3].javaField\":[\"dictValue\"],\"columns[3].isInsert\":[\"1\"],\"columns[3].isEdit\":[\"1\"],\"columns[3].isList\":[\"1\"],\"columns[3].isQuery\":[\"1\"],\"columns[3].queryType\":[\"EQ\"],\"columns[3].htmlType\":[\"input\"],\"columns[3].dictType\":[\"\"],\"columns[4].columnId\":[\"24\"],\"columns[4].sort\":[\"5\"],\"columns[4].columnComment\":[\"字典类型\"],\"columns[4].javaType\":[\"String\"],\"columns[4].javaField\":[\"dictType\"],\"columns[4].isInsert\":[\"1\"],\"columns[4].isEdit\":[\"1\"],\"columns[4].isList\":[\"1\"],\"columns[4].isQuery\":[\"1\"],\"columns[4].queryType\":[\"EQ\"],\"columns[4].htmlType\":[\"select\"],\"columns[4].dictType\":[\"\"],\"columns[5].columnId\":[\"25\"],\"columns[5].sort\":[\"6\"],\"columns[5].columnComment\":[\"样式属性（其他样式扩展）\"],\"columns[5].javaType\":[\"String\"],\"columns[5].javaField\":[\"cssClass\"],', '{\r\n  \"msg\" : \"操作成功\",\r\n  \"code\" : 0\r\n}', 0, NULL, '2020-09-06 13:00:26');
INSERT INTO `sys_oper_log` VALUES (123, '代码生成', 8, 'com.ruoyi.generator.controller.GenController.genCode()', 'GET', 1, 'admin', '研发部门', '/tool/gen/genCode/sys_dict_data', '127.0.0.1', '内网IP', NULL, '{\r\n  \"msg\" : \"操作成功\",\r\n  \"code\" : 0\r\n}', 0, NULL, '2020-09-06 13:00:34');
INSERT INTO `sys_oper_log` VALUES (124, '菜单管理', 3, 'com.ruoyi.web.controller.system.SysMenuController.remove()', 'GET', 1, 'admin', '研发部门', '/system/menu/remove/2000', '127.0.0.1', '内网IP', NULL, '{\r\n  \"msg\" : \"操作成功\",\r\n  \"code\" : 0\r\n}', 0, NULL, '2020-09-06 13:08:11');
INSERT INTO `sys_oper_log` VALUES (125, '菜单管理', 1, 'com.ruoyi.web.controller.system.SysMenuController.addSave()', 'POST', 1, 'admin', '研发部门', '/system/menu/add', '127.0.0.1', '内网IP', '{\"parentId\":[\"1\"],\"menuType\":[\"C\"],\"menuName\":[\"站点管理\"],\"url\":[\"/system/site\"],\"target\":[\"menuItem\"],\"perms\":[\"sytstem:site\"],\"orderNum\":[\"1\"],\"icon\":[\"\"],\"visible\":[\"0\"]}', '{\r\n  \"msg\" : \"操作成功\",\r\n  \"code\" : 0\r\n}', 0, NULL, '2020-09-06 13:08:58');
INSERT INTO `sys_oper_log` VALUES (126, '代码生成', 2, 'com.ruoyi.generator.controller.GenController.editSave()', 'POST', 1, 'admin', '研发部门', '/tool/gen/edit', '127.0.0.1', '内网IP', '{\"tableId\":[\"3\"],\"tableName\":[\"sys_dict_data\"],\"tableComment\":[\"字典数据表\"],\"className\":[\"SysDictData\"],\"functionAuthor\":[\"ruoyi\"],\"remark\":[\"\"],\"columns[0].columnId\":[\"20\"],\"columns[0].sort\":[\"1\"],\"columns[0].columnComment\":[\"字典编码\"],\"columns[0].javaType\":[\"Long\"],\"columns[0].javaField\":[\"dictCode\"],\"columns[0].isInsert\":[\"1\"],\"columns[0].queryType\":[\"EQ\"],\"columns[0].htmlType\":[\"input\"],\"columns[0].dictType\":[\"\"],\"columns[1].columnId\":[\"21\"],\"columns[1].sort\":[\"2\"],\"columns[1].columnComment\":[\"字典排序\"],\"columns[1].javaType\":[\"Integer\"],\"columns[1].javaField\":[\"dictSort\"],\"columns[1].isInsert\":[\"1\"],\"columns[1].isEdit\":[\"1\"],\"columns[1].isList\":[\"1\"],\"columns[1].isQuery\":[\"1\"],\"columns[1].queryType\":[\"EQ\"],\"columns[1].htmlType\":[\"input\"],\"columns[1].dictType\":[\"\"],\"columns[2].columnId\":[\"22\"],\"columns[2].sort\":[\"3\"],\"columns[2].columnComment\":[\"字典标签\"],\"columns[2].javaType\":[\"String\"],\"columns[2].javaField\":[\"dictLabel\"],\"columns[2].isInsert\":[\"1\"],\"columns[2].isEdit\":[\"1\"],\"columns[2].isList\":[\"1\"],\"columns[2].isQuery\":[\"1\"],\"columns[2].queryType\":[\"EQ\"],\"columns[2].htmlType\":[\"input\"],\"columns[2].dictType\":[\"\"],\"columns[3].columnId\":[\"23\"],\"columns[3].sort\":[\"4\"],\"columns[3].columnComment\":[\"字典键值\"],\"columns[3].javaType\":[\"String\"],\"columns[3].javaField\":[\"dictValue\"],\"columns[3].isInsert\":[\"1\"],\"columns[3].isEdit\":[\"1\"],\"columns[3].isList\":[\"1\"],\"columns[3].isQuery\":[\"1\"],\"columns[3].queryType\":[\"EQ\"],\"columns[3].htmlType\":[\"input\"],\"columns[3].dictType\":[\"\"],\"columns[4].columnId\":[\"24\"],\"columns[4].sort\":[\"5\"],\"columns[4].columnComment\":[\"字典类型\"],\"columns[4].javaType\":[\"String\"],\"columns[4].javaField\":[\"dictType\"],\"columns[4].isInsert\":[\"1\"],\"columns[4].isEdit\":[\"1\"],\"columns[4].isList\":[\"1\"],\"columns[4].isQuery\":[\"1\"],\"columns[4].queryType\":[\"EQ\"],\"columns[4].htmlType\":[\"select\"],\"columns[4].dictType\":[\"\"],\"columns[5].columnId\":[\"25\"],\"columns[5].sort\":[\"6\"],\"columns[5].columnComment\":[\"样式属性（其他样式扩展）\"],\"columns[5].javaType\":[\"String\"],\"columns[5].javaField\":[\"cssClass\"],', '{\r\n  \"msg\" : \"操作成功\",\r\n  \"code\" : 0\r\n}', 0, NULL, '2020-09-06 14:55:56');
INSERT INTO `sys_oper_log` VALUES (127, '代码生成', 8, 'com.ruoyi.generator.controller.GenController.genCode()', 'GET', 1, 'admin', '研发部门', '/tool/gen/genCode/sys_dict_data', '127.0.0.1', '内网IP', NULL, '{\r\n  \"msg\" : \"操作成功\",\r\n  \"code\" : 0\r\n}', 0, NULL, '2020-09-06 14:56:00');
INSERT INTO `sys_oper_log` VALUES (128, '代码生成', 6, 'com.ruoyi.generator.controller.GenController.importTableSave()', 'POST', 1, 'admin', '研发部门', '/tool/gen/importTable', '127.0.0.1', '内网IP', '{\"tables\":[\"sys_site\"]}', '{\r\n  \"msg\" : \"操作成功\",\r\n  \"code\" : 0\r\n}', 0, NULL, '2020-09-06 14:56:38');
INSERT INTO `sys_oper_log` VALUES (129, '代码生成', 2, 'com.ruoyi.generator.controller.GenController.synchDb()', 'GET', 1, 'admin', '研发部门', '/tool/gen/synchDb/wj_material', '127.0.0.1', '内网IP', NULL, '{\r\n  \"msg\" : \"操作成功\",\r\n  \"code\" : 0\r\n}', 0, NULL, '2020-09-06 14:56:42');
INSERT INTO `sys_oper_log` VALUES (130, '代码生成', 2, 'com.ruoyi.generator.controller.GenController.synchDb()', 'GET', 1, 'admin', '研发部门', '/tool/gen/synchDb/sys_site', '127.0.0.1', '内网IP', NULL, '{\r\n  \"msg\" : \"操作成功\",\r\n  \"code\" : 0\r\n}', 0, NULL, '2020-09-06 14:56:51');
INSERT INTO `sys_oper_log` VALUES (131, '代码生成', 2, 'com.ruoyi.generator.controller.GenController.editSave()', 'POST', 1, 'admin', '研发部门', '/tool/gen/edit', '127.0.0.1', '内网IP', '{\"tableId\":[\"4\"],\"tableName\":[\"sys_site\"],\"tableComment\":[\"站点\"],\"className\":[\"SysSite\"],\"functionAuthor\":[\"ruoyi\"],\"remark\":[\"\"],\"columns[0].columnId\":[\"34\"],\"columns[0].sort\":[\"1\"],\"columns[0].columnComment\":[\"主键\"],\"columns[0].javaType\":[\"Long\"],\"columns[0].javaField\":[\"id\"],\"columns[0].isInsert\":[\"1\"],\"columns[0].queryType\":[\"EQ\"],\"columns[0].htmlType\":[\"input\"],\"columns[0].dictType\":[\"\"],\"columns[1].columnId\":[\"35\"],\"columns[1].sort\":[\"2\"],\"columns[1].columnComment\":[\"站点名称\"],\"columns[1].javaType\":[\"String\"],\"columns[1].javaField\":[\"name\"],\"columns[1].isInsert\":[\"1\"],\"columns[1].isEdit\":[\"1\"],\"columns[1].isList\":[\"1\"],\"columns[1].isQuery\":[\"1\"],\"columns[1].queryType\":[\"LIKE\"],\"columns[1].isRequired\":[\"1\"],\"columns[1].htmlType\":[\"input\"],\"columns[1].dictType\":[\"\"],\"columns[2].columnId\":[\"36\"],\"columns[2].sort\":[\"3\"],\"columns[2].columnComment\":[\"站点地址\"],\"columns[2].javaType\":[\"String\"],\"columns[2].javaField\":[\"sitePath\"],\"columns[2].isInsert\":[\"1\"],\"columns[2].isEdit\":[\"1\"],\"columns[2].isList\":[\"1\"],\"columns[2].queryType\":[\"EQ\"],\"columns[2].isRequired\":[\"1\"],\"columns[2].htmlType\":[\"input\"],\"columns[2].dictType\":[\"\"],\"columns[3].columnId\":[\"37\"],\"columns[3].sort\":[\"4\"],\"columns[3].columnComment\":[\"状态（0正常 1停用）\"],\"columns[3].javaType\":[\"String\"],\"columns[3].javaField\":[\"status\"],\"columns[3].isInsert\":[\"1\"],\"columns[3].isEdit\":[\"1\"],\"columns[3].isList\":[\"1\"],\"columns[3].queryType\":[\"EQ\"],\"columns[3].htmlType\":[\"radio\"],\"columns[3].dictType\":[\"\"],\"columns[4].columnId\":[\"38\"],\"columns[4].sort\":[\"5\"],\"columns[4].columnComment\":[\"创建者\"],\"columns[4].javaType\":[\"String\"],\"columns[4].javaField\":[\"createBy\"],\"columns[4].isInsert\":[\"1\"],\"columns[4].queryType\":[\"EQ\"],\"columns[4].htmlType\":[\"input\"],\"columns[4].dictType\":[\"\"],\"columns[5].columnId\":[\"39\"],\"columns[5].sort\":[\"6\"],\"columns[5].columnComment\":[\"创建时间\"],\"columns[5].javaType\":[\"Date\"],\"columns[5].javaField\":[\"createTime\"],\"columns[5].isInsert\":[\"1\"],\"columns[5].queryType\":[\"EQ\"],\"columns[5].htmlType\":[\"datetime\"],\"columns[5', '{\r\n  \"msg\" : \"操作成功\",\r\n  \"code\" : 0\r\n}', 0, NULL, '2020-09-06 14:57:58');
INSERT INTO `sys_oper_log` VALUES (132, '代码生成', 2, 'com.ruoyi.generator.controller.GenController.editSave()', 'POST', 1, 'admin', '研发部门', '/tool/gen/edit', '127.0.0.1', '内网IP', '{\"tableId\":[\"4\"],\"tableName\":[\"sys_site\"],\"tableComment\":[\"站点\"],\"className\":[\"SysSite\"],\"functionAuthor\":[\"ruoyi\"],\"remark\":[\"\"],\"columns[0].columnId\":[\"34\"],\"columns[0].sort\":[\"1\"],\"columns[0].columnComment\":[\"主键\"],\"columns[0].javaType\":[\"Long\"],\"columns[0].javaField\":[\"id\"],\"columns[0].isInsert\":[\"1\"],\"columns[0].queryType\":[\"EQ\"],\"columns[0].htmlType\":[\"input\"],\"columns[0].dictType\":[\"\"],\"columns[1].columnId\":[\"35\"],\"columns[1].sort\":[\"2\"],\"columns[1].columnComment\":[\"站点名称\"],\"columns[1].javaType\":[\"String\"],\"columns[1].javaField\":[\"name\"],\"columns[1].isInsert\":[\"1\"],\"columns[1].isEdit\":[\"1\"],\"columns[1].isList\":[\"1\"],\"columns[1].isQuery\":[\"1\"],\"columns[1].queryType\":[\"LIKE\"],\"columns[1].isRequired\":[\"1\"],\"columns[1].htmlType\":[\"input\"],\"columns[1].dictType\":[\"\"],\"columns[2].columnId\":[\"36\"],\"columns[2].sort\":[\"3\"],\"columns[2].columnComment\":[\"站点地址\"],\"columns[2].javaType\":[\"String\"],\"columns[2].javaField\":[\"sitePath\"],\"columns[2].isInsert\":[\"1\"],\"columns[2].isEdit\":[\"1\"],\"columns[2].isList\":[\"1\"],\"columns[2].queryType\":[\"EQ\"],\"columns[2].isRequired\":[\"1\"],\"columns[2].htmlType\":[\"input\"],\"columns[2].dictType\":[\"\"],\"columns[3].columnId\":[\"37\"],\"columns[3].sort\":[\"4\"],\"columns[3].columnComment\":[\"状态（0正常 1停用）\"],\"columns[3].javaType\":[\"String\"],\"columns[3].javaField\":[\"status\"],\"columns[3].isInsert\":[\"1\"],\"columns[3].isEdit\":[\"1\"],\"columns[3].isList\":[\"1\"],\"columns[3].queryType\":[\"EQ\"],\"columns[3].htmlType\":[\"radio\"],\"columns[3].dictType\":[\"\"],\"columns[4].columnId\":[\"38\"],\"columns[4].sort\":[\"5\"],\"columns[4].columnComment\":[\"创建者\"],\"columns[4].javaType\":[\"String\"],\"columns[4].javaField\":[\"createBy\"],\"columns[4].isInsert\":[\"1\"],\"columns[4].queryType\":[\"EQ\"],\"columns[4].htmlType\":[\"input\"],\"columns[4].dictType\":[\"\"],\"columns[5].columnId\":[\"39\"],\"columns[5].sort\":[\"6\"],\"columns[5].columnComment\":[\"创建时间\"],\"columns[5].javaType\":[\"Date\"],\"columns[5].javaField\":[\"createTime\"],\"columns[5].isInsert\":[\"1\"],\"columns[5].queryType\":[\"EQ\"],\"columns[5].htmlType\":[\"datetime\"],\"columns[5', '{\r\n  \"msg\" : \"操作成功\",\r\n  \"code\" : 0\r\n}', 0, NULL, '2020-09-06 14:58:47');
INSERT INTO `sys_oper_log` VALUES (133, '代码生成', 8, 'com.ruoyi.generator.controller.GenController.genCode()', 'GET', 1, 'admin', '研发部门', '/tool/gen/genCode/sys_site', '127.0.0.1', '内网IP', NULL, '{\r\n  \"msg\" : \"操作成功\",\r\n  \"code\" : 0\r\n}', 0, NULL, '2020-09-06 14:58:52');
INSERT INTO `sys_oper_log` VALUES (134, '字典类型', 1, 'com.ruoyi.web.controller.system.SysDictTypeController.addSave()', 'POST', 1, 'admin', '研发部门', '/system/dict/add', '127.0.0.1', '内网IP', '{\"dictName\":[\"状态\"],\"dictType\":[\"status\"],\"status\":[\"0\"],\"remark\":[\"\"]}', '{\r\n  \"msg\" : \"操作成功\",\r\n  \"code\" : 0\r\n}', 0, NULL, '2020-09-06 15:07:36');
INSERT INTO `sys_oper_log` VALUES (135, '字典数据', 1, 'com.ruoyi.web.controller.system.SysDictDataController.addSave()', 'POST', 1, 'admin', '研发部门', '/system/dict/data/add', '127.0.0.1', '内网IP', '{\"dictLabel\":[\"0\"],\"dictValue\":[\"正常\"],\"dictType\":[\"status\"],\"cssClass\":[\"\"],\"dictSort\":[\"1\"],\"listClass\":[\"\"],\"isDefault\":[\"Y\"],\"status\":[\"0\"],\"remark\":[\"\"]}', '{\r\n  \"msg\" : \"操作成功\",\r\n  \"code\" : 0\r\n}', 0, NULL, '2020-09-06 15:07:54');
INSERT INTO `sys_oper_log` VALUES (136, '字典数据', 1, 'com.ruoyi.web.controller.system.SysDictDataController.addSave()', 'POST', 1, 'admin', '研发部门', '/system/dict/data/add', '127.0.0.1', '内网IP', '{\"dictLabel\":[\"1\"],\"dictValue\":[\"停用\"],\"dictType\":[\"status\"],\"cssClass\":[\"\"],\"dictSort\":[\"2\"],\"listClass\":[\"\"],\"isDefault\":[\"Y\"],\"status\":[\"0\"],\"remark\":[\"\"]}', '{\r\n  \"msg\" : \"操作成功\",\r\n  \"code\" : 0\r\n}', 0, NULL, '2020-09-06 15:08:09');
INSERT INTO `sys_oper_log` VALUES (137, '代码生成', 2, 'com.ruoyi.generator.controller.GenController.editSave()', 'POST', 1, 'admin', '研发部门', '/tool/gen/edit', '127.0.0.1', '内网IP', '{\"tableId\":[\"4\"],\"tableName\":[\"sys_site\"],\"tableComment\":[\"站点\"],\"className\":[\"SysSite\"],\"functionAuthor\":[\"ruoyi\"],\"remark\":[\"\"],\"columns[0].columnId\":[\"34\"],\"columns[0].sort\":[\"1\"],\"columns[0].columnComment\":[\"主键\"],\"columns[0].javaType\":[\"Long\"],\"columns[0].javaField\":[\"id\"],\"columns[0].isInsert\":[\"1\"],\"columns[0].queryType\":[\"EQ\"],\"columns[0].htmlType\":[\"input\"],\"columns[0].dictType\":[\"\"],\"columns[1].columnId\":[\"35\"],\"columns[1].sort\":[\"2\"],\"columns[1].columnComment\":[\"站点名称\"],\"columns[1].javaType\":[\"String\"],\"columns[1].javaField\":[\"name\"],\"columns[1].isInsert\":[\"1\"],\"columns[1].isEdit\":[\"1\"],\"columns[1].isList\":[\"1\"],\"columns[1].isQuery\":[\"1\"],\"columns[1].queryType\":[\"LIKE\"],\"columns[1].isRequired\":[\"1\"],\"columns[1].htmlType\":[\"input\"],\"columns[1].dictType\":[\"\"],\"columns[2].columnId\":[\"36\"],\"columns[2].sort\":[\"3\"],\"columns[2].columnComment\":[\"站点地址\"],\"columns[2].javaType\":[\"String\"],\"columns[2].javaField\":[\"sitePath\"],\"columns[2].isInsert\":[\"1\"],\"columns[2].isEdit\":[\"1\"],\"columns[2].isList\":[\"1\"],\"columns[2].queryType\":[\"EQ\"],\"columns[2].isRequired\":[\"1\"],\"columns[2].htmlType\":[\"input\"],\"columns[2].dictType\":[\"\"],\"columns[3].columnId\":[\"37\"],\"columns[3].sort\":[\"4\"],\"columns[3].columnComment\":[\"状态（0正常 1停用）\"],\"columns[3].javaType\":[\"String\"],\"columns[3].javaField\":[\"status\"],\"columns[3].isInsert\":[\"1\"],\"columns[3].isEdit\":[\"1\"],\"columns[3].isList\":[\"1\"],\"columns[3].queryType\":[\"EQ\"],\"columns[3].htmlType\":[\"radio\"],\"columns[3].dictType\":[\"status\"],\"columns[4].columnId\":[\"38\"],\"columns[4].sort\":[\"5\"],\"columns[4].columnComment\":[\"创建者\"],\"columns[4].javaType\":[\"String\"],\"columns[4].javaField\":[\"createBy\"],\"columns[4].isInsert\":[\"1\"],\"columns[4].queryType\":[\"EQ\"],\"columns[4].htmlType\":[\"input\"],\"columns[4].dictType\":[\"\"],\"columns[5].columnId\":[\"39\"],\"columns[5].sort\":[\"6\"],\"columns[5].columnComment\":[\"创建时间\"],\"columns[5].javaType\":[\"Date\"],\"columns[5].javaField\":[\"createTime\"],\"columns[5].isInsert\":[\"1\"],\"columns[5].queryType\":[\"EQ\"],\"columns[5].htmlType\":[\"datetime\"],\"col', '{\r\n  \"msg\" : \"操作成功\",\r\n  \"code\" : 0\r\n}', 0, NULL, '2020-09-06 15:08:35');
INSERT INTO `sys_oper_log` VALUES (138, '代码生成', 8, 'com.ruoyi.generator.controller.GenController.genCode()', 'GET', 1, 'admin', '研发部门', '/tool/gen/genCode/sys_site', '127.0.0.1', '内网IP', NULL, '{\r\n  \"msg\" : \"操作成功\",\r\n  \"code\" : 0\r\n}', 0, NULL, '2020-09-06 15:08:38');
INSERT INTO `sys_oper_log` VALUES (139, '代码生成', 3, 'com.ruoyi.generator.controller.GenController.remove()', 'POST', 1, 'admin', '研发部门', '/tool/gen/remove', '127.0.0.1', '内网IP', '{\"ids\":[\"3\"]}', '{\r\n  \"msg\" : \"操作成功\",\r\n  \"code\" : 0\r\n}', 0, NULL, '2020-09-06 15:08:41');
INSERT INTO `sys_oper_log` VALUES (140, '代码生成', 3, 'com.ruoyi.generator.controller.GenController.remove()', 'POST', 1, 'admin', '研发部门', '/tool/gen/remove', '127.0.0.1', '内网IP', '{\"ids\":[\"2\"]}', '{\r\n  \"msg\" : \"操作成功\",\r\n  \"code\" : 0\r\n}', 0, NULL, '2020-09-06 15:08:45');
INSERT INTO `sys_oper_log` VALUES (141, '字典数据', 2, 'com.ruoyi.web.controller.system.SysDictDataController.editSave()', 'POST', 1, 'admin', '研发部门', '/system/dict/data/edit', '127.0.0.1', '内网IP', '{\"dictCode\":[\"30\"],\"dictLabel\":[\"正常\"],\"dictValue\":[\"0\"],\"dictType\":[\"status\"],\"cssClass\":[\"\"],\"dictSort\":[\"1\"],\"listClass\":[\"\"],\"isDefault\":[\"Y\"],\"status\":[\"0\"],\"remark\":[\"\"]}', '{\r\n  \"msg\" : \"操作成功\",\r\n  \"code\" : 0\r\n}', 0, NULL, '2020-09-06 15:09:35');
INSERT INTO `sys_oper_log` VALUES (142, '字典数据', 2, 'com.ruoyi.web.controller.system.SysDictDataController.editSave()', 'POST', 1, 'admin', '研发部门', '/system/dict/data/edit', '127.0.0.1', '内网IP', '{\"dictCode\":[\"31\"],\"dictLabel\":[\"停用\"],\"dictValue\":[\"1\"],\"dictType\":[\"status\"],\"cssClass\":[\"\"],\"dictSort\":[\"2\"],\"listClass\":[\"\"],\"isDefault\":[\"Y\"],\"status\":[\"0\"],\"remark\":[\"\"]}', '{\r\n  \"msg\" : \"操作成功\",\r\n  \"code\" : 0\r\n}', 0, NULL, '2020-09-06 15:09:43');
INSERT INTO `sys_oper_log` VALUES (143, '代码生成', 2, 'com.ruoyi.generator.controller.GenController.editSave()', 'POST', 1, 'admin', '研发部门', '/tool/gen/edit', '127.0.0.1', '内网IP', '{\"tableId\":[\"4\"],\"tableName\":[\"sys_site\"],\"tableComment\":[\"站点\"],\"className\":[\"SysSite\"],\"functionAuthor\":[\"ruoyi\"],\"remark\":[\"\"],\"columns[0].columnId\":[\"34\"],\"columns[0].sort\":[\"1\"],\"columns[0].columnComment\":[\"主键\"],\"columns[0].javaType\":[\"Long\"],\"columns[0].javaField\":[\"id\"],\"columns[0].isInsert\":[\"1\"],\"columns[0].isList\":[\"1\"],\"columns[0].queryType\":[\"EQ\"],\"columns[0].htmlType\":[\"input\"],\"columns[0].dictType\":[\"\"],\"columns[1].columnId\":[\"35\"],\"columns[1].sort\":[\"2\"],\"columns[1].columnComment\":[\"站点名称\"],\"columns[1].javaType\":[\"String\"],\"columns[1].javaField\":[\"name\"],\"columns[1].isInsert\":[\"1\"],\"columns[1].isEdit\":[\"1\"],\"columns[1].isList\":[\"1\"],\"columns[1].isQuery\":[\"1\"],\"columns[1].queryType\":[\"LIKE\"],\"columns[1].isRequired\":[\"1\"],\"columns[1].htmlType\":[\"input\"],\"columns[1].dictType\":[\"\"],\"columns[2].columnId\":[\"36\"],\"columns[2].sort\":[\"3\"],\"columns[2].columnComment\":[\"站点地址\"],\"columns[2].javaType\":[\"String\"],\"columns[2].javaField\":[\"sitePath\"],\"columns[2].isInsert\":[\"1\"],\"columns[2].isEdit\":[\"1\"],\"columns[2].isList\":[\"1\"],\"columns[2].queryType\":[\"EQ\"],\"columns[2].isRequired\":[\"1\"],\"columns[2].htmlType\":[\"input\"],\"columns[2].dictType\":[\"\"],\"columns[3].columnId\":[\"37\"],\"columns[3].sort\":[\"4\"],\"columns[3].columnComment\":[\"状态（0正常 1停用）\"],\"columns[3].javaType\":[\"String\"],\"columns[3].javaField\":[\"status\"],\"columns[3].isInsert\":[\"1\"],\"columns[3].isEdit\":[\"1\"],\"columns[3].isList\":[\"1\"],\"columns[3].queryType\":[\"EQ\"],\"columns[3].htmlType\":[\"radio\"],\"columns[3].dictType\":[\"status\"],\"columns[4].columnId\":[\"38\"],\"columns[4].sort\":[\"5\"],\"columns[4].columnComment\":[\"创建者\"],\"columns[4].javaType\":[\"String\"],\"columns[4].javaField\":[\"createBy\"],\"columns[4].isInsert\":[\"1\"],\"columns[4].queryType\":[\"EQ\"],\"columns[4].htmlType\":[\"input\"],\"columns[4].dictType\":[\"\"],\"columns[5].columnId\":[\"39\"],\"columns[5].sort\":[\"6\"],\"columns[5].columnComment\":[\"创建时间\"],\"columns[5].javaType\":[\"Date\"],\"columns[5].javaField\":[\"createTime\"],\"columns[5].isInsert\":[\"1\"],\"columns[5].queryType\":[\"EQ\"],\"columns[5].h', '{\r\n  \"msg\" : \"操作成功\",\r\n  \"code\" : 0\r\n}', 0, NULL, '2020-09-06 15:11:24');
INSERT INTO `sys_oper_log` VALUES (144, '代码生成', 8, 'com.ruoyi.generator.controller.GenController.genCode()', 'GET', 1, 'admin', '研发部门', '/tool/gen/genCode/sys_site', '127.0.0.1', '内网IP', NULL, '{\r\n  \"msg\" : \"操作成功\",\r\n  \"code\" : 0\r\n}', 0, NULL, '2020-09-06 15:11:27');
INSERT INTO `sys_oper_log` VALUES (145, '代码生成', 2, 'com.ruoyi.generator.controller.GenController.editSave()', 'POST', 1, 'admin', '研发部门', '/tool/gen/edit', '127.0.0.1', '内网IP', '{\"tableId\":[\"4\"],\"tableName\":[\"sys_site\"],\"tableComment\":[\"站点\"],\"className\":[\"SysSite\"],\"functionAuthor\":[\"ruoyi\"],\"remark\":[\"\"],\"columns[0].columnId\":[\"34\"],\"columns[0].sort\":[\"1\"],\"columns[0].columnComment\":[\"主键\"],\"columns[0].javaType\":[\"Long\"],\"columns[0].javaField\":[\"id\"],\"columns[0].isInsert\":[\"1\"],\"columns[0].isList\":[\"1\"],\"columns[0].queryType\":[\"EQ\"],\"columns[0].htmlType\":[\"input\"],\"columns[0].dictType\":[\"\"],\"columns[1].columnId\":[\"35\"],\"columns[1].sort\":[\"2\"],\"columns[1].columnComment\":[\"站点名称\"],\"columns[1].javaType\":[\"String\"],\"columns[1].javaField\":[\"name\"],\"columns[1].isInsert\":[\"1\"],\"columns[1].isEdit\":[\"1\"],\"columns[1].isList\":[\"1\"],\"columns[1].isQuery\":[\"1\"],\"columns[1].queryType\":[\"LIKE\"],\"columns[1].isRequired\":[\"1\"],\"columns[1].htmlType\":[\"input\"],\"columns[1].dictType\":[\"\"],\"columns[2].columnId\":[\"36\"],\"columns[2].sort\":[\"3\"],\"columns[2].columnComment\":[\"站点地址\"],\"columns[2].javaType\":[\"String\"],\"columns[2].javaField\":[\"sitePath\"],\"columns[2].isInsert\":[\"1\"],\"columns[2].isEdit\":[\"1\"],\"columns[2].isList\":[\"1\"],\"columns[2].queryType\":[\"EQ\"],\"columns[2].isRequired\":[\"1\"],\"columns[2].htmlType\":[\"input\"],\"columns[2].dictType\":[\"\"],\"columns[3].columnId\":[\"37\"],\"columns[3].sort\":[\"4\"],\"columns[3].columnComment\":[\"状态（0正常 1停用）\"],\"columns[3].javaType\":[\"String\"],\"columns[3].javaField\":[\"status\"],\"columns[3].isInsert\":[\"1\"],\"columns[3].isEdit\":[\"1\"],\"columns[3].isList\":[\"1\"],\"columns[3].queryType\":[\"EQ\"],\"columns[3].htmlType\":[\"radio\"],\"columns[3].dictType\":[\"status\"],\"columns[4].columnId\":[\"38\"],\"columns[4].sort\":[\"5\"],\"columns[4].columnComment\":[\"创建者\"],\"columns[4].javaType\":[\"String\"],\"columns[4].javaField\":[\"createBy\"],\"columns[4].isInsert\":[\"1\"],\"columns[4].queryType\":[\"EQ\"],\"columns[4].htmlType\":[\"input\"],\"columns[4].dictType\":[\"\"],\"columns[5].columnId\":[\"39\"],\"columns[5].sort\":[\"6\"],\"columns[5].columnComment\":[\"创建时间\"],\"columns[5].javaType\":[\"Date\"],\"columns[5].javaField\":[\"createTime\"],\"columns[5].isInsert\":[\"1\"],\"columns[5].queryType\":[\"EQ\"],\"columns[5].h', '{\r\n  \"msg\" : \"操作成功\",\r\n  \"code\" : 0\r\n}', 0, NULL, '2020-09-06 15:12:08');
INSERT INTO `sys_oper_log` VALUES (146, '代码生成', 8, 'com.ruoyi.generator.controller.GenController.genCode()', 'GET', 1, 'admin', '研发部门', '/tool/gen/genCode/sys_site', '127.0.0.1', '内网IP', NULL, '{\r\n  \"msg\" : \"操作成功\",\r\n  \"code\" : 0\r\n}', 0, NULL, '2020-09-06 15:13:08');
INSERT INTO `sys_oper_log` VALUES (147, '代码生成', 2, 'com.ruoyi.generator.controller.GenController.editSave()', 'POST', 1, 'admin', '研发部门', '/tool/gen/edit', '127.0.0.1', '内网IP', '{\"tableId\":[\"4\"],\"tableName\":[\"sys_site\"],\"tableComment\":[\"站点\"],\"className\":[\"SysSite\"],\"functionAuthor\":[\"ruoyi\"],\"remark\":[\"\"],\"columns[0].columnId\":[\"34\"],\"columns[0].sort\":[\"1\"],\"columns[0].columnComment\":[\"主键\"],\"columns[0].javaType\":[\"Long\"],\"columns[0].javaField\":[\"id\"],\"columns[0].isInsert\":[\"1\"],\"columns[0].isList\":[\"1\"],\"columns[0].queryType\":[\"EQ\"],\"columns[0].htmlType\":[\"input\"],\"columns[0].dictType\":[\"\"],\"columns[1].columnId\":[\"35\"],\"columns[1].sort\":[\"2\"],\"columns[1].columnComment\":[\"站点名称\"],\"columns[1].javaType\":[\"String\"],\"columns[1].javaField\":[\"name\"],\"columns[1].isInsert\":[\"1\"],\"columns[1].isEdit\":[\"1\"],\"columns[1].isList\":[\"1\"],\"columns[1].isQuery\":[\"1\"],\"columns[1].queryType\":[\"LIKE\"],\"columns[1].isRequired\":[\"1\"],\"columns[1].htmlType\":[\"input\"],\"columns[1].dictType\":[\"\"],\"columns[2].columnId\":[\"36\"],\"columns[2].sort\":[\"3\"],\"columns[2].columnComment\":[\"站点地址\"],\"columns[2].javaType\":[\"String\"],\"columns[2].javaField\":[\"sitePath\"],\"columns[2].isInsert\":[\"1\"],\"columns[2].isEdit\":[\"1\"],\"columns[2].isList\":[\"1\"],\"columns[2].queryType\":[\"EQ\"],\"columns[2].isRequired\":[\"1\"],\"columns[2].htmlType\":[\"input\"],\"columns[2].dictType\":[\"\"],\"columns[3].columnId\":[\"37\"],\"columns[3].sort\":[\"4\"],\"columns[3].columnComment\":[\"状态（0正常 1停用）\"],\"columns[3].javaType\":[\"String\"],\"columns[3].javaField\":[\"status\"],\"columns[3].isEdit\":[\"1\"],\"columns[3].isList\":[\"1\"],\"columns[3].queryType\":[\"EQ\"],\"columns[3].htmlType\":[\"radio\"],\"columns[3].dictType\":[\"status\"],\"columns[4].columnId\":[\"38\"],\"columns[4].sort\":[\"5\"],\"columns[4].columnComment\":[\"创建者\"],\"columns[4].javaType\":[\"String\"],\"columns[4].javaField\":[\"createBy\"],\"columns[4].isInsert\":[\"1\"],\"columns[4].queryType\":[\"EQ\"],\"columns[4].htmlType\":[\"input\"],\"columns[4].dictType\":[\"\"],\"columns[5].columnId\":[\"39\"],\"columns[5].sort\":[\"6\"],\"columns[5].columnComment\":[\"创建时间\"],\"columns[5].javaType\":[\"Date\"],\"columns[5].javaField\":[\"createTime\"],\"columns[5].isInsert\":[\"1\"],\"columns[5].queryType\":[\"EQ\"],\"columns[5].htmlType\":[\"datetime\"],\"colum', '{\r\n  \"msg\" : \"操作成功\",\r\n  \"code\" : 0\r\n}', 0, NULL, '2020-09-06 15:15:21');
INSERT INTO `sys_oper_log` VALUES (148, '代码生成', 8, 'com.ruoyi.generator.controller.GenController.genCode()', 'GET', 1, 'admin', '研发部门', '/tool/gen/genCode/sys_site', '127.0.0.1', '内网IP', NULL, '{\r\n  \"msg\" : \"操作成功\",\r\n  \"code\" : 0\r\n}', 0, NULL, '2020-09-06 15:15:25');
INSERT INTO `sys_oper_log` VALUES (149, '用户管理', 2, 'com.ruoyi.web.controller.system.SysUserController.editSave()', 'POST', 1, 'admin', '研发部门', '/system/user/edit', '127.0.0.1', '内网IP', '{\"userId\":[\"1\"],\"deptId\":[\"103\"],\"userName\":[\"若依\"],\"dept.deptName\":[\"研发部门\"],\"phonenumber\":[\"15888888888\"],\"siteId\":[\"1\"],\"email\":[\"ry@163.com\"],\"loginName\":[\"admin\"],\"sex\":[\"1\"],\"role\":[\"1\"],\"remark\":[\"管理员\"],\"status\":[\"0\"],\"roleIds\":[\"1\"],\"postIds\":[\"1\"]}', 'null', 1, '不允许操作超级管理员用户', '2020-09-06 18:53:19');
INSERT INTO `sys_oper_log` VALUES (150, '用户管理', 2, 'com.ruoyi.web.controller.system.SysUserController.editSave()', 'POST', 1, 'admin', '研发部门', '/system/user/edit', '127.0.0.1', '内网IP', '{\"userId\":[\"1\"],\"deptId\":[\"103\"],\"userName\":[\"若依\"],\"dept.deptName\":[\"研发部门\"],\"phonenumber\":[\"15888888888\"],\"siteId\":[\"1\"],\"email\":[\"ry@163.com\"],\"loginName\":[\"admin\"],\"sex\":[\"1\"],\"role\":[\"1\"],\"remark\":[\"管理员\"],\"status\":[\"0\"],\"roleIds\":[\"1\"],\"postIds\":[\"1\"]}', 'null', 1, '不允许操作超级管理员用户', '2020-09-06 18:53:25');
INSERT INTO `sys_oper_log` VALUES (151, '用户管理', 2, 'com.ruoyi.web.controller.system.SysUserController.editSave()', 'POST', 1, 'admin', '研发部门', '/system/user/edit', '127.0.0.1', '内网IP', '{\"userId\":[\"2\"],\"deptId\":[\"105\"],\"userName\":[\"若依\"],\"dept.deptName\":[\"测试部门\"],\"phonenumber\":[\"15666666666\"],\"siteId\":[\"1\"],\"email\":[\"ry@qq.com\"],\"loginName\":[\"ry\"],\"sex\":[\"1\"],\"role\":[\"2\"],\"remark\":[\"测试员\"],\"status\":[\"0\"],\"roleIds\":[\"2\"],\"postIds\":[\"2\"]}', '{\r\n  \"msg\" : \"操作成功\",\r\n  \"code\" : 0\r\n}', 0, NULL, '2020-09-06 18:53:35');
INSERT INTO `sys_oper_log` VALUES (152, '用户管理', 2, 'com.ruoyi.web.controller.system.SysUserController.editSave()', 'POST', 1, 'admin', '研发部门', '/system/user/edit', '127.0.0.1', '内网IP', '{\"userId\":[\"1\"],\"deptId\":[\"103\"],\"userName\":[\"若依\"],\"dept.deptName\":[\"研发部门\"],\"phonenumber\":[\"15888888888\"],\"siteId\":[\"1\",\"wjgw\"],\"email\":[\"ry@163.com\"],\"loginName\":[\"admin\"],\"sex\":[\"1\"],\"role\":[\"1\"],\"remark\":[\"管理员\"],\"status\":[\"0\"],\"roleIds\":[\"1\"],\"postIds\":[\"1\"]}', 'null', 1, '不允许操作超级管理员用户', '2020-09-06 19:30:42');
INSERT INTO `sys_oper_log` VALUES (153, '用户管理', 2, 'com.ruoyi.web.controller.system.SysUserController.editSave()', 'POST', 1, 'admin', '研发部门', '/system/user/edit', '127.0.0.1', '内网IP', '{\"userId\":[\"2\"],\"deptId\":[\"105\"],\"userName\":[\"若依\"],\"dept.deptName\":[\"测试部门\"],\"phonenumber\":[\"15666666666\"],\"siteId\":[\"2\",\"演示站点1\"],\"email\":[\"ry@qq.com\"],\"loginName\":[\"ry\"],\"sex\":[\"1\"],\"role\":[\"2\"],\"remark\":[\"测试员\"],\"status\":[\"0\"],\"roleIds\":[\"2\"],\"postIds\":[\"2\"]}', '{\r\n  \"msg\" : \"操作成功\",\r\n  \"code\" : 0\r\n}', 0, NULL, '2020-09-06 19:30:57');
INSERT INTO `sys_oper_log` VALUES (154, '用户管理', 2, 'com.ruoyi.web.controller.system.SysUserController.editSave()', 'POST', 1, 'admin', '研发部门', '/system/user/edit', '127.0.0.1', '内网IP', '{\"userId\":[\"2\"],\"deptId\":[\"105\"],\"userName\":[\"若依\"],\"dept.deptName\":[\"测试部门\"],\"phonenumber\":[\"15666666666\"],\"siteId\":[\"1\",\"wjgw\"],\"email\":[\"ry@qq.com\"],\"loginName\":[\"ry\"],\"sex\":[\"1\"],\"role\":[\"2\"],\"remark\":[\"测试员\"],\"status\":[\"0\"],\"roleIds\":[\"2\"],\"postIds\":[\"2\"]}', '{\r\n  \"msg\" : \"操作成功\",\r\n  \"code\" : 0\r\n}', 0, NULL, '2020-09-06 19:31:16');
INSERT INTO `sys_oper_log` VALUES (155, '用户管理', 2, 'com.ruoyi.web.controller.system.SysUserController.editSave()', 'POST', 1, 'admin', '研发部门', '/system/user/edit', '127.0.0.1', '内网IP', '{\"userId\":[\"2\"],\"deptId\":[\"105\"],\"userName\":[\"若依\"],\"dept.deptName\":[\"测试部门\"],\"phonenumber\":[\"15666666666\"],\"siteId\":[\"1\",\"超级管理员主站\"],\"email\":[\"ry@qq.com\"],\"loginName\":[\"ry\"],\"sex\":[\"1\"],\"role\":[\"2\"],\"remark\":[\"测试员\"],\"status\":[\"0\"],\"roleIds\":[\"2\"],\"postIds\":[\"2\"]}', '{\r\n  \"msg\" : \"操作成功\",\r\n  \"code\" : 0\r\n}', 0, NULL, '2020-09-06 19:36:05');
INSERT INTO `sys_oper_log` VALUES (156, '用户管理', 2, 'com.ruoyi.web.controller.system.SysUserController.editSave()', 'POST', 1, 'admin', '研发部门', '/system/user/edit', '127.0.0.1', '内网IP', '{\"userId\":[\"1\"],\"deptId\":[\"103\"],\"userName\":[\"若依\"],\"dept.deptName\":[\"研发部门\"],\"phonenumber\":[\"15888888888\"],\"siteId\":[\"1\",\"超级管理员主站\"],\"email\":[\"ry@163.com\"],\"loginName\":[\"admin\"],\"sex\":[\"1\"],\"role\":[\"1\"],\"remark\":[\"管理员\"],\"status\":[\"0\"],\"roleIds\":[\"1\"],\"postIds\":[\"1\"]}', 'null', 1, '不允许操作超级管理员用户', '2020-09-06 19:36:16');
INSERT INTO `sys_oper_log` VALUES (157, '用户管理', 2, 'com.ruoyi.web.controller.system.SysUserController.editSave()', 'POST', 1, 'admin', '研发部门', '/system/user/edit', '127.0.0.1', '内网IP', '{\"userId\":[\"2\"],\"deptId\":[\"105\"],\"userName\":[\"若依\"],\"dept.deptName\":[\"测试部门\"],\"phonenumber\":[\"15666666666\"],\"siteId\":[\"1\",\"超级管理员主站\"],\"email\":[\"ry@qq.com\"],\"loginName\":[\"ry\"],\"sex\":[\"1\"],\"role\":[\"2\"],\"remark\":[\"测试员\"],\"status\":[\"0\"],\"roleIds\":[\"2\"],\"postIds\":[\"2\"]}', '{\r\n  \"msg\" : \"操作成功\",\r\n  \"code\" : 0\r\n}', 0, NULL, '2020-09-06 19:36:35');
INSERT INTO `sys_oper_log` VALUES (158, '用户管理', 2, 'com.ruoyi.web.controller.system.SysUserController.editSave()', 'POST', 1, 'admin', '研发部门', '/system/user/edit', '127.0.0.1', '内网IP', '{\"userId\":[\"1\"],\"deptId\":[\"103\"],\"userName\":[\"若依\"],\"dept.deptName\":[\"研发部门\"],\"phonenumber\":[\"15888888888\"],\"siteId\":[\"1\",\"超级管理员主站\"],\"email\":[\"ry@163.com\"],\"loginName\":[\"admin\"],\"sex\":[\"1\"],\"role\":[\"1\"],\"remark\":[\"管理员\"],\"status\":[\"0\"],\"roleIds\":[\"1\"],\"postIds\":[\"1\"]}', 'null', 1, '不允许操作超级管理员用户', '2020-09-06 19:36:43');
INSERT INTO `sys_oper_log` VALUES (159, '菜单管理', 1, 'com.ruoyi.web.controller.system.SysMenuController.addSave()', 'POST', 1, 'admin', '研发部门', '/system/menu/add', '127.0.0.1', '内网IP', '{\"parentId\":[\"0\"],\"menuType\":[\"M\"],\"menuName\":[\"CMS管理\"],\"url\":[\"\"],\"target\":[\"menuItem\"],\"perms\":[\"\"],\"orderNum\":[\"1\"],\"icon\":[\"\"],\"visible\":[\"0\"]}', '{\r\n  \"msg\" : \"操作成功\",\r\n  \"code\" : 0\r\n}', 0, NULL, '2020-09-07 10:52:32');
INSERT INTO `sys_oper_log` VALUES (160, '菜单管理', 1, 'com.ruoyi.web.controller.system.SysMenuController.addSave()', 'POST', 1, 'admin', '研发部门', '/system/menu/add', '127.0.0.1', '内网IP', '{\"parentId\":[\"2002\"],\"menuType\":[\"C\"],\"menuName\":[\"素材管理\"],\"url\":[\"/cms/material\"],\"target\":[\"menuItem\"],\"perms\":[\"cms:material\"],\"orderNum\":[\"1\"],\"icon\":[\"\"],\"visible\":[\"0\"]}', '{\r\n  \"msg\" : \"操作成功\",\r\n  \"code\" : 0\r\n}', 0, NULL, '2020-09-07 12:14:47');
INSERT INTO `sys_oper_log` VALUES (161, '菜单管理', 1, 'com.ruoyi.web.controller.system.SysMenuController.addSave()', 'POST', 1, 'admin', '研发部门', '/system/menu/add', '127.0.0.1', '内网IP', '{\"parentId\":[\"2002\"],\"menuType\":[\"C\"],\"menuName\":[\"素材分组管理\"],\"url\":[\"/cms/materialGroup\"],\"target\":[\"menuItem\"],\"perms\":[\"cms:materialGroup\"],\"orderNum\":[\"1\"],\"icon\":[\"\"],\"visible\":[\"0\"]}', '{\r\n  \"msg\" : \"操作成功\",\r\n  \"code\" : 0\r\n}', 0, NULL, '2020-09-07 12:15:35');
INSERT INTO `sys_oper_log` VALUES (162, '代码生成', 6, 'com.ruoyi.generator.controller.GenController.importTableSave()', 'POST', 1, 'admin', '研发部门', '/tool/gen/importTable', '127.0.0.1', '内网IP', '{\"tables\":[\"cms_material,cms_material_group\"]}', '{\r\n  \"msg\" : \"操作成功\",\r\n  \"code\" : 0\r\n}', 0, NULL, '2020-09-07 12:16:20');
INSERT INTO `sys_oper_log` VALUES (163, '代码生成', 2, 'com.ruoyi.generator.controller.GenController.synchDb()', 'GET', 1, 'admin', '研发部门', '/tool/gen/synchDb/cms_material', '127.0.0.1', '内网IP', NULL, '{\r\n  \"msg\" : \"操作成功\",\r\n  \"code\" : 0\r\n}', 0, NULL, '2020-09-07 12:18:46');
INSERT INTO `sys_oper_log` VALUES (164, '代码生成', 2, 'com.ruoyi.generator.controller.GenController.synchDb()', 'GET', 1, 'admin', '研发部门', '/tool/gen/synchDb/cms_material_group', '127.0.0.1', '内网IP', NULL, '{\r\n  \"msg\" : \"操作成功\",\r\n  \"code\" : 0\r\n}', 0, NULL, '2020-09-07 12:18:47');
INSERT INTO `sys_oper_log` VALUES (165, '代码生成', 2, 'com.ruoyi.generator.controller.GenController.synchDb()', 'GET', 1, 'admin', '研发部门', '/tool/gen/synchDb/cms_material', '127.0.0.1', '内网IP', NULL, '{\r\n  \"msg\" : \"操作成功\",\r\n  \"code\" : 0\r\n}', 0, NULL, '2020-09-07 12:19:13');
INSERT INTO `sys_oper_log` VALUES (166, '代码生成', 2, 'com.ruoyi.generator.controller.GenController.synchDb()', 'GET', 1, 'admin', '研发部门', '/tool/gen/synchDb/cms_material_group', '127.0.0.1', '内网IP', NULL, '{\r\n  \"msg\" : \"操作成功\",\r\n  \"code\" : 0\r\n}', 0, NULL, '2020-09-07 12:25:26');
INSERT INTO `sys_oper_log` VALUES (167, '代码生成', 2, 'com.ruoyi.generator.controller.GenController.editSave()', 'POST', 1, 'admin', '研发部门', '/tool/gen/edit', '127.0.0.1', '内网IP', '{\"tableId\":[\"5\"],\"tableName\":[\"cms_material\"],\"tableComment\":[\"素材\"],\"className\":[\"CmsMaterial\"],\"functionAuthor\":[\"ruoyi\"],\"remark\":[\"\"],\"columns[0].columnId\":[\"43\"],\"columns[0].sort\":[\"1\"],\"columns[0].columnComment\":[\"主键\"],\"columns[0].javaType\":[\"Long\"],\"columns[0].javaField\":[\"id\"],\"columns[0].isInsert\":[\"1\"],\"columns[0].queryType\":[\"EQ\"],\"columns[0].htmlType\":[\"input\"],\"columns[0].dictType\":[\"\"],\"columns[1].columnId\":[\"44\"],\"columns[1].sort\":[\"2\"],\"columns[1].columnComment\":[\"分组id\"],\"columns[1].javaType\":[\"Long\"],\"columns[1].javaField\":[\"groupId\"],\"columns[1].isInsert\":[\"1\"],\"columns[1].isEdit\":[\"1\"],\"columns[1].isList\":[\"1\"],\"columns[1].queryType\":[\"EQ\"],\"columns[1].isRequired\":[\"1\"],\"columns[1].htmlType\":[\"input\"],\"columns[1].dictType\":[\"\"],\"columns[2].columnId\":[\"67\"],\"columns[2].sort\":[\"2\"],\"columns[2].columnComment\":[\"站点id\"],\"columns[2].javaType\":[\"Long\"],\"columns[2].javaField\":[\"siteId\"],\"columns[2].isInsert\":[\"1\"],\"columns[2].isEdit\":[\"1\"],\"columns[2].isList\":[\"1\"],\"columns[2].isQuery\":[\"1\"],\"columns[2].queryType\":[\"EQ\"],\"columns[2].htmlType\":[\"siteId\"],\"columns[2].dictType\":[\"\"],\"columns[3].columnId\":[\"45\"],\"columns[3].sort\":[\"3\"],\"columns[3].columnComment\":[\"素材名称\"],\"columns[3].javaType\":[\"String\"],\"columns[3].javaField\":[\"materialName\"],\"columns[3].isInsert\":[\"1\"],\"columns[3].isEdit\":[\"1\"],\"columns[3].isList\":[\"1\"],\"columns[3].isQuery\":[\"1\"],\"columns[3].queryType\":[\"LIKE\"],\"columns[3].isRequired\":[\"1\"],\"columns[3].htmlType\":[\"input\"],\"columns[3].dictType\":[\"\"],\"columns[4].columnId\":[\"46\"],\"columns[4].sort\":[\"4\"],\"columns[4].columnComment\":[\"素材类型 字典 1图片2视频\"],\"columns[4].javaType\":[\"Integer\"],\"columns[4].javaField\":[\"materialType\"],\"columns[4].isInsert\":[\"1\"],\"columns[4].isEdit\":[\"1\"],\"columns[4].isList\":[\"1\"],\"columns[4].queryType\":[\"EQ\"],\"columns[4].isRequired\":[\"1\"],\"columns[4].htmlType\":[\"select\"],\"columns[4].dictType\":[\"\"],\"columns[5].columnId\":[\"47\"],\"columns[5].sort\":[\"5\"],\"columns[5].columnComment\":[\"素材描述\"],\"columns[5].javaType\":[\"String\"],\"columns', '{\r\n  \"msg\" : \"操作成功\",\r\n  \"code\" : 0\r\n}', 0, NULL, '2020-09-07 12:57:37');
INSERT INTO `sys_oper_log` VALUES (168, '代码生成', 8, 'com.ruoyi.generator.controller.GenController.genCode()', 'GET', 1, 'admin', '研发部门', '/tool/gen/genCode/cms_material', '127.0.0.1', '内网IP', NULL, '{\r\n  \"msg\" : \"操作成功\",\r\n  \"code\" : 0\r\n}', 0, NULL, '2020-09-07 12:57:51');
INSERT INTO `sys_oper_log` VALUES (169, '代码生成', 8, 'com.ruoyi.generator.controller.GenController.genCode()', 'GET', 1, 'admin', '研发部门', '/tool/gen/genCode/cms_material', '127.0.0.1', '内网IP', NULL, '{\r\n  \"msg\" : \"操作成功\",\r\n  \"code\" : 0\r\n}', 0, NULL, '2020-09-07 13:02:57');
INSERT INTO `sys_oper_log` VALUES (170, '代码生成', 8, 'com.ruoyi.generator.controller.GenController.genCode()', 'GET', 1, 'admin', '研发部门', '/tool/gen/genCode/cms_material', '127.0.0.1', '内网IP', NULL, '{\r\n  \"msg\" : \"操作成功\",\r\n  \"code\" : 0\r\n}', 0, NULL, '2020-09-07 13:04:50');
INSERT INTO `sys_oper_log` VALUES (171, '代码生成', 8, 'com.ruoyi.generator.controller.GenController.genCode()', 'GET', 1, 'admin', '研发部门', '/tool/gen/genCode/cms_material', '127.0.0.1', '内网IP', NULL, '{\r\n  \"msg\" : \"操作成功\",\r\n  \"code\" : 0\r\n}', 0, NULL, '2020-09-07 13:05:49');
INSERT INTO `sys_oper_log` VALUES (172, '代码生成', 2, 'com.ruoyi.generator.controller.GenController.editSave()', 'POST', 1, 'admin', '研发部门', '/tool/gen/edit', '127.0.0.1', '内网IP', '{\"tableId\":[\"5\"],\"tableName\":[\"cms_material\"],\"tableComment\":[\"素材\"],\"className\":[\"CmsMaterial\"],\"functionAuthor\":[\"ruoyi\"],\"remark\":[\"\"],\"columns[0].columnId\":[\"43\"],\"columns[0].sort\":[\"1\"],\"columns[0].columnComment\":[\"主键\"],\"columns[0].javaType\":[\"Long\"],\"columns[0].javaField\":[\"id\"],\"columns[0].isInsert\":[\"1\"],\"columns[0].queryType\":[\"EQ\"],\"columns[0].htmlType\":[\"input\"],\"columns[0].dictType\":[\"\"],\"columns[1].columnId\":[\"44\"],\"columns[1].sort\":[\"2\"],\"columns[1].columnComment\":[\"分组id\"],\"columns[1].javaType\":[\"Long\"],\"columns[1].javaField\":[\"groupId\"],\"columns[1].isInsert\":[\"1\"],\"columns[1].isEdit\":[\"1\"],\"columns[1].isList\":[\"1\"],\"columns[1].queryType\":[\"EQ\"],\"columns[1].isRequired\":[\"1\"],\"columns[1].htmlType\":[\"input\"],\"columns[1].dictType\":[\"\"],\"columns[2].columnId\":[\"67\"],\"columns[2].sort\":[\"2\"],\"columns[2].columnComment\":[\"站点id\"],\"columns[2].javaType\":[\"Long\"],\"columns[2].javaField\":[\"siteId\"],\"columns[2].isInsert\":[\"1\"],\"columns[2].isEdit\":[\"1\"],\"columns[2].isList\":[\"1\"],\"columns[2].isQuery\":[\"1\"],\"columns[2].queryType\":[\"EQ\"],\"columns[2].htmlType\":[\"siteId\"],\"columns[2].dictType\":[\"\"],\"columns[3].columnId\":[\"45\"],\"columns[3].sort\":[\"3\"],\"columns[3].columnComment\":[\"素材名称\"],\"columns[3].javaType\":[\"String\"],\"columns[3].javaField\":[\"materialName\"],\"columns[3].isInsert\":[\"1\"],\"columns[3].isEdit\":[\"1\"],\"columns[3].isList\":[\"1\"],\"columns[3].isQuery\":[\"1\"],\"columns[3].queryType\":[\"LIKE\"],\"columns[3].isRequired\":[\"1\"],\"columns[3].htmlType\":[\"input\"],\"columns[3].dictType\":[\"\"],\"columns[4].columnId\":[\"46\"],\"columns[4].sort\":[\"4\"],\"columns[4].columnComment\":[\"素材类型 字典 1图片2视频\"],\"columns[4].javaType\":[\"Integer\"],\"columns[4].javaField\":[\"materialType\"],\"columns[4].isInsert\":[\"1\"],\"columns[4].isEdit\":[\"1\"],\"columns[4].isList\":[\"1\"],\"columns[4].queryType\":[\"EQ\"],\"columns[4].isRequired\":[\"1\"],\"columns[4].htmlType\":[\"select\"],\"columns[4].dictType\":[\"\"],\"columns[5].columnId\":[\"47\"],\"columns[5].sort\":[\"5\"],\"columns[5].columnComment\":[\"素材描述\"],\"columns[5].javaType\":[\"String\"],\"columns', '{\r\n  \"msg\" : \"操作成功\",\r\n  \"code\" : 0\r\n}', 0, NULL, '2020-09-07 13:08:01');
INSERT INTO `sys_oper_log` VALUES (173, '代码生成', 8, 'com.ruoyi.generator.controller.GenController.genCode()', 'GET', 1, 'admin', '研发部门', '/tool/gen/genCode/cms_material', '127.0.0.1', '内网IP', NULL, '{\r\n  \"msg\" : \"操作成功\",\r\n  \"code\" : 0\r\n}', 0, NULL, '2020-09-07 13:08:06');
INSERT INTO `sys_oper_log` VALUES (174, '代码生成', 2, 'com.ruoyi.generator.controller.GenController.editSave()', 'POST', 1, 'admin', '研发部门', '/tool/gen/edit', '127.0.0.1', '内网IP', '{\"tableId\":[\"5\"],\"tableName\":[\"cms_material\"],\"tableComment\":[\"素材\"],\"className\":[\"CmsMaterial\"],\"functionAuthor\":[\"ruoyi\"],\"remark\":[\"\"],\"columns[0].columnId\":[\"43\"],\"columns[0].sort\":[\"1\"],\"columns[0].columnComment\":[\"主键\"],\"columns[0].javaType\":[\"Long\"],\"columns[0].javaField\":[\"id\"],\"columns[0].isInsert\":[\"1\"],\"columns[0].queryType\":[\"EQ\"],\"columns[0].htmlType\":[\"input\"],\"columns[0].dictType\":[\"\"],\"columns[1].columnId\":[\"44\"],\"columns[1].sort\":[\"2\"],\"columns[1].columnComment\":[\"分组id\"],\"columns[1].javaType\":[\"Long\"],\"columns[1].javaField\":[\"groupId\"],\"columns[1].isInsert\":[\"1\"],\"columns[1].isEdit\":[\"1\"],\"columns[1].isList\":[\"1\"],\"columns[1].queryType\":[\"EQ\"],\"columns[1].isRequired\":[\"1\"],\"columns[1].htmlType\":[\"input\"],\"columns[1].dictType\":[\"\"],\"columns[2].columnId\":[\"67\"],\"columns[2].sort\":[\"2\"],\"columns[2].columnComment\":[\"站点id\"],\"columns[2].javaType\":[\"Long\"],\"columns[2].javaField\":[\"siteId\"],\"columns[2].isInsert\":[\"1\"],\"columns[2].isEdit\":[\"1\"],\"columns[2].isList\":[\"1\"],\"columns[2].isQuery\":[\"1\"],\"columns[2].queryType\":[\"EQ\"],\"columns[2].htmlType\":[\"siteId\"],\"columns[2].dictType\":[\"\"],\"columns[3].columnId\":[\"45\"],\"columns[3].sort\":[\"3\"],\"columns[3].columnComment\":[\"素材名称\"],\"columns[3].javaType\":[\"String\"],\"columns[3].javaField\":[\"materialName\"],\"columns[3].isInsert\":[\"1\"],\"columns[3].isEdit\":[\"1\"],\"columns[3].isList\":[\"1\"],\"columns[3].isQuery\":[\"1\"],\"columns[3].queryType\":[\"LIKE\"],\"columns[3].isRequired\":[\"1\"],\"columns[3].htmlType\":[\"input\"],\"columns[3].dictType\":[\"\"],\"columns[4].columnId\":[\"46\"],\"columns[4].sort\":[\"4\"],\"columns[4].columnComment\":[\"素材类型 字典 1图片2视频\"],\"columns[4].javaType\":[\"Integer\"],\"columns[4].javaField\":[\"materialType\"],\"columns[4].isInsert\":[\"1\"],\"columns[4].isEdit\":[\"1\"],\"columns[4].isList\":[\"1\"],\"columns[4].queryType\":[\"EQ\"],\"columns[4].isRequired\":[\"1\"],\"columns[4].htmlType\":[\"select\"],\"columns[4].dictType\":[\"\"],\"columns[5].columnId\":[\"47\"],\"columns[5].sort\":[\"5\"],\"columns[5].columnComment\":[\"素材描述\"],\"columns[5].javaType\":[\"String\"],\"columns', '{\r\n  \"msg\" : \"操作成功\",\r\n  \"code\" : 0\r\n}', 0, NULL, '2020-09-07 13:10:03');
INSERT INTO `sys_oper_log` VALUES (175, '代码生成', 8, 'com.ruoyi.generator.controller.GenController.genCode()', 'GET', 1, 'admin', '研发部门', '/tool/gen/genCode/cms_material', '127.0.0.1', '内网IP', NULL, '{\r\n  \"msg\" : \"操作成功\",\r\n  \"code\" : 0\r\n}', 0, NULL, '2020-09-07 13:10:05');
INSERT INTO `sys_oper_log` VALUES (176, '代码生成', 8, 'com.ruoyi.generator.controller.GenController.genCode()', 'GET', 1, 'admin', '研发部门', '/tool/gen/genCode/cms_material', '127.0.0.1', '内网IP', NULL, '{\r\n  \"msg\" : \"操作成功\",\r\n  \"code\" : 0\r\n}', 0, NULL, '2020-09-07 16:35:58');
INSERT INTO `sys_oper_log` VALUES (177, '代码生成', 8, 'com.ruoyi.generator.controller.GenController.genCode()', 'GET', 1, 'admin', '研发部门', '/tool/gen/genCode/cms_material', '127.0.0.1', '内网IP', NULL, '{\r\n  \"msg\" : \"操作成功\",\r\n  \"code\" : 0\r\n}', 0, NULL, '2020-09-07 16:37:45');
INSERT INTO `sys_oper_log` VALUES (178, '代码生成', 8, 'com.ruoyi.generator.controller.GenController.genCode()', 'GET', 1, 'admin', '研发部门', '/tool/gen/genCode/cms_material', '127.0.0.1', '内网IP', NULL, '{\r\n  \"msg\" : \"操作成功\",\r\n  \"code\" : 0\r\n}', 0, NULL, '2020-09-07 16:40:06');
INSERT INTO `sys_oper_log` VALUES (179, '字典类型', 1, 'com.ruoyi.web.controller.system.SysDictTypeController.addSave()', 'POST', 1, 'admin', '研发部门', '/system/dict/add', '127.0.0.1', '内网IP', '{\"dictName\":[\"素材类型\"],\"dictType\":[\"material_type\"],\"status\":[\"0\"],\"remark\":[\"\"]}', '{\r\n  \"msg\" : \"操作成功\",\r\n  \"code\" : 0\r\n}', 0, NULL, '2020-09-07 16:44:08');
INSERT INTO `sys_oper_log` VALUES (180, '字典数据', 1, 'com.ruoyi.web.controller.system.SysDictDataController.addSave()', 'POST', 1, 'admin', '研发部门', '/system/dict/data/add', '127.0.0.1', '内网IP', '{\"dictLabel\":[\"图片\"],\"dictValue\":[\"1\"],\"dictType\":[\"material_type\"],\"cssClass\":[\"\"],\"dictSort\":[\"1\"],\"listClass\":[\"\"],\"isDefault\":[\"Y\"],\"status\":[\"0\"],\"remark\":[\"\"]}', '{\r\n  \"msg\" : \"操作成功\",\r\n  \"code\" : 0\r\n}', 0, NULL, '2020-09-07 16:44:25');
INSERT INTO `sys_oper_log` VALUES (181, '字典数据', 1, 'com.ruoyi.web.controller.system.SysDictDataController.addSave()', 'POST', 1, 'admin', '研发部门', '/system/dict/data/add', '127.0.0.1', '内网IP', '{\"dictLabel\":[\"视频\"],\"dictValue\":[\"2\"],\"dictType\":[\"material_type\"],\"cssClass\":[\"\"],\"dictSort\":[\"1\"],\"listClass\":[\"\"],\"isDefault\":[\"Y\"],\"status\":[\"0\"],\"remark\":[\"\"]}', '{\r\n  \"msg\" : \"操作成功\",\r\n  \"code\" : 0\r\n}', 0, NULL, '2020-09-07 16:44:33');
INSERT INTO `sys_oper_log` VALUES (182, '代码生成', 2, 'com.ruoyi.generator.controller.GenController.editSave()', 'POST', 1, 'admin', '研发部门', '/tool/gen/edit', '127.0.0.1', '内网IP', '{\"tableId\":[\"5\"],\"tableName\":[\"cms_material\"],\"tableComment\":[\"素材\"],\"className\":[\"CmsMaterial\"],\"functionAuthor\":[\"ruoyi\"],\"remark\":[\"\"],\"columns[0].columnId\":[\"43\"],\"columns[0].sort\":[\"1\"],\"columns[0].columnComment\":[\"主键\"],\"columns[0].javaType\":[\"Long\"],\"columns[0].javaField\":[\"id\"],\"columns[0].isInsert\":[\"1\"],\"columns[0].queryType\":[\"EQ\"],\"columns[0].htmlType\":[\"input\"],\"columns[0].dictType\":[\"\"],\"columns[1].columnId\":[\"44\"],\"columns[1].sort\":[\"2\"],\"columns[1].columnComment\":[\"分组id\"],\"columns[1].javaType\":[\"Long\"],\"columns[1].javaField\":[\"groupId\"],\"columns[1].isInsert\":[\"1\"],\"columns[1].isEdit\":[\"1\"],\"columns[1].isList\":[\"1\"],\"columns[1].queryType\":[\"EQ\"],\"columns[1].isRequired\":[\"1\"],\"columns[1].htmlType\":[\"input\"],\"columns[1].dictType\":[\"\"],\"columns[2].columnId\":[\"67\"],\"columns[2].sort\":[\"2\"],\"columns[2].columnComment\":[\"站点id\"],\"columns[2].javaType\":[\"Long\"],\"columns[2].javaField\":[\"siteId\"],\"columns[2].isInsert\":[\"1\"],\"columns[2].isEdit\":[\"1\"],\"columns[2].isList\":[\"1\"],\"columns[2].isQuery\":[\"1\"],\"columns[2].queryType\":[\"EQ\"],\"columns[2].htmlType\":[\"siteId\"],\"columns[2].dictType\":[\"\"],\"columns[3].columnId\":[\"45\"],\"columns[3].sort\":[\"3\"],\"columns[3].columnComment\":[\"素材名称\"],\"columns[3].javaType\":[\"String\"],\"columns[3].javaField\":[\"materialName\"],\"columns[3].isInsert\":[\"1\"],\"columns[3].isEdit\":[\"1\"],\"columns[3].isList\":[\"1\"],\"columns[3].isQuery\":[\"1\"],\"columns[3].queryType\":[\"LIKE\"],\"columns[3].isRequired\":[\"1\"],\"columns[3].htmlType\":[\"input\"],\"columns[3].dictType\":[\"\"],\"columns[4].columnId\":[\"46\"],\"columns[4].sort\":[\"4\"],\"columns[4].columnComment\":[\"素材类型 字典 1图片2视频\"],\"columns[4].javaType\":[\"Integer\"],\"columns[4].javaField\":[\"materialType\"],\"columns[4].isInsert\":[\"1\"],\"columns[4].isEdit\":[\"1\"],\"columns[4].isList\":[\"1\"],\"columns[4].queryType\":[\"EQ\"],\"columns[4].isRequired\":[\"1\"],\"columns[4].htmlType\":[\"select\"],\"columns[4].dictType\":[\"material_type\"],\"columns[5].columnId\":[\"47\"],\"columns[5].sort\":[\"5\"],\"columns[5].columnComment\":[\"素材描述\"],\"columns[5].javaType\":[\"Stri', '{\r\n  \"msg\" : \"操作成功\",\r\n  \"code\" : 0\r\n}', 0, NULL, '2020-09-07 16:52:44');
INSERT INTO `sys_oper_log` VALUES (183, '代码生成', 8, 'com.ruoyi.generator.controller.GenController.genCode()', 'GET', 1, 'admin', '研发部门', '/tool/gen/genCode/cms_material', '127.0.0.1', '内网IP', NULL, '{\r\n  \"msg\" : \"操作成功\",\r\n  \"code\" : 0\r\n}', 0, NULL, '2020-09-07 16:52:48');
INSERT INTO `sys_oper_log` VALUES (184, '素材', 1, 'com.ruoyi.cms.controller.CmsMaterialController.addSave()', 'POST', 1, 'admin', '研发部门', '/cms/material/add', '127.0.0.1', '内网IP', '{\"siteId\":[\"1\"],\"groupId\":[\"1\"],\"materialName\":[\"test\"],\"materialType\":[\"1\"],\"description\":[\"\"],\"materialSize\":[\"\"],\"savePath\":[\"\"],\"width\":[\"\"],\"height\":[\"\"],\"remark\":[\"\"]}', '{\r\n  \"msg\" : \"操作成功\",\r\n  \"code\" : 0\r\n}', 0, NULL, '2020-09-07 16:53:52');
INSERT INTO `sys_oper_log` VALUES (185, '站点', 1, 'com.ruoyi.cms.controller.SysSiteController.addSave()', 'POST', 1, 'admin', '研发部门', '/system/site/add', '127.0.0.1', '内网IP', '{\"name\":[\"测试站点\"],\"sitePath\":[\"//127.0.0.1\"],\"remark\":[\"\"]}', '{\r\n  \"msg\" : \"操作成功\",\r\n  \"code\" : 0\r\n}', 0, NULL, '2020-09-07 16:54:22');
INSERT INTO `sys_oper_log` VALUES (186, '素材', 1, 'com.ruoyi.cms.controller.CmsMaterialController.addSave()', 'POST', 1, 'admin', '研发部门', '/cms/material/add', '127.0.0.1', '内网IP', '{\"siteId\":[\"3\"],\"groupId\":[\"1\"],\"materialName\":[\"ffff\"],\"materialType\":[\"1\"],\"description\":[\"\"],\"materialSize\":[\"\"],\"savePath\":[\"\"],\"width\":[\"\"],\"height\":[\"\"],\"remark\":[\"\"]}', '{\r\n  \"msg\" : \"操作成功\",\r\n  \"code\" : 0\r\n}', 0, NULL, '2020-09-07 16:54:38');
INSERT INTO `sys_oper_log` VALUES (187, '素材', 1, 'com.ruoyi.cms.controller.CmsMaterialController.addSave()', 'POST', 1, 'admin', '研发部门', '/cms/material/add', '127.0.0.1', '内网IP', '{\"siteId\":[\"3\"],\"groupId\":[\"1\"],\"materialName\":[\"aaaaaaaaaaaa\"],\"materialType\":[\"1\"],\"description\":[\"\"],\"materialSize\":[\"\"],\"savePath\":[\"\"],\"width\":[\"\"],\"height\":[\"\"],\"remark\":[\"\"]}', '{\r\n  \"msg\" : \"操作成功\",\r\n  \"code\" : 0\r\n}', 0, NULL, '2020-09-07 16:55:42');
INSERT INTO `sys_oper_log` VALUES (188, '代码生成', 2, 'com.ruoyi.generator.controller.GenController.editSave()', 'POST', 1, 'admin', '研发部门', '/tool/gen/edit', '127.0.0.1', '内网IP', '{\"tableId\":[\"5\"],\"tableName\":[\"cms_material\"],\"tableComment\":[\"素材\"],\"className\":[\"CmsMaterial\"],\"functionAuthor\":[\"ruoyi\"],\"remark\":[\"\"],\"columns[0].columnId\":[\"43\"],\"columns[0].sort\":[\"1\"],\"columns[0].columnComment\":[\"主键\"],\"columns[0].javaType\":[\"Long\"],\"columns[0].javaField\":[\"id\"],\"columns[0].isInsert\":[\"1\"],\"columns[0].queryType\":[\"EQ\"],\"columns[0].htmlType\":[\"input\"],\"columns[0].dictType\":[\"\"],\"columns[1].columnId\":[\"44\"],\"columns[1].sort\":[\"2\"],\"columns[1].columnComment\":[\"分组id\"],\"columns[1].javaType\":[\"Long\"],\"columns[1].javaField\":[\"groupId\"],\"columns[1].isInsert\":[\"1\"],\"columns[1].isEdit\":[\"1\"],\"columns[1].isList\":[\"1\"],\"columns[1].queryType\":[\"EQ\"],\"columns[1].isRequired\":[\"1\"],\"columns[1].htmlType\":[\"input\"],\"columns[1].dictType\":[\"\"],\"columns[2].columnId\":[\"67\"],\"columns[2].sort\":[\"2\"],\"columns[2].columnComment\":[\"站点id\"],\"columns[2].javaType\":[\"Long\"],\"columns[2].javaField\":[\"siteId\"],\"columns[2].isInsert\":[\"1\"],\"columns[2].isEdit\":[\"1\"],\"columns[2].isList\":[\"1\"],\"columns[2].isQuery\":[\"1\"],\"columns[2].queryType\":[\"EQ\"],\"columns[2].htmlType\":[\"siteId\"],\"columns[2].dictType\":[\"\"],\"columns[3].columnId\":[\"45\"],\"columns[3].sort\":[\"3\"],\"columns[3].columnComment\":[\"素材名称\"],\"columns[3].javaType\":[\"String\"],\"columns[3].javaField\":[\"materialName\"],\"columns[3].isInsert\":[\"1\"],\"columns[3].isEdit\":[\"1\"],\"columns[3].isList\":[\"1\"],\"columns[3].isQuery\":[\"1\"],\"columns[3].queryType\":[\"LIKE\"],\"columns[3].isRequired\":[\"1\"],\"columns[3].htmlType\":[\"input\"],\"columns[3].dictType\":[\"\"],\"columns[4].columnId\":[\"46\"],\"columns[4].sort\":[\"4\"],\"columns[4].columnComment\":[\"素材类型 字典 1图片2视频\"],\"columns[4].javaType\":[\"Integer\"],\"columns[4].javaField\":[\"materialType\"],\"columns[4].isInsert\":[\"1\"],\"columns[4].isEdit\":[\"1\"],\"columns[4].isList\":[\"1\"],\"columns[4].queryType\":[\"EQ\"],\"columns[4].isRequired\":[\"1\"],\"columns[4].htmlType\":[\"select\"],\"columns[4].dictType\":[\"material_type\"],\"columns[5].columnId\":[\"47\"],\"columns[5].sort\":[\"5\"],\"columns[5].columnComment\":[\"素材描述\"],\"columns[5].javaType\":[\"Stri', '{\r\n  \"msg\" : \"操作成功\",\r\n  \"code\" : 0\r\n}', 0, NULL, '2020-09-08 10:22:36');
INSERT INTO `sys_oper_log` VALUES (189, '代码生成', 8, 'com.ruoyi.generator.controller.GenController.genCode()', 'GET', 1, 'admin', '研发部门', '/tool/gen/genCode/cms_material', '127.0.0.1', '内网IP', NULL, 'null', 1, 'Unable to find resource \'vm/mjava/domain.java.vm\'', '2020-09-08 10:22:40');
INSERT INTO `sys_oper_log` VALUES (190, '代码生成', 8, 'com.ruoyi.generator.controller.GenController.genCode()', 'GET', 1, 'admin', '研发部门', '/tool/gen/genCode/cms_material', '127.0.0.1', '内网IP', NULL, 'null', 1, 'Unable to find resource \'vm/mjava/domain.java.vm\'', '2020-09-08 10:24:18');
INSERT INTO `sys_oper_log` VALUES (191, '代码生成', 8, 'com.ruoyi.generator.controller.GenController.genCode()', 'GET', 1, 'admin', '研发部门', '/tool/gen/genCode/cms_material', '127.0.0.1', '内网IP', NULL, 'null', 1, 'Unable to find resource \'vm/mjava/domain.java.vm\'', '2020-09-08 10:24:37');
INSERT INTO `sys_oper_log` VALUES (192, '代码生成', 8, 'com.ruoyi.generator.controller.GenController.genCode()', 'GET', 1, 'admin', '研发部门', '/tool/gen/genCode/cms_material', '127.0.0.1', '内网IP', NULL, '{\r\n  \"msg\" : \"操作成功\",\r\n  \"code\" : 0\r\n}', 0, NULL, '2020-09-08 10:26:51');
INSERT INTO `sys_oper_log` VALUES (193, '代码生成', 8, 'com.ruoyi.generator.controller.GenController.genCode()', 'GET', 1, 'admin', '研发部门', '/tool/gen/genCode/cms_material', '127.0.0.1', '内网IP', NULL, '{\r\n  \"msg\" : \"操作成功\",\r\n  \"code\" : 0\r\n}', 0, NULL, '2020-09-08 10:34:47');
INSERT INTO `sys_oper_log` VALUES (194, '代码生成', 8, 'com.ruoyi.generator.controller.GenController.genCode()', 'GET', 1, 'admin', '研发部门', '/tool/gen/genCode/cms_material', '127.0.0.1', '内网IP', NULL, '{\r\n  \"msg\" : \"操作成功\",\r\n  \"code\" : 0\r\n}', 0, NULL, '2020-09-08 10:42:44');
INSERT INTO `sys_oper_log` VALUES (195, '代码生成', 8, 'com.ruoyi.generator.controller.GenController.genCode()', 'GET', 1, 'admin', '研发部门', '/tool/gen/genCode/cms_material', '127.0.0.1', '内网IP', NULL, '{\r\n  \"msg\" : \"操作成功\",\r\n  \"code\" : 0\r\n}', 0, NULL, '2020-09-08 10:43:48');
INSERT INTO `sys_oper_log` VALUES (196, '代码生成', 8, 'com.ruoyi.generator.controller.GenController.genCode()', 'GET', 1, 'admin', '研发部门', '/tool/gen/genCode/cms_material', '127.0.0.1', '内网IP', NULL, '{\r\n  \"msg\" : \"操作成功\",\r\n  \"code\" : 0\r\n}', 0, NULL, '2020-09-08 10:47:58');
INSERT INTO `sys_oper_log` VALUES (197, '代码生成', 8, 'com.ruoyi.generator.controller.GenController.genCode()', 'GET', 1, 'admin', '研发部门', '/tool/gen/genCode/cms_material', '127.0.0.1', '内网IP', NULL, '{\r\n  \"msg\" : \"操作成功\",\r\n  \"code\" : 0\r\n}', 0, NULL, '2020-09-08 11:10:04');
INSERT INTO `sys_oper_log` VALUES (198, '代码生成', 8, 'com.ruoyi.generator.controller.GenController.genCode()', 'GET', 1, 'admin', '研发部门', '/tool/gen/genCode/cms_material', '127.0.0.1', '内网IP', NULL, '{\r\n  \"msg\" : \"操作成功\",\r\n  \"code\" : 0\r\n}', 0, NULL, '2020-09-08 14:47:33');
INSERT INTO `sys_oper_log` VALUES (199, '代码生成', 8, 'com.ruoyi.generator.controller.GenController.genCode()', 'GET', 1, 'admin', '研发部门', '/tool/gen/genCode/cms_material', '127.0.0.1', '内网IP', NULL, '{\r\n  \"msg\" : \"操作成功\",\r\n  \"code\" : 0\r\n}', 0, NULL, '2020-09-08 14:49:01');
INSERT INTO `sys_oper_log` VALUES (200, '代码生成', 8, 'com.ruoyi.generator.controller.GenController.genCode()', 'GET', 1, 'admin', '研发部门', '/tool/gen/genCode/cms_material', '127.0.0.1', '内网IP', NULL, '{\r\n  \"msg\" : \"操作成功\",\r\n  \"code\" : 0\r\n}', 0, NULL, '2020-09-08 15:48:14');
INSERT INTO `sys_oper_log` VALUES (201, '用户管理', 3, 'com.ruoyi.web.controller.system.SysUserController.remove()', 'POST', 1, 'admin', '研发部门', '/system/user/remove', '127.0.0.1', '内网IP', '{\"ids\":[\"2\"]}', '{\r\n  \"msg\" : \"操作成功\",\r\n  \"code\" : 0\r\n}', 0, NULL, '2020-09-08 15:50:33');
INSERT INTO `sys_oper_log` VALUES (202, '用户管理', 1, 'com.ruoyi.web.controller.system.SysUserController.addSave()', 'POST', 1, 'admin', '研发部门', '/system/user/add', '127.0.0.1', '内网IP', '{\"deptId\":[\"108\"],\"userName\":[\"test\"],\"deptName\":[\"市场部门\"],\"phonenumber\":[\"17307426053\"],\"email\":[\"958615915@qq.com\"],\"loginName\":[\"test\"],\"sex\":[\"0\"],\"remark\":[\"\"],\"status\":[\"0\"],\"roleIds\":[\"\"],\"postIds\":[\"\"]}', '{\r\n  \"msg\" : \"操作成功\",\r\n  \"code\" : 0\r\n}', 0, NULL, '2020-09-08 15:51:17');
INSERT INTO `sys_oper_log` VALUES (203, '站点', 2, 'com.ruoyi.cms.controller.SysSiteController.editSave()', 'POST', 1, 'admin', '研发部门', '/system/site/edit', '127.0.0.1', '内网IP', '{\"id\":[\"3\"],\"name\":[\"测试站点\"],\"sitePath\":[\"//127.0.0.1:8082\"],\"status\":[\"0\"],\"remark\":[\"\"]}', '{\r\n  \"msg\" : \"操作成功\",\r\n  \"code\" : 0\r\n}', 0, NULL, '2020-09-08 15:51:43');
INSERT INTO `sys_oper_log` VALUES (204, '用户管理', 2, 'com.ruoyi.web.controller.system.SysUserController.editSave()', 'POST', 1, 'admin', '研发部门', '/system/user/edit', '127.0.0.1', '内网IP', '{\"userId\":[\"3\"],\"deptId\":[\"108\"],\"userName\":[\"test\"],\"dept.deptName\":[\"市场部门\"],\"phonenumber\":[\"17307426053\"],\"siteId\":[\"3\",\"测试站点\"],\"email\":[\"958615915@qq.com\"],\"loginName\":[\"test\"],\"sex\":[\"0\"],\"remark\":[\"\"],\"status\":[\"0\"],\"roleIds\":[\"\"],\"postIds\":[\"\"]}', '{\r\n  \"msg\" : \"操作成功\",\r\n  \"code\" : 0\r\n}', 0, NULL, '2020-09-08 15:52:21');
INSERT INTO `sys_oper_log` VALUES (205, '角色管理', 2, 'com.ruoyi.web.controller.system.SysRoleController.editSave()', 'POST', 1, 'admin', '研发部门', '/system/role/edit', '127.0.0.1', '内网IP', '{\"roleId\":[\"2\"],\"roleName\":[\"站点管理员\"],\"roleKey\":[\"common\"],\"roleSort\":[\"2\"],\"status\":[\"0\"],\"remark\":[\"普通角色\"],\"menuIds\":[\"2002,2003,2004\"]}', '{\r\n  \"msg\" : \"操作成功\",\r\n  \"code\" : 0\r\n}', 0, NULL, '2020-09-08 15:53:27');
INSERT INTO `sys_oper_log` VALUES (206, '角色管理', 2, 'com.ruoyi.web.controller.system.SysRoleController.editSave()', 'POST', 1, 'admin', '研发部门', '/system/role/edit', '127.0.0.1', '内网IP', '{\"roleId\":[\"2\"],\"roleName\":[\"站点管理员\"],\"roleKey\":[\"common\"],\"roleSort\":[\"2\"],\"status\":[\"0\"],\"remark\":[\"普通角色\"],\"menuIds\":[\"2002,2003,2004\"]}', '{\r\n  \"msg\" : \"操作成功\",\r\n  \"code\" : 0\r\n}', 0, NULL, '2020-09-08 15:53:37');
INSERT INTO `sys_oper_log` VALUES (207, '用户管理', 4, 'com.ruoyi.web.controller.system.SysUserController.insertAuthRole()', 'POST', 1, 'admin', '研发部门', '/system/user/authRole/insertAuthRole', '127.0.0.1', '内网IP', '{\"userId\":[\"3\"],\"roleIds\":[\"2\"]}', '{\r\n  \"msg\" : \"操作成功\",\r\n  \"code\" : 0\r\n}', 0, NULL, '2020-09-08 15:53:50');
INSERT INTO `sys_oper_log` VALUES (208, '角色管理', 2, 'com.ruoyi.web.controller.system.SysRoleController.editSave()', 'POST', 1, 'admin', '研发部门', '/system/role/edit', '127.0.0.1', '内网IP', '{\"roleId\":[\"2\"],\"roleName\":[\"站点管理员\"],\"roleKey\":[\"common\"],\"roleSort\":[\"2\"],\"status\":[\"0\"],\"remark\":[\"普通角色\"],\"menuIds\":[\"2002,2003,2004\"]}', '{\r\n  \"msg\" : \"操作成功\",\r\n  \"code\" : 0\r\n}', 0, NULL, '2020-09-08 15:55:51');
INSERT INTO `sys_oper_log` VALUES (209, '代码生成', 8, 'com.ruoyi.generator.controller.GenController.genCode()', 'GET', 1, 'admin', '研发部门', '/tool/gen/genCode/cms_material', '127.0.0.1', '内网IP', NULL, '{\r\n  \"msg\" : \"操作成功\",\r\n  \"code\" : 0\r\n}', 0, NULL, '2020-09-08 15:57:49');
INSERT INTO `sys_oper_log` VALUES (210, '代码生成', 8, 'com.ruoyi.generator.controller.GenController.genCode()', 'GET', 1, 'admin', '研发部门', '/tool/gen/genCode/cms_material', '127.0.0.1', '内网IP', NULL, '{\r\n  \"msg\" : \"操作成功\",\r\n  \"code\" : 0\r\n}', 0, NULL, '2020-09-08 16:40:24');
INSERT INTO `sys_oper_log` VALUES (211, '代码生成', 8, 'com.ruoyi.generator.controller.GenController.genCode()', 'GET', 1, 'admin', '研发部门', '/tool/gen/genCode/cms_material', '127.0.0.1', '内网IP', NULL, '{\r\n  \"msg\" : \"操作成功\",\r\n  \"code\" : 0\r\n}', 0, NULL, '2020-09-08 16:50:49');
INSERT INTO `sys_oper_log` VALUES (212, '代码生成', 8, 'com.ruoyi.generator.controller.GenController.genCode()', 'GET', 1, 'admin', '研发部门', '/tool/gen/genCode/cms_material', '127.0.0.1', '内网IP', NULL, '{\r\n  \"msg\" : \"操作成功\",\r\n  \"code\" : 0\r\n}', 0, NULL, '2020-09-08 16:53:57');
INSERT INTO `sys_oper_log` VALUES (213, '素材', 3, 'com.ruoyi.cms.controller.CmsMaterialController.remove()', 'POST', 1, 'admin', '研发部门', '/cms/material/remove', '127.0.0.1', '内网IP', '{\"ids\":[\"3\"]}', 'null', 1, 'nested exception is org.apache.ibatis.binding.BindingException: Parameter \'ids\' not found. Available parameters are [arg1, arg0, param1, param2]', '2020-09-08 17:03:00');
INSERT INTO `sys_oper_log` VALUES (214, '素材', 3, 'com.ruoyi.cms.controller.CmsMaterialController.remove()', 'POST', 1, 'admin', '研发部门', '/cms/material/remove', '127.0.0.1', '内网IP', '{\"ids\":[\"1\"]}', 'null', 1, 'nested exception is org.apache.ibatis.binding.BindingException: Parameter \'siteId\' not found. Available parameters are [arg1, ids, param1, param2]', '2020-09-08 17:03:32');
INSERT INTO `sys_oper_log` VALUES (215, '素材', 3, 'com.ruoyi.cms.controller.CmsMaterialController.remove()', 'POST', 1, 'admin', '研发部门', '/cms/material/remove', '127.0.0.1', '内网IP', '{\"ids\":[\"1\"]}', 'null', 1, '\r\n### Error updating database.  Cause: java.sql.SQLSyntaxErrorException: You have an error in your SQL syntax; check the manual that corresponds to your MySQL server version for the right syntax to use near \'where site_id=1\' at line 5\r\n### The error may involve com.ruoyi.cms.mapper.CmsMaterialMapper.deleteCmsMaterialByIds-Inline\r\n### The error occurred while setting parameters\r\n### SQL: delete from cms_material where id in           (               ?          )          where site_id=?\r\n### Cause: java.sql.SQLSyntaxErrorException: You have an error in your SQL syntax; check the manual that corresponds to your MySQL server version for the right syntax to use near \'where site_id=1\' at line 5\n; bad SQL grammar []; nested exception is java.sql.SQLSyntaxErrorException: You have an error in your SQL syntax; check the manual that corresponds to your MySQL server version for the right syntax to use near \'where site_id=1\' at line 5', '2020-09-08 17:03:53');
INSERT INTO `sys_oper_log` VALUES (216, '素材', 3, 'com.ruoyi.cms.controller.CmsMaterialController.remove()', 'POST', 1, 'admin', '研发部门', '/cms/material/remove', '127.0.0.1', '内网IP', '{\"ids\":[\"1\"]}', '{\r\n  \"msg\" : \"操作成功\",\r\n  \"code\" : 0\r\n}', 0, NULL, '2020-09-08 17:04:36');
INSERT INTO `sys_oper_log` VALUES (217, '代码生成', 8, 'com.ruoyi.generator.controller.GenController.genCode()', 'GET', 1, 'admin', '研发部门', '/tool/gen/genCode/cms_material', '127.0.0.1', '内网IP', NULL, '{\r\n  \"msg\" : \"操作成功\",\r\n  \"code\" : 0\r\n}', 0, NULL, '2020-09-08 17:12:44');
INSERT INTO `sys_oper_log` VALUES (218, '代码生成', 8, 'com.ruoyi.generator.controller.GenController.genCode()', 'GET', 1, 'admin', '研发部门', '/tool/gen/genCode/cms_material', '127.0.0.1', '内网IP', NULL, '{\r\n  \"msg\" : \"操作成功\",\r\n  \"code\" : 0\r\n}', 0, NULL, '2020-09-08 17:15:53');
INSERT INTO `sys_oper_log` VALUES (219, '代码生成', 8, 'com.ruoyi.generator.controller.GenController.genCode()', 'GET', 1, 'admin', '研发部门', '/tool/gen/genCode/cms_material', '127.0.0.1', '内网IP', NULL, '{\r\n  \"msg\" : \"操作成功\",\r\n  \"code\" : 0\r\n}', 0, NULL, '2020-09-08 17:18:31');
INSERT INTO `sys_oper_log` VALUES (220, '代码生成', 8, 'com.ruoyi.generator.controller.GenController.genCode()', 'GET', 1, 'admin', '研发部门', '/tool/gen/genCode/cms_material', '127.0.0.1', '内网IP', NULL, '{\r\n  \"msg\" : \"操作成功\",\r\n  \"code\" : 0\r\n}', 0, NULL, '2020-09-08 17:46:14');
INSERT INTO `sys_oper_log` VALUES (221, '代码生成', 8, 'com.ruoyi.generator.controller.GenController.genCode()', 'GET', 1, 'admin', '研发部门', '/tool/gen/genCode/cms_material', '127.0.0.1', '内网IP', NULL, '{\r\n  \"msg\" : \"操作成功\",\r\n  \"code\" : 0\r\n}', 0, NULL, '2020-09-08 17:55:43');
INSERT INTO `sys_oper_log` VALUES (222, '代码生成', 8, 'com.ruoyi.generator.controller.GenController.genCode()', 'GET', 1, 'admin', '研发部门', '/tool/gen/genCode/cms_material', '127.0.0.1', '内网IP', NULL, '{\r\n  \"msg\" : \"操作成功\",\r\n  \"code\" : 0\r\n}', 0, NULL, '2020-09-08 17:57:54');
INSERT INTO `sys_oper_log` VALUES (223, '代码生成', 8, 'com.ruoyi.generator.controller.GenController.genCode()', 'GET', 1, 'admin', '研发部门', '/tool/gen/genCode/cms_material', '127.0.0.1', '内网IP', NULL, '{\r\n  \"msg\" : \"操作成功\",\r\n  \"code\" : 0\r\n}', 0, NULL, '2020-09-08 18:02:02');
INSERT INTO `sys_oper_log` VALUES (224, '代码生成', 8, 'com.ruoyi.generator.controller.GenController.genCode()', 'GET', 1, 'admin', '研发部门', '/tool/gen/genCode/cms_material', '127.0.0.1', '内网IP', NULL, '{\r\n  \"msg\" : \"操作成功\",\r\n  \"code\" : 0\r\n}', 0, NULL, '2020-09-08 18:02:18');
INSERT INTO `sys_oper_log` VALUES (225, '素材', 1, 'com.ruoyi.cms.controller.CmsMaterialController.addSave()', 'POST', 1, 'admin', '研发部门', '/cms/material/add', '127.0.0.1', '内网IP', '{\"groupId\":[\"1\"],\"siteId\":[\"1\"],\"materialName\":[\"dffff\"],\"materialType\":[\"1\"],\"description\":[\"\"],\"materialSize\":[\"\"],\"savePath\":[\"\"],\"width\":[\"\"],\"height\":[\"\"],\"remark\":[\"\"]}', '{\r\n  \"msg\" : \"操作成功\",\r\n  \"code\" : 0\r\n}', 0, NULL, '2020-09-08 18:09:11');
INSERT INTO `sys_oper_log` VALUES (226, '代码生成', 2, 'com.ruoyi.generator.controller.GenController.editSave()', 'POST', 1, 'admin', '研发部门', '/tool/gen/edit', '127.0.0.1', '内网IP', '{\"tableId\":[\"6\"],\"tableName\":[\"cms_material_group\"],\"tableComment\":[\"素材分组\"],\"className\":[\"CmsMaterialGroup\"],\"functionAuthor\":[\"ruoyi\"],\"remark\":[\"\"],\"columns[0].columnId\":[\"57\"],\"columns[0].sort\":[\"1\"],\"columns[0].columnComment\":[\"主键\"],\"columns[0].javaType\":[\"Long\"],\"columns[0].javaField\":[\"id\"],\"columns[0].isInsert\":[\"1\"],\"columns[0].queryType\":[\"EQ\"],\"columns[0].htmlType\":[\"input\"],\"columns[0].dictType\":[\"\"],\"columns[1].columnId\":[\"58\"],\"columns[1].sort\":[\"2\"],\"columns[1].columnComment\":[\"父ID\"],\"columns[1].javaType\":[\"Long\"],\"columns[1].javaField\":[\"parentId\"],\"columns[1].isInsert\":[\"1\"],\"columns[1].isEdit\":[\"1\"],\"columns[1].isList\":[\"1\"],\"columns[1].isQuery\":[\"1\"],\"columns[1].queryType\":[\"EQ\"],\"columns[1].htmlType\":[\"input\"],\"columns[1].dictType\":[\"\"],\"columns[2].columnId\":[\"68\"],\"columns[2].sort\":[\"2\"],\"columns[2].columnComment\":[\"站点id\"],\"columns[2].javaType\":[\"Long\"],\"columns[2].javaField\":[\"siteId\"],\"columns[2].isInsert\":[\"1\"],\"columns[2].isEdit\":[\"1\"],\"columns[2].isList\":[\"1\"],\"columns[2].isQuery\":[\"1\"],\"columns[2].queryType\":[\"EQ\"],\"columns[2].htmlType\":[\"input\"],\"columns[2].dictType\":[\"\"],\"columns[3].columnId\":[\"59\"],\"columns[3].sort\":[\"3\"],\"columns[3].columnComment\":[\"分组名称\"],\"columns[3].javaType\":[\"String\"],\"columns[3].javaField\":[\"groupName\"],\"columns[3].isInsert\":[\"1\"],\"columns[3].isEdit\":[\"1\"],\"columns[3].isList\":[\"1\"],\"columns[3].isQuery\":[\"1\"],\"columns[3].queryType\":[\"LIKE\"],\"columns[3].htmlType\":[\"input\"],\"columns[3].dictType\":[\"\"],\"columns[4].columnId\":[\"60\"],\"columns[4].sort\":[\"4\"],\"columns[4].columnComment\":[\"描述\"],\"columns[4].javaType\":[\"String\"],\"columns[4].javaField\":[\"description\"],\"columns[4].isInsert\":[\"1\"],\"columns[4].isEdit\":[\"1\"],\"columns[4].isList\":[\"1\"],\"columns[4].isQuery\":[\"1\"],\"columns[4].queryType\":[\"EQ\"],\"columns[4].htmlType\":[\"input\"],\"columns[4].dictType\":[\"\"],\"columns[5].columnId\":[\"61\"],\"columns[5].sort\":[\"5\"],\"columns[5].columnComment\":[\"排序\"],\"columns[5].javaType\":[\"Integer\"],\"columns[5].javaField\":[\"sort\"],\"columns[5].isInser', '{\r\n  \"msg\" : \"操作成功\",\r\n  \"code\" : 0\r\n}', 0, NULL, '2020-09-09 10:12:09');
INSERT INTO `sys_oper_log` VALUES (227, '代码生成', 8, 'com.ruoyi.generator.controller.GenController.genCode()', 'GET', 1, 'admin', '研发部门', '/tool/gen/genCode/cms_material_group', '127.0.0.1', '内网IP', NULL, '{\r\n  \"msg\" : \"操作成功\",\r\n  \"code\" : 0\r\n}', 0, NULL, '2020-09-09 10:12:13');
INSERT INTO `sys_oper_log` VALUES (228, '代码生成', 8, 'com.ruoyi.generator.controller.GenController.genCode()', 'GET', 1, 'admin', '研发部门', '/tool/gen/genCode/cms_material_group', '127.0.0.1', '内网IP', NULL, '{\r\n  \"msg\" : \"操作成功\",\r\n  \"code\" : 0\r\n}', 0, NULL, '2020-09-09 10:29:03');
INSERT INTO `sys_oper_log` VALUES (229, '代码生成', 2, 'com.ruoyi.generator.controller.GenController.editSave()', 'POST', 1, 'admin', '研发部门', '/tool/gen/edit', '127.0.0.1', '内网IP', '{\"tableId\":[\"6\"],\"tableName\":[\"cms_material_group\"],\"tableComment\":[\"素材分组\"],\"className\":[\"CmsMaterialGroup\"],\"functionAuthor\":[\"ruoyi\"],\"remark\":[\"\"],\"columns[0].columnId\":[\"57\"],\"columns[0].sort\":[\"1\"],\"columns[0].columnComment\":[\"主键\"],\"columns[0].javaType\":[\"Long\"],\"columns[0].javaField\":[\"id\"],\"columns[0].isInsert\":[\"1\"],\"columns[0].queryType\":[\"EQ\"],\"columns[0].htmlType\":[\"input\"],\"columns[0].dictType\":[\"\"],\"columns[1].columnId\":[\"58\"],\"columns[1].sort\":[\"2\"],\"columns[1].columnComment\":[\"父ID\"],\"columns[1].javaType\":[\"Long\"],\"columns[1].javaField\":[\"parentId\"],\"columns[1].isInsert\":[\"1\"],\"columns[1].isEdit\":[\"1\"],\"columns[1].isList\":[\"1\"],\"columns[1].isQuery\":[\"1\"],\"columns[1].queryType\":[\"EQ\"],\"columns[1].htmlType\":[\"input\"],\"columns[1].dictType\":[\"\"],\"columns[2].columnId\":[\"68\"],\"columns[2].sort\":[\"2\"],\"columns[2].columnComment\":[\"站点id\"],\"columns[2].javaType\":[\"Long\"],\"columns[2].javaField\":[\"siteId\"],\"columns[2].isInsert\":[\"1\"],\"columns[2].isEdit\":[\"1\"],\"columns[2].isList\":[\"1\"],\"columns[2].isQuery\":[\"1\"],\"columns[2].queryType\":[\"EQ\"],\"columns[2].htmlType\":[\"input\"],\"columns[2].dictType\":[\"\"],\"columns[3].columnId\":[\"59\"],\"columns[3].sort\":[\"3\"],\"columns[3].columnComment\":[\"分组名称\"],\"columns[3].javaType\":[\"String\"],\"columns[3].javaField\":[\"groupName\"],\"columns[3].isInsert\":[\"1\"],\"columns[3].isEdit\":[\"1\"],\"columns[3].isList\":[\"1\"],\"columns[3].isQuery\":[\"1\"],\"columns[3].queryType\":[\"LIKE\"],\"columns[3].htmlType\":[\"input\"],\"columns[3].dictType\":[\"\"],\"columns[4].columnId\":[\"60\"],\"columns[4].sort\":[\"4\"],\"columns[4].columnComment\":[\"描述\"],\"columns[4].javaType\":[\"String\"],\"columns[4].javaField\":[\"description\"],\"columns[4].isInsert\":[\"1\"],\"columns[4].isEdit\":[\"1\"],\"columns[4].isList\":[\"1\"],\"columns[4].isQuery\":[\"1\"],\"columns[4].queryType\":[\"EQ\"],\"columns[4].htmlType\":[\"input\"],\"columns[4].dictType\":[\"\"],\"columns[5].columnId\":[\"61\"],\"columns[5].sort\":[\"5\"],\"columns[5].columnComment\":[\"排序\"],\"columns[5].javaType\":[\"Integer\"],\"columns[5].javaField\":[\"sort\"],\"columns[5].isInser', '{\r\n  \"msg\" : \"操作成功\",\r\n  \"code\" : 0\r\n}', 0, NULL, '2020-09-09 10:32:37');
INSERT INTO `sys_oper_log` VALUES (230, '代码生成', 8, 'com.ruoyi.generator.controller.GenController.genCode()', 'GET', 1, 'admin', '研发部门', '/tool/gen/genCode/cms_material_group', '127.0.0.1', '内网IP', NULL, '{\r\n  \"msg\" : \"操作成功\",\r\n  \"code\" : 0\r\n}', 0, NULL, '2020-09-09 10:33:12');
INSERT INTO `sys_oper_log` VALUES (231, '代码生成', 8, 'com.ruoyi.generator.controller.GenController.genCode()', 'GET', 1, 'admin', '研发部门', '/tool/gen/genCode/cms_material_group', '127.0.0.1', '内网IP', NULL, '{\r\n  \"msg\" : \"操作成功\",\r\n  \"code\" : 0\r\n}', 0, NULL, '2020-09-09 10:40:20');
INSERT INTO `sys_oper_log` VALUES (232, '代码生成', 8, 'com.ruoyi.generator.controller.GenController.genCode()', 'GET', 1, 'admin', '研发部门', '/tool/gen/genCode/cms_material_group', '127.0.0.1', '内网IP', NULL, '{\r\n  \"msg\" : \"操作成功\",\r\n  \"code\" : 0\r\n}', 0, NULL, '2020-09-09 10:41:24');
INSERT INTO `sys_oper_log` VALUES (233, '代码生成', 2, 'com.ruoyi.generator.controller.GenController.editSave()', 'POST', 1, 'admin', '研发部门', '/tool/gen/edit', '127.0.0.1', '内网IP', '{\"tableId\":[\"6\"],\"tableName\":[\"cms_material_group\"],\"tableComment\":[\"素材分组\"],\"className\":[\"CmsMaterialGroup\"],\"functionAuthor\":[\"ruoyi\"],\"remark\":[\"\"],\"columns[0].columnId\":[\"57\"],\"columns[0].sort\":[\"1\"],\"columns[0].columnComment\":[\"主键\"],\"columns[0].javaType\":[\"Long\"],\"columns[0].javaField\":[\"id\"],\"columns[0].isInsert\":[\"1\"],\"columns[0].queryType\":[\"EQ\"],\"columns[0].htmlType\":[\"input\"],\"columns[0].dictType\":[\"\"],\"columns[1].columnId\":[\"58\"],\"columns[1].sort\":[\"2\"],\"columns[1].columnComment\":[\"父ID\"],\"columns[1].javaType\":[\"Long\"],\"columns[1].javaField\":[\"parentId\"],\"columns[1].isInsert\":[\"1\"],\"columns[1].isEdit\":[\"1\"],\"columns[1].isList\":[\"1\"],\"columns[1].isQuery\":[\"1\"],\"columns[1].queryType\":[\"EQ\"],\"columns[1].htmlType\":[\"input\"],\"columns[1].dictType\":[\"\"],\"columns[2].columnId\":[\"68\"],\"columns[2].sort\":[\"2\"],\"columns[2].columnComment\":[\"站点id\"],\"columns[2].javaType\":[\"Long\"],\"columns[2].javaField\":[\"siteId\"],\"columns[2].isInsert\":[\"1\"],\"columns[2].isEdit\":[\"1\"],\"columns[2].isList\":[\"1\"],\"columns[2].isQuery\":[\"1\"],\"columns[2].queryType\":[\"EQ\"],\"columns[2].htmlType\":[\"input\"],\"columns[2].dictType\":[\"\"],\"columns[3].columnId\":[\"59\"],\"columns[3].sort\":[\"3\"],\"columns[3].columnComment\":[\"分组名称\"],\"columns[3].javaType\":[\"String\"],\"columns[3].javaField\":[\"groupName\"],\"columns[3].isInsert\":[\"1\"],\"columns[3].isEdit\":[\"1\"],\"columns[3].isList\":[\"1\"],\"columns[3].isQuery\":[\"1\"],\"columns[3].queryType\":[\"LIKE\"],\"columns[3].htmlType\":[\"input\"],\"columns[3].dictType\":[\"\"],\"columns[4].columnId\":[\"60\"],\"columns[4].sort\":[\"4\"],\"columns[4].columnComment\":[\"描述\"],\"columns[4].javaType\":[\"String\"],\"columns[4].javaField\":[\"description\"],\"columns[4].isInsert\":[\"1\"],\"columns[4].isEdit\":[\"1\"],\"columns[4].isList\":[\"1\"],\"columns[4].isQuery\":[\"1\"],\"columns[4].queryType\":[\"EQ\"],\"columns[4].htmlType\":[\"input\"],\"columns[4].dictType\":[\"\"],\"columns[5].columnId\":[\"61\"],\"columns[5].sort\":[\"5\"],\"columns[5].columnComment\":[\"排序\"],\"columns[5].javaType\":[\"Integer\"],\"columns[5].javaField\":[\"sort\"],\"columns[5].isInser', '{\r\n  \"msg\" : \"操作成功\",\r\n  \"code\" : 0\r\n}', 0, NULL, '2020-09-09 11:26:50');
INSERT INTO `sys_oper_log` VALUES (234, '代码生成', 8, 'com.ruoyi.generator.controller.GenController.genCode()', 'GET', 1, 'admin', '研发部门', '/tool/gen/genCode/cms_material_group', '127.0.0.1', '内网IP', NULL, '{\r\n  \"msg\" : \"操作成功\",\r\n  \"code\" : 0\r\n}', 0, NULL, '2020-09-09 11:26:53');
INSERT INTO `sys_oper_log` VALUES (235, '代码生成', 8, 'com.ruoyi.generator.controller.GenController.genCode()', 'GET', 1, 'admin', '研发部门', '/tool/gen/genCode/cms_material_group', '127.0.0.1', '内网IP', NULL, '{\r\n  \"msg\" : \"操作成功\",\r\n  \"code\" : 0\r\n}', 0, NULL, '2020-09-09 11:29:12');
INSERT INTO `sys_oper_log` VALUES (236, '代码生成', 8, 'com.ruoyi.generator.controller.GenController.genCode()', 'GET', 1, 'admin', '研发部门', '/tool/gen/genCode/cms_material_group', '127.0.0.1', '内网IP', NULL, '{\r\n  \"msg\" : \"操作成功\",\r\n  \"code\" : 0\r\n}', 0, NULL, '2020-09-09 14:16:39');
INSERT INTO `sys_oper_log` VALUES (237, '代码生成', 8, 'com.ruoyi.generator.controller.GenController.genCode()', 'GET', 1, 'admin', '研发部门', '/tool/gen/genCode/cms_material_group', '127.0.0.1', '内网IP', NULL, '{\r\n  \"msg\" : \"操作成功\",\r\n  \"code\" : 0\r\n}', 0, NULL, '2020-09-09 14:18:12');
INSERT INTO `sys_oper_log` VALUES (238, '菜单管理', 2, 'com.ruoyi.web.controller.system.SysMenuController.editSave()', 'POST', 1, 'admin', '研发部门', '/system/menu/edit', '127.0.0.1', '内网IP', '{\"menuId\":[\"2004\"],\"parentId\":[\"2002\"],\"menuType\":[\"C\"],\"menuName\":[\"素材分组管理\"],\"url\":[\"/cms/group\"],\"target\":[\"menuItem\"],\"perms\":[\"cms:group\"],\"orderNum\":[\"1\"],\"icon\":[\"#\"],\"visible\":[\"0\"]}', '{\r\n  \"msg\" : \"操作成功\",\r\n  \"code\" : 0\r\n}', 0, NULL, '2020-09-09 14:19:56');
INSERT INTO `sys_oper_log` VALUES (239, '代码生成', 8, 'com.ruoyi.generator.controller.GenController.genCode()', 'GET', 1, 'admin', '研发部门', '/tool/gen/genCode/cms_material_group', '127.0.0.1', '内网IP', NULL, 'null', 1, 'Unable to find resource \'vm/mhtml/tree.html.vm\'', '2020-09-09 14:31:57');
INSERT INTO `sys_oper_log` VALUES (240, '代码生成', 8, 'com.ruoyi.generator.controller.GenController.genCode()', 'GET', 1, 'admin', '研发部门', '/tool/gen/genCode/cms_material_group', '127.0.0.1', '内网IP', NULL, 'null', 1, 'Unable to find resource \'vm/mhtml/tree.html.vm\'', '2020-09-09 14:32:27');
INSERT INTO `sys_oper_log` VALUES (241, '代码生成', 8, 'com.ruoyi.generator.controller.GenController.genCode()', 'GET', 1, 'admin', '研发部门', '/tool/gen/genCode/cms_material_group', '127.0.0.1', '内网IP', NULL, 'null', 1, 'Unable to find resource \'vm/mhtml/tree.html.vm\'', '2020-09-09 14:32:45');
INSERT INTO `sys_oper_log` VALUES (242, '代码生成', 8, 'com.ruoyi.generator.controller.GenController.genCode()', 'GET', 1, 'admin', '研发部门', '/tool/gen/genCode/cms_material_group', '127.0.0.1', '内网IP', NULL, '{\r\n  \"msg\" : \"操作成功\",\r\n  \"code\" : 0\r\n}', 0, NULL, '2020-09-09 14:34:31');
INSERT INTO `sys_oper_log` VALUES (243, '素材分组', 1, 'com.ruoyi.cms.controller.CmsMaterialGroupController.addSave()', 'POST', 1, 'admin', '研发部门', '/cms/group/add', '127.0.0.1', '内网IP', '{\"siteId\":[\"\"],\"parentId\":[\"3\"],\"groupName\":[\"\"],\"description\":[\"\"],\"sort\":[\"\"],\"remark\":[\"\"]}', '{\r\n  \"msg\" : \"操作成功\",\r\n  \"code\" : 0\r\n}', 0, NULL, '2020-09-09 14:34:58');
INSERT INTO `sys_oper_log` VALUES (244, '素材分组', 3, 'com.ruoyi.cms.controller.CmsMaterialGroupController.remove()', 'GET', 1, 'admin', '研发部门', '/cms/group/remove/4', '127.0.0.1', '内网IP', NULL, '{\r\n  \"msg\" : \"操作成功\",\r\n  \"code\" : 0\r\n}', 0, NULL, '2020-09-09 14:35:10');
INSERT INTO `sys_oper_log` VALUES (245, '素材分组', 1, 'com.ruoyi.cms.controller.CmsMaterialGroupController.addSave()', 'POST', 1, 'admin', '研发部门', '/cms/group/add', '127.0.0.1', '内网IP', '{\"siteId\":[\"\"],\"parentId\":[\"\"],\"groupName\":[\"ffff\"],\"description\":[\"\"],\"sort\":[\"\"],\"remark\":[\"\"]}', '{\r\n  \"msg\" : \"操作成功\",\r\n  \"code\" : 0\r\n}', 0, NULL, '2020-09-09 14:35:20');
INSERT INTO `sys_oper_log` VALUES (246, '代码生成', 2, 'com.ruoyi.generator.controller.GenController.editSave()', 'POST', 1, 'admin', '研发部门', '/tool/gen/edit', '127.0.0.1', '内网IP', '{\"tableId\":[\"6\"],\"tableName\":[\"cms_material_group\"],\"tableComment\":[\"素材分组\"],\"className\":[\"CmsMaterialGroup\"],\"functionAuthor\":[\"ruoyi\"],\"remark\":[\"\"],\"columns[0].columnId\":[\"57\"],\"columns[0].sort\":[\"1\"],\"columns[0].columnComment\":[\"主键\"],\"columns[0].javaType\":[\"Long\"],\"columns[0].javaField\":[\"id\"],\"columns[0].isInsert\":[\"1\"],\"columns[0].queryType\":[\"EQ\"],\"columns[0].htmlType\":[\"input\"],\"columns[0].dictType\":[\"\"],\"columns[1].columnId\":[\"58\"],\"columns[1].sort\":[\"2\"],\"columns[1].columnComment\":[\"父ID\"],\"columns[1].javaType\":[\"Long\"],\"columns[1].javaField\":[\"parentId\"],\"columns[1].isInsert\":[\"1\"],\"columns[1].isEdit\":[\"1\"],\"columns[1].isList\":[\"1\"],\"columns[1].queryType\":[\"EQ\"],\"columns[1].htmlType\":[\"input\"],\"columns[1].dictType\":[\"\"],\"columns[2].columnId\":[\"68\"],\"columns[2].sort\":[\"2\"],\"columns[2].columnComment\":[\"站点id\"],\"columns[2].javaType\":[\"Long\"],\"columns[2].javaField\":[\"siteId\"],\"columns[2].isInsert\":[\"1\"],\"columns[2].isEdit\":[\"1\"],\"columns[2].isList\":[\"1\"],\"columns[2].isQuery\":[\"1\"],\"columns[2].queryType\":[\"EQ\"],\"columns[2].htmlType\":[\"siteId\"],\"columns[2].dictType\":[\"\"],\"columns[3].columnId\":[\"59\"],\"columns[3].sort\":[\"3\"],\"columns[3].columnComment\":[\"分组名称\"],\"columns[3].javaType\":[\"String\"],\"columns[3].javaField\":[\"groupName\"],\"columns[3].isInsert\":[\"1\"],\"columns[3].isEdit\":[\"1\"],\"columns[3].isList\":[\"1\"],\"columns[3].isQuery\":[\"1\"],\"columns[3].queryType\":[\"LIKE\"],\"columns[3].htmlType\":[\"input\"],\"columns[3].dictType\":[\"\"],\"columns[4].columnId\":[\"60\"],\"columns[4].sort\":[\"4\"],\"columns[4].columnComment\":[\"描述\"],\"columns[4].javaType\":[\"String\"],\"columns[4].javaField\":[\"description\"],\"columns[4].isInsert\":[\"1\"],\"columns[4].isEdit\":[\"1\"],\"columns[4].isList\":[\"1\"],\"columns[4].queryType\":[\"EQ\"],\"columns[4].htmlType\":[\"input\"],\"columns[4].dictType\":[\"\"],\"columns[5].columnId\":[\"61\"],\"columns[5].sort\":[\"5\"],\"columns[5].columnComment\":[\"排序\"],\"columns[5].javaType\":[\"Integer\"],\"columns[5].javaField\":[\"sort\"],\"columns[5].isInsert\":[\"1\"],\"columns[5].isEdit\":[\"1\"],\"columns[5].isList', '{\r\n  \"msg\" : \"操作成功\",\r\n  \"code\" : 0\r\n}', 0, NULL, '2020-09-09 14:36:07');
INSERT INTO `sys_oper_log` VALUES (247, '代码生成', 8, 'com.ruoyi.generator.controller.GenController.genCode()', 'GET', 1, 'admin', '研发部门', '/tool/gen/genCode/cms_material_group', '127.0.0.1', '内网IP', NULL, '{\r\n  \"msg\" : \"操作成功\",\r\n  \"code\" : 0\r\n}', 0, NULL, '2020-09-09 14:36:12');
INSERT INTO `sys_oper_log` VALUES (248, '素材分组', 1, 'com.ruoyi.cms.controller.CmsMaterialGroupController.addSave()', 'POST', 1, 'test', '市场部门', '/cms/group/add', '127.0.0.1', '内网IP', '{\"parentId\":[\"\"],\"siteId\":[\"3\"],\"groupName\":[\"\"],\"description\":[\"\"],\"sort\":[\"\"],\"remark\":[\"\"]}', '{\r\n  \"msg\" : \"操作成功\",\r\n  \"code\" : 0\r\n}', 0, NULL, '2020-09-09 14:37:39');
INSERT INTO `sys_oper_log` VALUES (249, '素材分组', 2, 'com.ruoyi.cms.controller.CmsMaterialGroupController.editSave()', 'POST', 1, 'test', '市场部门', '/cms/group/edit', '127.0.0.1', '内网IP', '{\"id\":[\"6\"],\"parentId\":[\"\"],\"parentName\":[\"\"],\"siteId\":[\"3\",\"3\"],\"groupName\":[\"test\"],\"description\":[\"\"],\"sort\":[\"\"],\"remark\":[\"\"]}', '{\r\n  \"msg\" : \"操作成功\",\r\n  \"code\" : 0\r\n}', 0, NULL, '2020-09-09 14:37:51');
INSERT INTO `sys_oper_log` VALUES (250, '代码生成', 8, 'com.ruoyi.generator.controller.GenController.genCode()', 'GET', 1, 'admin', '研发部门', '/tool/gen/genCode/cms_material_group', '127.0.0.1', '内网IP', NULL, '{\r\n  \"msg\" : \"操作成功\",\r\n  \"code\" : 0\r\n}', 0, NULL, '2020-09-09 14:51:44');
INSERT INTO `sys_oper_log` VALUES (251, '代码生成', 8, 'com.ruoyi.generator.controller.GenController.genCode()', 'GET', 1, 'admin', '研发部门', '/tool/gen/genCode/cms_material_group', '127.0.0.1', '内网IP', NULL, '{\r\n  \"msg\" : \"操作成功\",\r\n  \"code\" : 0\r\n}', 0, NULL, '2020-09-09 14:54:04');
INSERT INTO `sys_oper_log` VALUES (252, '代码生成', 8, 'com.ruoyi.generator.controller.GenController.genCode()', 'GET', 1, 'admin', '研发部门', '/tool/gen/genCode/cms_material_group', '127.0.0.1', '内网IP', NULL, '{\r\n  \"msg\" : \"操作成功\",\r\n  \"code\" : 0\r\n}', 0, NULL, '2020-09-09 15:05:38');
INSERT INTO `sys_oper_log` VALUES (253, '素材分组', 3, 'com.ruoyi.cms.controller.CmsMaterialGroupController.remove()', 'GET', 1, 'test', '市场部门', '/cms/group/remove/6', '127.0.0.1', '内网IP', NULL, '{\r\n  \"msg\" : \"操作成功\",\r\n  \"code\" : 0\r\n}', 0, NULL, '2020-09-09 15:06:00');
INSERT INTO `sys_oper_log` VALUES (254, '素材分组', 3, 'com.ruoyi.cms.controller.CmsMaterialGroupController.remove()', 'GET', 1, 'admin', '研发部门', '/cms/group/remove/5', '127.0.0.1', '内网IP', NULL, '{\r\n  \"msg\" : \"操作成功\",\r\n  \"code\" : 0\r\n}', 0, NULL, '2020-09-09 15:06:09');
INSERT INTO `sys_oper_log` VALUES (255, '素材分组', 3, 'com.ruoyi.cms.controller.CmsMaterialGroupController.remove()', 'GET', 1, 'admin', '研发部门', '/cms/group/remove/3', '127.0.0.1', '内网IP', NULL, '{\r\n  \"msg\" : \"操作成功\",\r\n  \"code\" : 0\r\n}', 0, NULL, '2020-09-09 15:06:11');
INSERT INTO `sys_oper_log` VALUES (256, '代码生成', 2, 'com.ruoyi.generator.controller.GenController.editSave()', 'POST', 1, 'admin', '研发部门', '/tool/gen/edit', '127.0.0.1', '内网IP', '{\"tableId\":[\"5\"],\"tableName\":[\"cms_material\"],\"tableComment\":[\"素材\"],\"className\":[\"CmsMaterial\"],\"functionAuthor\":[\"ruoyi\"],\"remark\":[\"\"],\"columns[0].columnId\":[\"43\"],\"columns[0].sort\":[\"1\"],\"columns[0].columnComment\":[\"主键\"],\"columns[0].javaType\":[\"Long\"],\"columns[0].javaField\":[\"id\"],\"columns[0].isInsert\":[\"1\"],\"columns[0].queryType\":[\"EQ\"],\"columns[0].htmlType\":[\"input\"],\"columns[0].dictType\":[\"\"],\"columns[1].columnId\":[\"44\"],\"columns[1].sort\":[\"2\"],\"columns[1].columnComment\":[\"分组id\"],\"columns[1].javaType\":[\"Long\"],\"columns[1].javaField\":[\"groupId\"],\"columns[1].isInsert\":[\"1\"],\"columns[1].isEdit\":[\"1\"],\"columns[1].isList\":[\"1\"],\"columns[1].queryType\":[\"EQ\"],\"columns[1].isRequired\":[\"1\"],\"columns[1].htmlType\":[\"input\"],\"columns[1].dictType\":[\"\"],\"columns[2].columnId\":[\"67\"],\"columns[2].sort\":[\"2\"],\"columns[2].columnComment\":[\"站点id\"],\"columns[2].javaType\":[\"Long\"],\"columns[2].javaField\":[\"siteId\"],\"columns[2].isInsert\":[\"1\"],\"columns[2].isEdit\":[\"1\"],\"columns[2].isList\":[\"1\"],\"columns[2].isQuery\":[\"1\"],\"columns[2].queryType\":[\"EQ\"],\"columns[2].htmlType\":[\"selector\"],\"columns[2].dictType\":[\"/system/selectGroupTree/\"],\"columns[3].columnId\":[\"45\"],\"columns[3].sort\":[\"3\"],\"columns[3].columnComment\":[\"素材名称\"],\"columns[3].javaType\":[\"String\"],\"columns[3].javaField\":[\"materialName\"],\"columns[3].isInsert\":[\"1\"],\"columns[3].isEdit\":[\"1\"],\"columns[3].isList\":[\"1\"],\"columns[3].isQuery\":[\"1\"],\"columns[3].queryType\":[\"LIKE\"],\"columns[3].isRequired\":[\"1\"],\"columns[3].htmlType\":[\"input\"],\"columns[3].dictType\":[\"\"],\"columns[4].columnId\":[\"46\"],\"columns[4].sort\":[\"4\"],\"columns[4].columnComment\":[\"素材类型 字典 1图片2视频\"],\"columns[4].javaType\":[\"Integer\"],\"columns[4].javaField\":[\"materialType\"],\"columns[4].isInsert\":[\"1\"],\"columns[4].isEdit\":[\"1\"],\"columns[4].isList\":[\"1\"],\"columns[4].queryType\":[\"EQ\"],\"columns[4].isRequired\":[\"1\"],\"columns[4].htmlType\":[\"select\"],\"columns[4].dictType\":[\"material_type\"],\"columns[5].columnId\":[\"47\"],\"columns[5].sort\":[\"5\"],\"columns[5].columnComment\":[\"素材描述\"],\"c', '{\r\n  \"msg\" : \"操作成功\",\r\n  \"code\" : 0\r\n}', 0, NULL, '2020-09-09 15:23:37');
INSERT INTO `sys_oper_log` VALUES (257, '代码生成', 8, 'com.ruoyi.generator.controller.GenController.genCode()', 'GET', 1, 'admin', '研发部门', '/tool/gen/genCode/cms_material', '127.0.0.1', '内网IP', NULL, '{\r\n  \"msg\" : \"操作成功\",\r\n  \"code\" : 0\r\n}', 0, NULL, '2020-09-09 15:23:40');
INSERT INTO `sys_oper_log` VALUES (258, '代码生成', 2, 'com.ruoyi.generator.controller.GenController.editSave()', 'POST', 1, 'admin', '研发部门', '/tool/gen/edit', '127.0.0.1', '内网IP', '{\"tableId\":[\"5\"],\"tableName\":[\"cms_material\"],\"tableComment\":[\"素材\"],\"className\":[\"CmsMaterial\"],\"functionAuthor\":[\"ruoyi\"],\"remark\":[\"\"],\"columns[0].columnId\":[\"43\"],\"columns[0].sort\":[\"1\"],\"columns[0].columnComment\":[\"主键\"],\"columns[0].javaType\":[\"Long\"],\"columns[0].javaField\":[\"id\"],\"columns[0].isInsert\":[\"1\"],\"columns[0].queryType\":[\"EQ\"],\"columns[0].htmlType\":[\"input\"],\"columns[0].dictType\":[\"\"],\"columns[1].columnId\":[\"44\"],\"columns[1].sort\":[\"2\"],\"columns[1].columnComment\":[\"分组id\"],\"columns[1].javaType\":[\"Long\"],\"columns[1].javaField\":[\"groupId\"],\"columns[1].isInsert\":[\"1\"],\"columns[1].isEdit\":[\"1\"],\"columns[1].isList\":[\"1\"],\"columns[1].queryType\":[\"EQ\"],\"columns[1].isRequired\":[\"1\"],\"columns[1].htmlType\":[\"selector\"],\"columns[1].dictType\":[\"/system/selectGroupTree/\"],\"columns[2].columnId\":[\"67\"],\"columns[2].sort\":[\"2\"],\"columns[2].columnComment\":[\"站点id\"],\"columns[2].javaType\":[\"Long\"],\"columns[2].javaField\":[\"siteId\"],\"columns[2].isInsert\":[\"1\"],\"columns[2].isEdit\":[\"1\"],\"columns[2].isList\":[\"1\"],\"columns[2].isQuery\":[\"1\"],\"columns[2].queryType\":[\"EQ\"],\"columns[2].htmlType\":[\"siteId\"],\"columns[2].dictType\":[\"\"],\"columns[3].columnId\":[\"45\"],\"columns[3].sort\":[\"3\"],\"columns[3].columnComment\":[\"素材名称\"],\"columns[3].javaType\":[\"String\"],\"columns[3].javaField\":[\"materialName\"],\"columns[3].isInsert\":[\"1\"],\"columns[3].isEdit\":[\"1\"],\"columns[3].isList\":[\"1\"],\"columns[3].isQuery\":[\"1\"],\"columns[3].queryType\":[\"LIKE\"],\"columns[3].isRequired\":[\"1\"],\"columns[3].htmlType\":[\"input\"],\"columns[3].dictType\":[\"\"],\"columns[4].columnId\":[\"46\"],\"columns[4].sort\":[\"4\"],\"columns[4].columnComment\":[\"素材类型 字典 1图片2视频\"],\"columns[4].javaType\":[\"Integer\"],\"columns[4].javaField\":[\"materialType\"],\"columns[4].isInsert\":[\"1\"],\"columns[4].isEdit\":[\"1\"],\"columns[4].isList\":[\"1\"],\"columns[4].queryType\":[\"EQ\"],\"columns[4].isRequired\":[\"1\"],\"columns[4].htmlType\":[\"select\"],\"columns[4].dictType\":[\"material_type\"],\"columns[5].columnId\":[\"47\"],\"columns[5].sort\":[\"5\"],\"columns[5].columnComment\":[\"素材描述\"],\"', '{\r\n  \"msg\" : \"操作成功\",\r\n  \"code\" : 0\r\n}', 0, NULL, '2020-09-09 15:24:19');
INSERT INTO `sys_oper_log` VALUES (259, '代码生成', 8, 'com.ruoyi.generator.controller.GenController.genCode()', 'GET', 1, 'admin', '研发部门', '/tool/gen/genCode/cms_material', '127.0.0.1', '内网IP', NULL, '{\r\n  \"msg\" : \"操作成功\",\r\n  \"code\" : 0\r\n}', 0, NULL, '2020-09-09 15:24:23');
INSERT INTO `sys_oper_log` VALUES (260, '代码生成', 8, 'com.ruoyi.generator.controller.GenController.genCode()', 'GET', 1, 'admin', '研发部门', '/tool/gen/genCode/cms_material', '127.0.0.1', '内网IP', NULL, '{\r\n  \"msg\" : \"操作成功\",\r\n  \"code\" : 0\r\n}', 0, NULL, '2020-09-09 15:25:39');
INSERT INTO `sys_oper_log` VALUES (261, '代码生成', 8, 'com.ruoyi.generator.controller.GenController.genCode()', 'GET', 1, 'admin', '研发部门', '/tool/gen/genCode/cms_material', '127.0.0.1', '内网IP', NULL, '{\r\n  \"msg\" : \"操作成功\",\r\n  \"code\" : 0\r\n}', 0, NULL, '2020-09-09 15:28:01');
INSERT INTO `sys_oper_log` VALUES (262, '代码生成', 8, 'com.ruoyi.generator.controller.GenController.genCode()', 'GET', 1, 'admin', '研发部门', '/tool/gen/genCode/cms_material', '127.0.0.1', '内网IP', NULL, '{\r\n  \"msg\" : \"操作成功\",\r\n  \"code\" : 0\r\n}', 0, NULL, '2020-09-09 15:29:23');
INSERT INTO `sys_oper_log` VALUES (263, '代码生成', 2, 'com.ruoyi.generator.controller.GenController.editSave()', 'POST', 1, 'admin', '研发部门', '/tool/gen/edit', '127.0.0.1', '内网IP', '{\"tableId\":[\"5\"],\"tableName\":[\"cms_material\"],\"tableComment\":[\"素材\"],\"className\":[\"CmsMaterial\"],\"functionAuthor\":[\"ruoyi\"],\"remark\":[\"\"],\"columns[0].columnId\":[\"43\"],\"columns[0].sort\":[\"1\"],\"columns[0].columnComment\":[\"主键\"],\"columns[0].javaType\":[\"Long\"],\"columns[0].javaField\":[\"id\"],\"columns[0].isInsert\":[\"1\"],\"columns[0].queryType\":[\"EQ\"],\"columns[0].htmlType\":[\"input\"],\"columns[0].dictType\":[\"\"],\"columns[1].columnId\":[\"44\"],\"columns[1].sort\":[\"2\"],\"columns[1].columnComment\":[\"分组id\"],\"columns[1].javaType\":[\"Long\"],\"columns[1].javaField\":[\"groupId\"],\"columns[1].isInsert\":[\"1\"],\"columns[1].isEdit\":[\"1\"],\"columns[1].isList\":[\"1\"],\"columns[1].queryType\":[\"EQ\"],\"columns[1].isRequired\":[\"1\"],\"columns[1].htmlType\":[\"selector\"],\"columns[1].dictType\":[\"/system/selectGroupTree/\"],\"columns[2].columnId\":[\"67\"],\"columns[2].sort\":[\"2\"],\"columns[2].columnComment\":[\"站点id\"],\"columns[2].javaType\":[\"Long\"],\"columns[2].javaField\":[\"siteId\"],\"columns[2].isInsert\":[\"1\"],\"columns[2].isEdit\":[\"1\"],\"columns[2].isList\":[\"1\"],\"columns[2].isQuery\":[\"1\"],\"columns[2].queryType\":[\"EQ\"],\"columns[2].htmlType\":[\"siteId\"],\"columns[2].dictType\":[\"\"],\"columns[3].columnId\":[\"45\"],\"columns[3].sort\":[\"3\"],\"columns[3].columnComment\":[\"素材名称\"],\"columns[3].javaType\":[\"String\"],\"columns[3].javaField\":[\"materialName\"],\"columns[3].isInsert\":[\"1\"],\"columns[3].isEdit\":[\"1\"],\"columns[3].isList\":[\"1\"],\"columns[3].isQuery\":[\"1\"],\"columns[3].queryType\":[\"LIKE\"],\"columns[3].isRequired\":[\"1\"],\"columns[3].htmlType\":[\"input\"],\"columns[3].dictType\":[\"\"],\"columns[4].columnId\":[\"46\"],\"columns[4].sort\":[\"4\"],\"columns[4].columnComment\":[\"素材类型 字典 1图片2视频\"],\"columns[4].javaType\":[\"Integer\"],\"columns[4].javaField\":[\"materialType\"],\"columns[4].isInsert\":[\"1\"],\"columns[4].isEdit\":[\"1\"],\"columns[4].isList\":[\"1\"],\"columns[4].queryType\":[\"EQ\"],\"columns[4].isRequired\":[\"1\"],\"columns[4].htmlType\":[\"select\"],\"columns[4].dictType\":[\"material_type\"],\"columns[5].columnId\":[\"47\"],\"columns[5].sort\":[\"5\"],\"columns[5].columnComment\":[\"素材描述\"],\"', '{\r\n  \"msg\" : \"操作成功\",\r\n  \"code\" : 0\r\n}', 0, NULL, '2020-09-09 16:42:43');
INSERT INTO `sys_oper_log` VALUES (264, '代码生成', 8, 'com.ruoyi.generator.controller.GenController.genCode()', 'GET', 1, 'admin', '研发部门', '/tool/gen/genCode/cms_material_group', '127.0.0.1', '内网IP', NULL, '{\r\n  \"msg\" : \"操作成功\",\r\n  \"code\" : 0\r\n}', 0, NULL, '2020-09-09 16:42:46');
INSERT INTO `sys_oper_log` VALUES (265, '代码生成', 8, 'com.ruoyi.generator.controller.GenController.genCode()', 'GET', 1, 'admin', '研发部门', '/tool/gen/genCode/cms_material', '127.0.0.1', '内网IP', NULL, '{\r\n  \"msg\" : \"操作成功\",\r\n  \"code\" : 0\r\n}', 0, NULL, '2020-09-09 16:42:49');
INSERT INTO `sys_oper_log` VALUES (266, '代码生成', 8, 'com.ruoyi.generator.controller.GenController.genCode()', 'GET', 1, 'admin', '研发部门', '/tool/gen/genCode/cms_material', '127.0.0.1', '内网IP', NULL, '{\r\n  \"msg\" : \"操作成功\",\r\n  \"code\" : 0\r\n}', 0, NULL, '2020-09-09 16:43:52');
INSERT INTO `sys_oper_log` VALUES (267, '代码生成', 8, 'com.ruoyi.generator.controller.GenController.genCode()', 'GET', 1, 'admin', '研发部门', '/tool/gen/genCode/cms_material', '127.0.0.1', '内网IP', NULL, '{\r\n  \"msg\" : \"操作成功\",\r\n  \"code\" : 0\r\n}', 0, NULL, '2020-09-09 16:44:59');
INSERT INTO `sys_oper_log` VALUES (268, '代码生成', 8, 'com.ruoyi.generator.controller.GenController.genCode()', 'GET', 1, 'admin', '研发部门', '/tool/gen/genCode/cms_material', '127.0.0.1', '内网IP', NULL, '{\r\n  \"msg\" : \"操作成功\",\r\n  \"code\" : 0\r\n}', 0, NULL, '2020-09-09 17:35:13');
INSERT INTO `sys_oper_log` VALUES (269, '代码生成', 2, 'com.ruoyi.generator.controller.GenController.editSave()', 'POST', 1, 'admin', '研发部门', '/tool/gen/edit', '127.0.0.1', '内网IP', '{\"tableId\":[\"5\"],\"tableName\":[\"cms_material\"],\"tableComment\":[\"素材\"],\"className\":[\"CmsMaterial\"],\"functionAuthor\":[\"ruoyi\"],\"remark\":[\"\"],\"columns[0].columnId\":[\"43\"],\"columns[0].sort\":[\"1\"],\"columns[0].columnComment\":[\"主键\"],\"columns[0].javaType\":[\"Long\"],\"columns[0].javaField\":[\"id\"],\"columns[0].isInsert\":[\"1\"],\"columns[0].queryType\":[\"EQ\"],\"columns[0].htmlType\":[\"input\"],\"columns[0].dictType\":[\"\"],\"columns[1].columnId\":[\"44\"],\"columns[1].sort\":[\"2\"],\"columns[1].columnComment\":[\"分组id\"],\"columns[1].javaType\":[\"Long\"],\"columns[1].javaField\":[\"groupId\"],\"columns[1].isInsert\":[\"1\"],\"columns[1].isEdit\":[\"1\"],\"columns[1].isList\":[\"1\"],\"columns[1].queryType\":[\"EQ\"],\"columns[1].isRequired\":[\"1\"],\"columns[1].htmlType\":[\"selector\"],\"columns[1].dictType\":[\"system/cms/selectGroupTree/\"],\"columns[2].columnId\":[\"67\"],\"columns[2].sort\":[\"2\"],\"columns[2].columnComment\":[\"站点id\"],\"columns[2].javaType\":[\"Long\"],\"columns[2].javaField\":[\"siteId\"],\"columns[2].isInsert\":[\"1\"],\"columns[2].isEdit\":[\"1\"],\"columns[2].isList\":[\"1\"],\"columns[2].isQuery\":[\"1\"],\"columns[2].queryType\":[\"EQ\"],\"columns[2].htmlType\":[\"siteId\"],\"columns[2].dictType\":[\"\"],\"columns[3].columnId\":[\"45\"],\"columns[3].sort\":[\"3\"],\"columns[3].columnComment\":[\"素材名称\"],\"columns[3].javaType\":[\"String\"],\"columns[3].javaField\":[\"materialName\"],\"columns[3].isInsert\":[\"1\"],\"columns[3].isEdit\":[\"1\"],\"columns[3].isList\":[\"1\"],\"columns[3].isQuery\":[\"1\"],\"columns[3].queryType\":[\"LIKE\"],\"columns[3].isRequired\":[\"1\"],\"columns[3].htmlType\":[\"input\"],\"columns[3].dictType\":[\"\"],\"columns[4].columnId\":[\"46\"],\"columns[4].sort\":[\"4\"],\"columns[4].columnComment\":[\"素材类型 字典 1图片2视频\"],\"columns[4].javaType\":[\"Integer\"],\"columns[4].javaField\":[\"materialType\"],\"columns[4].isInsert\":[\"1\"],\"columns[4].isEdit\":[\"1\"],\"columns[4].isList\":[\"1\"],\"columns[4].queryType\":[\"EQ\"],\"columns[4].isRequired\":[\"1\"],\"columns[4].htmlType\":[\"select\"],\"columns[4].dictType\":[\"material_type\"],\"columns[5].columnId\":[\"47\"],\"columns[5].sort\":[\"5\"],\"columns[5].columnComment\":[\"素材描述\"', '{\r\n  \"msg\" : \"操作成功\",\r\n  \"code\" : 0\r\n}', 0, NULL, '2020-09-09 17:37:03');
INSERT INTO `sys_oper_log` VALUES (270, '代码生成', 8, 'com.ruoyi.generator.controller.GenController.genCode()', 'GET', 1, 'admin', '研发部门', '/tool/gen/genCode/cms_material', '127.0.0.1', '内网IP', NULL, '{\r\n  \"msg\" : \"操作成功\",\r\n  \"code\" : 0\r\n}', 0, NULL, '2020-09-09 17:37:06');
INSERT INTO `sys_oper_log` VALUES (271, '代码生成', 2, 'com.ruoyi.generator.controller.GenController.editSave()', 'POST', 1, 'admin', '研发部门', '/tool/gen/edit', '127.0.0.1', '内网IP', '{\"tableId\":[\"5\"],\"tableName\":[\"cms_material\"],\"tableComment\":[\"素材\"],\"className\":[\"CmsMaterial\"],\"functionAuthor\":[\"ruoyi\"],\"remark\":[\"\"],\"columns[0].columnId\":[\"43\"],\"columns[0].sort\":[\"1\"],\"columns[0].columnComment\":[\"主键\"],\"columns[0].javaType\":[\"Long\"],\"columns[0].javaField\":[\"id\"],\"columns[0].isInsert\":[\"1\"],\"columns[0].queryType\":[\"EQ\"],\"columns[0].htmlType\":[\"input\"],\"columns[0].dictType\":[\"\"],\"columns[1].columnId\":[\"44\"],\"columns[1].sort\":[\"2\"],\"columns[1].columnComment\":[\"分组id\"],\"columns[1].javaType\":[\"Long\"],\"columns[1].javaField\":[\"groupId\"],\"columns[1].isInsert\":[\"1\"],\"columns[1].isEdit\":[\"1\"],\"columns[1].isList\":[\"1\"],\"columns[1].queryType\":[\"EQ\"],\"columns[1].isRequired\":[\"1\"],\"columns[1].htmlType\":[\"selector\"],\"columns[1].dictType\":[\"system/cms/material/selectGroupTree/\"],\"columns[2].columnId\":[\"67\"],\"columns[2].sort\":[\"2\"],\"columns[2].columnComment\":[\"站点id\"],\"columns[2].javaType\":[\"Long\"],\"columns[2].javaField\":[\"siteId\"],\"columns[2].isInsert\":[\"1\"],\"columns[2].isEdit\":[\"1\"],\"columns[2].isList\":[\"1\"],\"columns[2].isQuery\":[\"1\"],\"columns[2].queryType\":[\"EQ\"],\"columns[2].htmlType\":[\"siteId\"],\"columns[2].dictType\":[\"\"],\"columns[3].columnId\":[\"45\"],\"columns[3].sort\":[\"3\"],\"columns[3].columnComment\":[\"素材名称\"],\"columns[3].javaType\":[\"String\"],\"columns[3].javaField\":[\"materialName\"],\"columns[3].isInsert\":[\"1\"],\"columns[3].isEdit\":[\"1\"],\"columns[3].isList\":[\"1\"],\"columns[3].isQuery\":[\"1\"],\"columns[3].queryType\":[\"LIKE\"],\"columns[3].isRequired\":[\"1\"],\"columns[3].htmlType\":[\"input\"],\"columns[3].dictType\":[\"\"],\"columns[4].columnId\":[\"46\"],\"columns[4].sort\":[\"4\"],\"columns[4].columnComment\":[\"素材类型 字典 1图片2视频\"],\"columns[4].javaType\":[\"Integer\"],\"columns[4].javaField\":[\"materialType\"],\"columns[4].isInsert\":[\"1\"],\"columns[4].isEdit\":[\"1\"],\"columns[4].isList\":[\"1\"],\"columns[4].queryType\":[\"EQ\"],\"columns[4].isRequired\":[\"1\"],\"columns[4].htmlType\":[\"select\"],\"columns[4].dictType\":[\"material_type\"],\"columns[5].columnId\":[\"47\"],\"columns[5].sort\":[\"5\"],\"columns[5].columnComment', '{\r\n  \"msg\" : \"操作成功\",\r\n  \"code\" : 0\r\n}', 0, NULL, '2020-09-09 17:38:33');
INSERT INTO `sys_oper_log` VALUES (272, '代码生成', 8, 'com.ruoyi.generator.controller.GenController.genCode()', 'GET', 1, 'admin', '研发部门', '/tool/gen/genCode/cms_material', '127.0.0.1', '内网IP', NULL, '{\r\n  \"msg\" : \"操作成功\",\r\n  \"code\" : 0\r\n}', 0, NULL, '2020-09-09 17:38:35');
INSERT INTO `sys_oper_log` VALUES (273, '代码生成', 2, 'com.ruoyi.generator.controller.GenController.editSave()', 'POST', 1, 'admin', '研发部门', '/tool/gen/edit', '127.0.0.1', '内网IP', '{\"tableId\":[\"5\"],\"tableName\":[\"cms_material\"],\"tableComment\":[\"素材\"],\"className\":[\"CmsMaterial\"],\"functionAuthor\":[\"ruoyi\"],\"remark\":[\"\"],\"columns[0].columnId\":[\"43\"],\"columns[0].sort\":[\"1\"],\"columns[0].columnComment\":[\"主键\"],\"columns[0].javaType\":[\"Long\"],\"columns[0].javaField\":[\"id\"],\"columns[0].isInsert\":[\"1\"],\"columns[0].queryType\":[\"EQ\"],\"columns[0].htmlType\":[\"input\"],\"columns[0].dictType\":[\"\"],\"columns[1].columnId\":[\"44\"],\"columns[1].sort\":[\"2\"],\"columns[1].columnComment\":[\"分组id\"],\"columns[1].javaType\":[\"Long\"],\"columns[1].javaField\":[\"groupId\"],\"columns[1].isInsert\":[\"1\"],\"columns[1].isEdit\":[\"1\"],\"columns[1].isList\":[\"1\"],\"columns[1].queryType\":[\"EQ\"],\"columns[1].isRequired\":[\"1\"],\"columns[1].htmlType\":[\"selector\"],\"columns[1].dictType\":[\"cms/material/selectGroupTree/\"],\"columns[2].columnId\":[\"67\"],\"columns[2].sort\":[\"2\"],\"columns[2].columnComment\":[\"站点id\"],\"columns[2].javaType\":[\"Long\"],\"columns[2].javaField\":[\"siteId\"],\"columns[2].isInsert\":[\"1\"],\"columns[2].isEdit\":[\"1\"],\"columns[2].isList\":[\"1\"],\"columns[2].isQuery\":[\"1\"],\"columns[2].queryType\":[\"EQ\"],\"columns[2].htmlType\":[\"siteId\"],\"columns[2].dictType\":[\"\"],\"columns[3].columnId\":[\"45\"],\"columns[3].sort\":[\"3\"],\"columns[3].columnComment\":[\"素材名称\"],\"columns[3].javaType\":[\"String\"],\"columns[3].javaField\":[\"materialName\"],\"columns[3].isInsert\":[\"1\"],\"columns[3].isEdit\":[\"1\"],\"columns[3].isList\":[\"1\"],\"columns[3].isQuery\":[\"1\"],\"columns[3].queryType\":[\"LIKE\"],\"columns[3].isRequired\":[\"1\"],\"columns[3].htmlType\":[\"input\"],\"columns[3].dictType\":[\"\"],\"columns[4].columnId\":[\"46\"],\"columns[4].sort\":[\"4\"],\"columns[4].columnComment\":[\"素材类型 字典 1图片2视频\"],\"columns[4].javaType\":[\"Integer\"],\"columns[4].javaField\":[\"materialType\"],\"columns[4].isInsert\":[\"1\"],\"columns[4].isEdit\":[\"1\"],\"columns[4].isList\":[\"1\"],\"columns[4].queryType\":[\"EQ\"],\"columns[4].isRequired\":[\"1\"],\"columns[4].htmlType\":[\"select\"],\"columns[4].dictType\":[\"material_type\"],\"columns[5].columnId\":[\"47\"],\"columns[5].sort\":[\"5\"],\"columns[5].columnComment\":[\"素材描', '{\r\n  \"msg\" : \"操作成功\",\r\n  \"code\" : 0\r\n}', 0, NULL, '2020-09-09 17:39:26');
INSERT INTO `sys_oper_log` VALUES (274, '代码生成', 8, 'com.ruoyi.generator.controller.GenController.genCode()', 'GET', 1, 'admin', '研发部门', '/tool/gen/genCode/cms_material', '127.0.0.1', '内网IP', NULL, '{\r\n  \"msg\" : \"操作成功\",\r\n  \"code\" : 0\r\n}', 0, NULL, '2020-09-09 17:39:28');
INSERT INTO `sys_oper_log` VALUES (275, '代码生成', 2, 'com.ruoyi.generator.controller.GenController.editSave()', 'POST', 1, 'admin', '研发部门', '/tool/gen/edit', '127.0.0.1', '内网IP', '{\"tableId\":[\"5\"],\"tableName\":[\"cms_material\"],\"tableComment\":[\"素材\"],\"className\":[\"CmsMaterial\"],\"functionAuthor\":[\"ruoyi\"],\"remark\":[\"\"],\"columns[0].columnId\":[\"43\"],\"columns[0].sort\":[\"1\"],\"columns[0].columnComment\":[\"主键\"],\"columns[0].javaType\":[\"Long\"],\"columns[0].javaField\":[\"id\"],\"columns[0].isInsert\":[\"1\"],\"columns[0].queryType\":[\"EQ\"],\"columns[0].htmlType\":[\"input\"],\"columns[0].dictType\":[\"\"],\"columns[1].columnId\":[\"44\"],\"columns[1].sort\":[\"2\"],\"columns[1].columnComment\":[\"分组id\"],\"columns[1].javaType\":[\"Long\"],\"columns[1].javaField\":[\"groupId\"],\"columns[1].isInsert\":[\"1\"],\"columns[1].isEdit\":[\"1\"],\"columns[1].isList\":[\"1\"],\"columns[1].queryType\":[\"EQ\"],\"columns[1].isRequired\":[\"1\"],\"columns[1].htmlType\":[\"selector\"],\"columns[1].dictType\":[\"cms/group/selectGroupTree/\"],\"columns[2].columnId\":[\"67\"],\"columns[2].sort\":[\"2\"],\"columns[2].columnComment\":[\"站点id\"],\"columns[2].javaType\":[\"Long\"],\"columns[2].javaField\":[\"siteId\"],\"columns[2].isInsert\":[\"1\"],\"columns[2].isEdit\":[\"1\"],\"columns[2].isList\":[\"1\"],\"columns[2].isQuery\":[\"1\"],\"columns[2].queryType\":[\"EQ\"],\"columns[2].htmlType\":[\"siteId\"],\"columns[2].dictType\":[\"\"],\"columns[3].columnId\":[\"45\"],\"columns[3].sort\":[\"3\"],\"columns[3].columnComment\":[\"素材名称\"],\"columns[3].javaType\":[\"String\"],\"columns[3].javaField\":[\"materialName\"],\"columns[3].isInsert\":[\"1\"],\"columns[3].isEdit\":[\"1\"],\"columns[3].isList\":[\"1\"],\"columns[3].isQuery\":[\"1\"],\"columns[3].queryType\":[\"LIKE\"],\"columns[3].isRequired\":[\"1\"],\"columns[3].htmlType\":[\"input\"],\"columns[3].dictType\":[\"\"],\"columns[4].columnId\":[\"46\"],\"columns[4].sort\":[\"4\"],\"columns[4].columnComment\":[\"素材类型 字典 1图片2视频\"],\"columns[4].javaType\":[\"Integer\"],\"columns[4].javaField\":[\"materialType\"],\"columns[4].isInsert\":[\"1\"],\"columns[4].isEdit\":[\"1\"],\"columns[4].isList\":[\"1\"],\"columns[4].queryType\":[\"EQ\"],\"columns[4].isRequired\":[\"1\"],\"columns[4].htmlType\":[\"select\"],\"columns[4].dictType\":[\"material_type\"],\"columns[5].columnId\":[\"47\"],\"columns[5].sort\":[\"5\"],\"columns[5].columnComment\":[\"素材描述\"]', '{\r\n  \"msg\" : \"操作成功\",\r\n  \"code\" : 0\r\n}', 0, NULL, '2020-09-09 17:41:05');
INSERT INTO `sys_oper_log` VALUES (276, '代码生成', 8, 'com.ruoyi.generator.controller.GenController.genCode()', 'GET', 1, 'admin', '研发部门', '/tool/gen/genCode/cms_material', '127.0.0.1', '内网IP', NULL, '{\r\n  \"msg\" : \"操作成功\",\r\n  \"code\" : 0\r\n}', 0, NULL, '2020-09-09 17:41:09');
INSERT INTO `sys_oper_log` VALUES (277, '代码生成', 8, 'com.ruoyi.generator.controller.GenController.genCode()', 'GET', 1, 'admin', '研发部门', '/tool/gen/genCode/cms_material', '127.0.0.1', '内网IP', NULL, '{\r\n  \"msg\" : \"操作成功\",\r\n  \"code\" : 0\r\n}', 0, NULL, '2020-09-09 17:44:34');
INSERT INTO `sys_oper_log` VALUES (278, '素材', 2, 'com.ruoyi.cms.controller.CmsMaterialController.editSave()', 'POST', 1, 'admin', '研发部门', '/cms/material/edit', '127.0.0.1', '内网IP', '{\"id\":[\"2\"],\"groupId\":[\"1\"],\"siteId\":[\"3\",\"3\"],\"materialName\":[\"ffff\"],\"materialType\":[\"1\"],\"description\":[\"\"],\"materialSize\":[\"\"],\"savePath\":[\"\"],\"width\":[\"\"],\"height\":[\"\"],\"remark\":[\"\"]}', '{\r\n  \"msg\" : \"操作成功\",\r\n  \"code\" : 0\r\n}', 0, NULL, '2020-09-09 17:45:01');
INSERT INTO `sys_oper_log` VALUES (279, '素材', 2, 'com.ruoyi.cms.controller.CmsMaterialController.editSave()', 'POST', 1, 'admin', '研发部门', '/cms/material/edit', '127.0.0.1', '内网IP', '{\"id\":[\"2\"],\"groupId\":[\"1\"],\"siteId\":[\"3\",\"3\"],\"materialName\":[\"ffff\"],\"materialType\":[\"1\"],\"description\":[\"\"],\"materialSize\":[\"\"],\"savePath\":[\"\"],\"width\":[\"\"],\"height\":[\"\"],\"remark\":[\"\"]}', '{\r\n  \"msg\" : \"操作成功\",\r\n  \"code\" : 0\r\n}', 0, NULL, '2020-09-09 17:45:19');
INSERT INTO `sys_oper_log` VALUES (280, '素材', 2, 'com.ruoyi.cms.controller.CmsMaterialController.editSave()', 'POST', 1, 'admin', '研发部门', '/cms/material/edit', '127.0.0.1', '内网IP', '{\"id\":[\"2\"],\"groupId\":[\"2\"],\"siteId\":[\"3\",\"3\"],\"materialName\":[\"ffff\"],\"materialType\":[\"1\"],\"description\":[\"\"],\"materialSize\":[\"\"],\"savePath\":[\"\"],\"width\":[\"\"],\"height\":[\"\"],\"remark\":[\"\"]}', '{\r\n  \"msg\" : \"操作成功\",\r\n  \"code\" : 0\r\n}', 0, NULL, '2020-09-09 17:45:27');
INSERT INTO `sys_oper_log` VALUES (281, '素材', 2, 'com.ruoyi.cms.controller.CmsMaterialController.editSave()', 'POST', 1, 'admin', '研发部门', '/cms/material/edit', '127.0.0.1', '内网IP', '{\"id\":[\"2\"],\"groupId\":[\"1\"],\"siteId\":[\"3\",\"3\"],\"materialName\":[\"ffff\"],\"materialType\":[\"1\"],\"description\":[\"\"],\"materialSize\":[\"\"],\"savePath\":[\"\"],\"width\":[\"\"],\"height\":[\"\"],\"remark\":[\"\"]}', '{\r\n  \"msg\" : \"操作成功\",\r\n  \"code\" : 0\r\n}', 0, NULL, '2020-09-09 17:45:34');
INSERT INTO `sys_oper_log` VALUES (282, '代码生成', 8, 'com.ruoyi.generator.controller.GenController.genCode()', 'GET', 1, 'admin', '研发部门', '/tool/gen/genCode/cms_material', '127.0.0.1', '内网IP', NULL, '{\r\n  \"msg\" : \"操作成功\",\r\n  \"code\" : 0\r\n}', 0, NULL, '2020-09-09 17:47:31');
INSERT INTO `sys_oper_log` VALUES (283, '代码生成', 8, 'com.ruoyi.generator.controller.GenController.genCode()', 'GET', 1, 'admin', '研发部门', '/tool/gen/genCode/cms_material', '127.0.0.1', '内网IP', NULL, '{\r\n  \"msg\" : \"操作成功\",\r\n  \"code\" : 0\r\n}', 0, NULL, '2020-09-09 17:56:46');
INSERT INTO `sys_oper_log` VALUES (284, '素材', 3, 'com.ruoyi.cms.controller.CmsMaterialController.remove()', 'POST', 1, 'admin', '研发部门', '/cms/material/remove', '127.0.0.1', '内网IP', '{\"ids\":[\"4\"]}', '{\r\n  \"msg\" : \"操作成功\",\r\n  \"code\" : 0\r\n}', 0, NULL, '2020-09-09 17:57:41');
INSERT INTO `sys_oper_log` VALUES (285, '代码生成', 2, 'com.ruoyi.generator.controller.GenController.synchDb()', 'GET', 1, 'admin', '研发部门', '/tool/gen/synchDb/cms_material', '127.0.0.1', '内网IP', NULL, '{\r\n  \"msg\" : \"操作成功\",\r\n  \"code\" : 0\r\n}', 0, NULL, '2020-09-10 11:25:11');
INSERT INTO `sys_oper_log` VALUES (286, '代码生成', 2, 'com.ruoyi.generator.controller.GenController.editSave()', 'POST', 1, 'admin', '研发部门', '/tool/gen/edit', '127.0.0.1', '内网IP', '{\"tableId\":[\"5\"],\"tableName\":[\"cms_material\"],\"tableComment\":[\"素材\"],\"className\":[\"CmsMaterial\"],\"functionAuthor\":[\"ruoyi\"],\"remark\":[\"\"],\"columns[0].columnId\":[\"43\"],\"columns[0].sort\":[\"1\"],\"columns[0].columnComment\":[\"主键\"],\"columns[0].javaType\":[\"Long\"],\"columns[0].javaField\":[\"id\"],\"columns[0].isInsert\":[\"1\"],\"columns[0].queryType\":[\"EQ\"],\"columns[0].htmlType\":[\"input\"],\"columns[0].dictType\":[\"\"],\"columns[1].columnId\":[\"44\"],\"columns[1].sort\":[\"2\"],\"columns[1].columnComment\":[\"分组id\"],\"columns[1].javaType\":[\"Long\"],\"columns[1].javaField\":[\"groupId\"],\"columns[1].isInsert\":[\"1\"],\"columns[1].isEdit\":[\"1\"],\"columns[1].isList\":[\"1\"],\"columns[1].queryType\":[\"EQ\"],\"columns[1].isRequired\":[\"1\"],\"columns[1].htmlType\":[\"selector\"],\"columns[1].dictType\":[\"cms/group/selectGroupTree/\"],\"columns[2].columnId\":[\"67\"],\"columns[2].sort\":[\"2\"],\"columns[2].columnComment\":[\"站点id\"],\"columns[2].javaType\":[\"Long\"],\"columns[2].javaField\":[\"siteId\"],\"columns[2].isInsert\":[\"1\"],\"columns[2].isEdit\":[\"1\"],\"columns[2].isList\":[\"1\"],\"columns[2].isQuery\":[\"1\"],\"columns[2].queryType\":[\"EQ\"],\"columns[2].htmlType\":[\"siteId\"],\"columns[2].dictType\":[\"\"],\"columns[3].columnId\":[\"45\"],\"columns[3].sort\":[\"3\"],\"columns[3].columnComment\":[\"素材名称\"],\"columns[3].javaType\":[\"String\"],\"columns[3].javaField\":[\"materialName\"],\"columns[3].isInsert\":[\"1\"],\"columns[3].isEdit\":[\"1\"],\"columns[3].isList\":[\"1\"],\"columns[3].isQuery\":[\"1\"],\"columns[3].queryType\":[\"LIKE\"],\"columns[3].isRequired\":[\"1\"],\"columns[3].htmlType\":[\"input\"],\"columns[3].dictType\":[\"\"],\"columns[4].columnId\":[\"46\"],\"columns[4].sort\":[\"4\"],\"columns[4].columnComment\":[\"素材类型 字典 1图片2视频\"],\"columns[4].javaType\":[\"Integer\"],\"columns[4].javaField\":[\"materialType\"],\"columns[4].isInsert\":[\"1\"],\"columns[4].isEdit\":[\"1\"],\"columns[4].isList\":[\"1\"],\"columns[4].queryType\":[\"EQ\"],\"columns[4].isRequired\":[\"1\"],\"columns[4].htmlType\":[\"select\"],\"columns[4].dictType\":[\"material_type\"],\"columns[5].columnId\":[\"47\"],\"columns[5].sort\":[\"5\"],\"columns[5].columnComment\":[\"素材描述\"]', '{\r\n  \"msg\" : \"操作成功\",\r\n  \"code\" : 0\r\n}', 0, NULL, '2020-09-10 11:25:22');
INSERT INTO `sys_oper_log` VALUES (287, '代码生成', 8, 'com.ruoyi.generator.controller.GenController.genCode()', 'GET', 1, 'admin', '研发部门', '/tool/gen/genCode/cms_material', '127.0.0.1', '内网IP', NULL, '{\r\n  \"msg\" : \"操作成功\",\r\n  \"code\" : 0\r\n}', 0, NULL, '2020-09-10 11:25:24');
INSERT INTO `sys_oper_log` VALUES (288, '代码生成', 6, 'com.ruoyi.generator.controller.GenController.importTableSave()', 'POST', 1, 'admin', '研发部门', '/tool/gen/importTable', '127.0.0.1', '内网IP', '{\"tables\":[\"cms_product,cms_product_material,cms_product_category\"]}', '{\r\n  \"msg\" : \"操作成功\",\r\n  \"code\" : 0\r\n}', 0, NULL, '2020-09-10 13:39:08');
INSERT INTO `sys_oper_log` VALUES (289, '代码生成', 3, 'com.ruoyi.generator.controller.GenController.remove()', 'POST', 1, 'admin', '研发部门', '/tool/gen/remove', '127.0.0.1', '内网IP', '{\"ids\":[\"7,8,9\"]}', '{\r\n  \"msg\" : \"操作成功\",\r\n  \"code\" : 0\r\n}', 0, NULL, '2020-09-10 16:58:24');
INSERT INTO `sys_oper_log` VALUES (290, '代码生成', 6, 'com.ruoyi.generator.controller.GenController.importTableSave()', 'POST', 1, 'admin', '研发部门', '/tool/gen/importTable', '127.0.0.1', '内网IP', '{\"tables\":[\"cms_product_material,cms_product,cms_product_group\"]}', '{\r\n  \"msg\" : \"操作成功\",\r\n  \"code\" : 0\r\n}', 0, NULL, '2020-09-10 16:58:38');
INSERT INTO `sys_oper_log` VALUES (291, '菜单管理', 1, 'com.ruoyi.web.controller.system.SysMenuController.addSave()', 'POST', 1, 'admin', '研发部门', '/system/menu/add', '127.0.0.1', '内网IP', '{\"parentId\":[\"2002\"],\"menuType\":[\"C\"],\"menuName\":[\"产品管理\"],\"url\":[\"/cms/product\"],\"target\":[\"menuItem\"],\"perms\":[\"cms:product\"],\"orderNum\":[\"1\"],\"icon\":[\"\"],\"visible\":[\"0\"]}', '{\r\n  \"msg\" : \"操作成功\",\r\n  \"code\" : 0\r\n}', 0, NULL, '2020-09-10 17:24:02');
INSERT INTO `sys_oper_log` VALUES (292, '代码生成', 2, 'com.ruoyi.generator.controller.GenController.editSave()', 'POST', 1, 'admin', '研发部门', '/tool/gen/edit', '127.0.0.1', '内网IP', '{\"tableId\":[\"6\"],\"tableName\":[\"cms_material_group\"],\"tableComment\":[\"素材分组\"],\"className\":[\"CmsMaterialGroup\"],\"functionAuthor\":[\"ruoyi\"],\"remark\":[\"\"],\"columns[0].columnId\":[\"57\"],\"columns[0].sort\":[\"1\"],\"columns[0].columnComment\":[\"主键\"],\"columns[0].javaType\":[\"Long\"],\"columns[0].javaField\":[\"id\"],\"columns[0].isInsert\":[\"1\"],\"columns[0].queryType\":[\"EQ\"],\"columns[0].htmlType\":[\"input\"],\"columns[0].dictType\":[\"\"],\"columns[1].columnId\":[\"58\"],\"columns[1].sort\":[\"2\"],\"columns[1].columnComment\":[\"父ID\"],\"columns[1].javaType\":[\"Long\"],\"columns[1].javaField\":[\"parentId\"],\"columns[1].isInsert\":[\"1\"],\"columns[1].isEdit\":[\"1\"],\"columns[1].isList\":[\"1\"],\"columns[1].queryType\":[\"EQ\"],\"columns[1].htmlType\":[\"input\"],\"columns[1].dictType\":[\"\"],\"columns[2].columnId\":[\"68\"],\"columns[2].sort\":[\"2\"],\"columns[2].columnComment\":[\"站点id\"],\"columns[2].javaType\":[\"Long\"],\"columns[2].javaField\":[\"siteId\"],\"columns[2].isInsert\":[\"1\"],\"columns[2].isEdit\":[\"1\"],\"columns[2].isList\":[\"1\"],\"columns[2].isQuery\":[\"1\"],\"columns[2].queryType\":[\"EQ\"],\"columns[2].htmlType\":[\"siteId\"],\"columns[2].dictType\":[\"\"],\"columns[3].columnId\":[\"59\"],\"columns[3].sort\":[\"3\"],\"columns[3].columnComment\":[\"分组名称\"],\"columns[3].javaType\":[\"String\"],\"columns[3].javaField\":[\"groupName\"],\"columns[3].isInsert\":[\"1\"],\"columns[3].isEdit\":[\"1\"],\"columns[3].isList\":[\"1\"],\"columns[3].isQuery\":[\"1\"],\"columns[3].queryType\":[\"LIKE\"],\"columns[3].htmlType\":[\"input\"],\"columns[3].dictType\":[\"\"],\"columns[4].columnId\":[\"60\"],\"columns[4].sort\":[\"4\"],\"columns[4].columnComment\":[\"描述\"],\"columns[4].javaType\":[\"String\"],\"columns[4].javaField\":[\"description\"],\"columns[4].isInsert\":[\"1\"],\"columns[4].isEdit\":[\"1\"],\"columns[4].isList\":[\"1\"],\"columns[4].queryType\":[\"EQ\"],\"columns[4].htmlType\":[\"input\"],\"columns[4].dictType\":[\"\"],\"columns[5].columnId\":[\"61\"],\"columns[5].sort\":[\"5\"],\"columns[5].columnComment\":[\"排序\"],\"columns[5].javaType\":[\"Integer\"],\"columns[5].javaField\":[\"sort\"],\"columns[5].isInsert\":[\"1\"],\"columns[5].isEdit\":[\"1\"],\"columns[5].isList', '{\r\n  \"msg\" : \"操作成功\",\r\n  \"code\" : 0\r\n}', 0, NULL, '2020-09-10 17:24:56');
INSERT INTO `sys_oper_log` VALUES (293, '代码生成', 8, 'com.ruoyi.generator.controller.GenController.genCode()', 'GET', 1, 'admin', '研发部门', '/tool/gen/genCode/cms_material_group', '127.0.0.1', '内网IP', NULL, '{\r\n  \"msg\" : \"操作成功\",\r\n  \"code\" : 0\r\n}', 0, NULL, '2020-09-10 17:25:00');
INSERT INTO `sys_oper_log` VALUES (294, '菜单管理', 2, 'com.ruoyi.web.controller.system.SysMenuController.editSave()', 'POST', 1, 'admin', '研发部门', '/system/menu/edit', '127.0.0.1', '内网IP', '{\"menuId\":[\"2004\"],\"parentId\":[\"2002\"],\"menuType\":[\"C\"],\"menuName\":[\"素材分组管理\"],\"url\":[\"/cms/materialGroup\"],\"target\":[\"menuItem\"],\"perms\":[\"cms:materialGroup\"],\"orderNum\":[\"1\"],\"icon\":[\"#\"],\"visible\":[\"0\"]}', '{\r\n  \"msg\" : \"操作成功\",\r\n  \"code\" : 0\r\n}', 0, NULL, '2020-09-10 17:25:51');
INSERT INTO `sys_oper_log` VALUES (295, '菜单管理', 1, 'com.ruoyi.web.controller.system.SysMenuController.addSave()', 'POST', 1, 'admin', '研发部门', '/system/menu/add', '127.0.0.1', '内网IP', '{\"parentId\":[\"2002\"],\"menuType\":[\"C\"],\"menuName\":[\"产品分组管理\"],\"url\":[\"/cms/productGroup\"],\"target\":[\"menuItem\"],\"perms\":[\"cms:productGroup\"],\"orderNum\":[\"1\"],\"icon\":[\"\"],\"visible\":[\"0\"]}', '{\r\n  \"msg\" : \"操作成功\",\r\n  \"code\" : 0\r\n}', 0, NULL, '2020-09-10 17:28:58');
INSERT INTO `sys_oper_log` VALUES (296, '代码生成', 8, 'com.ruoyi.generator.controller.GenController.genCode()', 'GET', 1, 'admin', '研发部门', '/tool/gen/genCode/cms_material_group', '127.0.0.1', '内网IP', NULL, '{\r\n  \"msg\" : \"操作成功\",\r\n  \"code\" : 0\r\n}', 0, NULL, '2020-09-10 17:33:26');
INSERT INTO `sys_oper_log` VALUES (297, '代码生成', 2, 'com.ruoyi.generator.controller.GenController.editSave()', 'POST', 1, 'admin', '研发部门', '/tool/gen/edit', '127.0.0.1', '内网IP', '{\"tableId\":[\"6\"],\"tableName\":[\"cms_material_group\"],\"tableComment\":[\"素材分组\"],\"className\":[\"CmsMaterialGroup\"],\"functionAuthor\":[\"ruoyi\"],\"remark\":[\"\"],\"columns[0].columnId\":[\"57\"],\"columns[0].sort\":[\"1\"],\"columns[0].columnComment\":[\"主键\"],\"columns[0].javaType\":[\"Long\"],\"columns[0].javaField\":[\"id\"],\"columns[0].isInsert\":[\"1\"],\"columns[0].queryType\":[\"EQ\"],\"columns[0].htmlType\":[\"input\"],\"columns[0].dictType\":[\"\"],\"columns[1].columnId\":[\"58\"],\"columns[1].sort\":[\"2\"],\"columns[1].columnComment\":[\"父ID\"],\"columns[1].javaType\":[\"Long\"],\"columns[1].javaField\":[\"parentId\"],\"columns[1].isInsert\":[\"1\"],\"columns[1].isEdit\":[\"1\"],\"columns[1].isList\":[\"1\"],\"columns[1].queryType\":[\"EQ\"],\"columns[1].htmlType\":[\"input\"],\"columns[1].dictType\":[\"\"],\"columns[2].columnId\":[\"68\"],\"columns[2].sort\":[\"2\"],\"columns[2].columnComment\":[\"站点id\"],\"columns[2].javaType\":[\"Long\"],\"columns[2].javaField\":[\"siteId\"],\"columns[2].isInsert\":[\"1\"],\"columns[2].isEdit\":[\"1\"],\"columns[2].isList\":[\"1\"],\"columns[2].isQuery\":[\"1\"],\"columns[2].queryType\":[\"EQ\"],\"columns[2].htmlType\":[\"siteId\"],\"columns[2].dictType\":[\"\"],\"columns[3].columnId\":[\"59\"],\"columns[3].sort\":[\"3\"],\"columns[3].columnComment\":[\"分组名称\"],\"columns[3].javaType\":[\"String\"],\"columns[3].javaField\":[\"groupName\"],\"columns[3].isInsert\":[\"1\"],\"columns[3].isEdit\":[\"1\"],\"columns[3].isList\":[\"1\"],\"columns[3].isQuery\":[\"1\"],\"columns[3].queryType\":[\"LIKE\"],\"columns[3].htmlType\":[\"input\"],\"columns[3].dictType\":[\"\"],\"columns[4].columnId\":[\"60\"],\"columns[4].sort\":[\"4\"],\"columns[4].columnComment\":[\"描述\"],\"columns[4].javaType\":[\"String\"],\"columns[4].javaField\":[\"description\"],\"columns[4].isInsert\":[\"1\"],\"columns[4].isEdit\":[\"1\"],\"columns[4].isList\":[\"1\"],\"columns[4].queryType\":[\"EQ\"],\"columns[4].htmlType\":[\"input\"],\"columns[4].dictType\":[\"\"],\"columns[5].columnId\":[\"61\"],\"columns[5].sort\":[\"5\"],\"columns[5].columnComment\":[\"排序\"],\"columns[5].javaType\":[\"Integer\"],\"columns[5].javaField\":[\"sort\"],\"columns[5].isInsert\":[\"1\"],\"columns[5].isEdit\":[\"1\"],\"columns[5].isList', '{\r\n  \"msg\" : \"操作成功\",\r\n  \"code\" : 0\r\n}', 0, NULL, '2020-09-10 17:34:12');
INSERT INTO `sys_oper_log` VALUES (298, '代码生成', 8, 'com.ruoyi.generator.controller.GenController.genCode()', 'GET', 1, 'admin', '研发部门', '/tool/gen/genCode/cms_material_group', '127.0.0.1', '内网IP', NULL, '{\r\n  \"msg\" : \"操作成功\",\r\n  \"code\" : 0\r\n}', 0, NULL, '2020-09-10 17:34:24');
INSERT INTO `sys_oper_log` VALUES (299, '代码生成', 2, 'com.ruoyi.generator.controller.GenController.editSave()', 'POST', 1, 'admin', '研发部门', '/tool/gen/edit', '127.0.0.1', '内网IP', '{\"tableId\":[\"5\"],\"tableName\":[\"cms_material\"],\"tableComment\":[\"素材\"],\"className\":[\"CmsMaterial\"],\"functionAuthor\":[\"ruoyi\"],\"remark\":[\"\"],\"columns[0].columnId\":[\"43\"],\"columns[0].sort\":[\"1\"],\"columns[0].columnComment\":[\"主键\"],\"columns[0].javaType\":[\"Long\"],\"columns[0].javaField\":[\"id\"],\"columns[0].isInsert\":[\"1\"],\"columns[0].queryType\":[\"EQ\"],\"columns[0].htmlType\":[\"input\"],\"columns[0].dictType\":[\"\"],\"columns[1].columnId\":[\"44\"],\"columns[1].sort\":[\"2\"],\"columns[1].columnComment\":[\"分组id\"],\"columns[1].javaType\":[\"Long\"],\"columns[1].javaField\":[\"groupId\"],\"columns[1].isInsert\":[\"1\"],\"columns[1].isEdit\":[\"1\"],\"columns[1].isList\":[\"1\"],\"columns[1].queryType\":[\"EQ\"],\"columns[1].isRequired\":[\"1\"],\"columns[1].htmlType\":[\"selector\"],\"columns[1].dictType\":[\"cms/materialGroup/selectMaterialGroupTree/\"],\"columns[2].columnId\":[\"67\"],\"columns[2].sort\":[\"2\"],\"columns[2].columnComment\":[\"站点id\"],\"columns[2].javaType\":[\"Long\"],\"columns[2].javaField\":[\"siteId\"],\"columns[2].isInsert\":[\"1\"],\"columns[2].isEdit\":[\"1\"],\"columns[2].isList\":[\"1\"],\"columns[2].isQuery\":[\"1\"],\"columns[2].queryType\":[\"EQ\"],\"columns[2].htmlType\":[\"siteId\"],\"columns[2].dictType\":[\"\"],\"columns[3].columnId\":[\"45\"],\"columns[3].sort\":[\"3\"],\"columns[3].columnComment\":[\"素材名称\"],\"columns[3].javaType\":[\"String\"],\"columns[3].javaField\":[\"materialName\"],\"columns[3].isInsert\":[\"1\"],\"columns[3].isEdit\":[\"1\"],\"columns[3].isList\":[\"1\"],\"columns[3].isQuery\":[\"1\"],\"columns[3].queryType\":[\"LIKE\"],\"columns[3].isRequired\":[\"1\"],\"columns[3].htmlType\":[\"input\"],\"columns[3].dictType\":[\"\"],\"columns[4].columnId\":[\"46\"],\"columns[4].sort\":[\"4\"],\"columns[4].columnComment\":[\"素材类型 字典 1图片2视频\"],\"columns[4].javaType\":[\"Integer\"],\"columns[4].javaField\":[\"materialType\"],\"columns[4].isInsert\":[\"1\"],\"columns[4].isEdit\":[\"1\"],\"columns[4].isList\":[\"1\"],\"columns[4].queryType\":[\"EQ\"],\"columns[4].isRequired\":[\"1\"],\"columns[4].htmlType\":[\"select\"],\"columns[4].dictType\":[\"material_type\"],\"columns[5].columnId\":[\"47\"],\"columns[5].sort\":[\"5\"],\"columns[5].columnC', '{\r\n  \"msg\" : \"操作成功\",\r\n  \"code\" : 0\r\n}', 0, NULL, '2020-09-10 17:37:24');
INSERT INTO `sys_oper_log` VALUES (300, '代码生成', 8, 'com.ruoyi.generator.controller.GenController.genCode()', 'GET', 1, 'admin', '研发部门', '/tool/gen/genCode/cms_material', '127.0.0.1', '内网IP', NULL, '{\r\n  \"msg\" : \"操作成功\",\r\n  \"code\" : 0\r\n}', 0, NULL, '2020-09-10 17:37:29');
INSERT INTO `sys_oper_log` VALUES (301, '代码生成', 2, 'com.ruoyi.generator.controller.GenController.editSave()', 'POST', 1, 'admin', '研发部门', '/tool/gen/edit', '127.0.0.1', '内网IP', '{\"tableId\":[\"10\"],\"tableName\":[\"cms_product\"],\"tableComment\":[\"产品\"],\"className\":[\"CmsProduct\"],\"functionAuthor\":[\"ruoyi\"],\"remark\":[\"\"],\"columns[0].columnId\":[\"83\"],\"columns[0].sort\":[\"1\"],\"columns[0].columnComment\":[\"主键\"],\"columns[0].javaType\":[\"Long\"],\"columns[0].javaField\":[\"id\"],\"columns[0].isInsert\":[\"1\"],\"columns[0].queryType\":[\"EQ\"],\"columns[0].htmlType\":[\"input\"],\"columns[0].dictType\":[\"\"],\"columns[1].columnId\":[\"84\"],\"columns[1].sort\":[\"2\"],\"columns[1].columnComment\":[\"名称 \"],\"columns[1].javaType\":[\"String\"],\"columns[1].javaField\":[\"name\"],\"columns[1].isInsert\":[\"1\"],\"columns[1].isEdit\":[\"1\"],\"columns[1].isList\":[\"1\"],\"columns[1].isQuery\":[\"1\"],\"columns[1].queryType\":[\"LIKE\"],\"columns[1].htmlType\":[\"input\"],\"columns[1].dictType\":[\"\"],\"columns[2].columnId\":[\"85\"],\"columns[2].sort\":[\"3\"],\"columns[2].columnComment\":[\"分组id\"],\"columns[2].javaType\":[\"Long\"],\"columns[2].javaField\":[\"groupId\"],\"columns[2].isInsert\":[\"1\"],\"columns[2].isEdit\":[\"1\"],\"columns[2].isList\":[\"1\"],\"columns[2].isQuery\":[\"1\"],\"columns[2].queryType\":[\"EQ\"],\"columns[2].htmlType\":[\"input\"],\"columns[2].dictType\":[\"\"],\"columns[3].columnId\":[\"86\"],\"columns[3].sort\":[\"4\"],\"columns[3].columnComment\":[\"站点id\"],\"columns[3].javaType\":[\"Long\"],\"columns[3].javaField\":[\"siteId\"],\"columns[3].isInsert\":[\"1\"],\"columns[3].isEdit\":[\"1\"],\"columns[3].isList\":[\"1\"],\"columns[3].isQuery\":[\"1\"],\"columns[3].queryType\":[\"EQ\"],\"columns[3].htmlType\":[\"input\"],\"columns[3].dictType\":[\"\"],\"columns[4].columnId\":[\"87\"],\"columns[4].sort\":[\"5\"],\"columns[4].columnComment\":[\"创建者\"],\"columns[4].javaType\":[\"String\"],\"columns[4].javaField\":[\"createBy\"],\"columns[4].isInsert\":[\"1\"],\"columns[4].queryType\":[\"EQ\"],\"columns[4].htmlType\":[\"input\"],\"columns[4].dictType\":[\"\"],\"columns[5].columnId\":[\"88\"],\"columns[5].sort\":[\"6\"],\"columns[5].columnComment\":[\"创建时间\"],\"columns[5].javaType\":[\"Date\"],\"columns[5].javaField\":[\"createTime\"],\"columns[5].isInsert\":[\"1\"],\"columns[5].queryType\":[\"EQ\"],\"columns[5].htmlType\":[\"datetime\"],\"columns[5].dictType\":', '{\r\n  \"msg\" : \"操作成功\",\r\n  \"code\" : 0\r\n}', 0, NULL, '2020-09-10 17:39:44');
INSERT INTO `sys_oper_log` VALUES (302, '代码生成', 2, 'com.ruoyi.generator.controller.GenController.editSave()', 'POST', 1, 'admin', '研发部门', '/tool/gen/edit', '127.0.0.1', '内网IP', '{\"tableId\":[\"10\"],\"tableName\":[\"cms_product\"],\"tableComment\":[\"产品\"],\"className\":[\"CmsProduct\"],\"functionAuthor\":[\"ruoyi\"],\"remark\":[\"\"],\"columns[0].columnId\":[\"83\"],\"columns[0].sort\":[\"1\"],\"columns[0].columnComment\":[\"主键\"],\"columns[0].javaType\":[\"Long\"],\"columns[0].javaField\":[\"id\"],\"columns[0].isInsert\":[\"1\"],\"columns[0].queryType\":[\"EQ\"],\"columns[0].htmlType\":[\"input\"],\"columns[0].dictType\":[\"\"],\"columns[1].columnId\":[\"84\"],\"columns[1].sort\":[\"2\"],\"columns[1].columnComment\":[\"名称\"],\"columns[1].javaType\":[\"String\"],\"columns[1].javaField\":[\"name\"],\"columns[1].isInsert\":[\"1\"],\"columns[1].isEdit\":[\"1\"],\"columns[1].isList\":[\"1\"],\"columns[1].isQuery\":[\"1\"],\"columns[1].queryType\":[\"LIKE\"],\"columns[1].htmlType\":[\"input\"],\"columns[1].dictType\":[\"\"],\"columns[2].columnId\":[\"85\"],\"columns[2].sort\":[\"3\"],\"columns[2].columnComment\":[\"分组id\"],\"columns[2].javaType\":[\"Long\"],\"columns[2].javaField\":[\"groupId\"],\"columns[2].isInsert\":[\"1\"],\"columns[2].isEdit\":[\"1\"],\"columns[2].isList\":[\"1\"],\"columns[2].isQuery\":[\"1\"],\"columns[2].queryType\":[\"EQ\"],\"columns[2].htmlType\":[\"input\"],\"columns[2].dictType\":[\"\"],\"columns[3].columnId\":[\"86\"],\"columns[3].sort\":[\"4\"],\"columns[3].columnComment\":[\"站点id\"],\"columns[3].javaType\":[\"Long\"],\"columns[3].javaField\":[\"siteId\"],\"columns[3].isInsert\":[\"1\"],\"columns[3].isEdit\":[\"1\"],\"columns[3].isList\":[\"1\"],\"columns[3].isQuery\":[\"1\"],\"columns[3].queryType\":[\"EQ\"],\"columns[3].htmlType\":[\"input\"],\"columns[3].dictType\":[\"\"],\"columns[4].columnId\":[\"87\"],\"columns[4].sort\":[\"5\"],\"columns[4].columnComment\":[\"创建者\"],\"columns[4].javaType\":[\"String\"],\"columns[4].javaField\":[\"createBy\"],\"columns[4].isInsert\":[\"1\"],\"columns[4].queryType\":[\"EQ\"],\"columns[4].htmlType\":[\"input\"],\"columns[4].dictType\":[\"\"],\"columns[5].columnId\":[\"88\"],\"columns[5].sort\":[\"6\"],\"columns[5].columnComment\":[\"创建时间\"],\"columns[5].javaType\":[\"Date\"],\"columns[5].javaField\":[\"createTime\"],\"columns[5].isInsert\":[\"1\"],\"columns[5].queryType\":[\"EQ\"],\"columns[5].htmlType\":[\"datetime\"],\"columns[5].dictType\":[', '{\r\n  \"msg\" : \"操作成功\",\r\n  \"code\" : 0\r\n}', 0, NULL, '2020-09-10 17:40:11');
INSERT INTO `sys_oper_log` VALUES (303, '代码生成', 2, 'com.ruoyi.generator.controller.GenController.editSave()', 'POST', 1, 'admin', '研发部门', '/tool/gen/edit', '127.0.0.1', '内网IP', '{\"tableId\":[\"10\"],\"tableName\":[\"cms_product\"],\"tableComment\":[\"产品\"],\"className\":[\"CmsProduct\"],\"functionAuthor\":[\"ruoyi\"],\"remark\":[\"\"],\"columns[0].columnId\":[\"83\"],\"columns[0].sort\":[\"1\"],\"columns[0].columnComment\":[\"主键\"],\"columns[0].javaType\":[\"Long\"],\"columns[0].javaField\":[\"id\"],\"columns[0].isInsert\":[\"1\"],\"columns[0].queryType\":[\"EQ\"],\"columns[0].htmlType\":[\"input\"],\"columns[0].dictType\":[\"\"],\"columns[1].columnId\":[\"84\"],\"columns[1].sort\":[\"2\"],\"columns[1].columnComment\":[\"名称\"],\"columns[1].javaType\":[\"String\"],\"columns[1].javaField\":[\"name\"],\"columns[1].isInsert\":[\"1\"],\"columns[1].isEdit\":[\"1\"],\"columns[1].isList\":[\"1\"],\"columns[1].isQuery\":[\"1\"],\"columns[1].queryType\":[\"LIKE\"],\"columns[1].htmlType\":[\"input\"],\"columns[1].dictType\":[\"\"],\"columns[2].columnId\":[\"85\"],\"columns[2].sort\":[\"3\"],\"columns[2].columnComment\":[\"分组id\"],\"columns[2].javaType\":[\"Long\"],\"columns[2].javaField\":[\"groupId\"],\"columns[2].isInsert\":[\"1\"],\"columns[2].isEdit\":[\"1\"],\"columns[2].isList\":[\"1\"],\"columns[2].isQuery\":[\"1\"],\"columns[2].queryType\":[\"EQ\"],\"columns[2].htmlType\":[\"input\"],\"columns[2].dictType\":[\"\"],\"columns[3].columnId\":[\"86\"],\"columns[3].sort\":[\"4\"],\"columns[3].columnComment\":[\"站点id\"],\"columns[3].javaType\":[\"Long\"],\"columns[3].javaField\":[\"siteId\"],\"columns[3].isInsert\":[\"1\"],\"columns[3].isEdit\":[\"1\"],\"columns[3].isList\":[\"1\"],\"columns[3].isQuery\":[\"1\"],\"columns[3].queryType\":[\"EQ\"],\"columns[3].htmlType\":[\"input\"],\"columns[3].dictType\":[\"\"],\"columns[4].columnId\":[\"87\"],\"columns[4].sort\":[\"5\"],\"columns[4].columnComment\":[\"创建者\"],\"columns[4].javaType\":[\"String\"],\"columns[4].javaField\":[\"createBy\"],\"columns[4].isInsert\":[\"1\"],\"columns[4].queryType\":[\"EQ\"],\"columns[4].htmlType\":[\"input\"],\"columns[4].dictType\":[\"\"],\"columns[5].columnId\":[\"88\"],\"columns[5].sort\":[\"6\"],\"columns[5].columnComment\":[\"创建时间\"],\"columns[5].javaType\":[\"Date\"],\"columns[5].javaField\":[\"createTime\"],\"columns[5].isInsert\":[\"1\"],\"columns[5].queryType\":[\"EQ\"],\"columns[5].htmlType\":[\"datetime\"],\"columns[5].dictType\":[', '{\r\n  \"msg\" : \"操作成功\",\r\n  \"code\" : 0\r\n}', 0, NULL, '2020-09-10 17:47:40');
INSERT INTO `sys_oper_log` VALUES (304, '代码生成', 2, 'com.ruoyi.generator.controller.GenController.editSave()', 'POST', 1, 'admin', '研发部门', '/tool/gen/edit', '127.0.0.1', '内网IP', '{\"tableId\":[\"10\"],\"tableName\":[\"cms_product\"],\"tableComment\":[\"产品\"],\"className\":[\"CmsProduct\"],\"functionAuthor\":[\"ruoyi\"],\"remark\":[\"\"],\"columns[0].columnId\":[\"83\"],\"columns[0].sort\":[\"1\"],\"columns[0].columnComment\":[\"主键\"],\"columns[0].javaType\":[\"Long\"],\"columns[0].javaField\":[\"id\"],\"columns[0].isInsert\":[\"1\"],\"columns[0].queryType\":[\"EQ\"],\"columns[0].htmlType\":[\"input\"],\"columns[0].dictType\":[\"\"],\"columns[1].columnId\":[\"84\"],\"columns[1].sort\":[\"2\"],\"columns[1].columnComment\":[\"名称\"],\"columns[1].javaType\":[\"String\"],\"columns[1].javaField\":[\"name\"],\"columns[1].isInsert\":[\"1\"],\"columns[1].isEdit\":[\"1\"],\"columns[1].isList\":[\"1\"],\"columns[1].isQuery\":[\"1\"],\"columns[1].queryType\":[\"LIKE\"],\"columns[1].htmlType\":[\"input\"],\"columns[1].dictType\":[\"\"],\"columns[2].columnId\":[\"85\"],\"columns[2].sort\":[\"3\"],\"columns[2].columnComment\":[\"分组id\"],\"columns[2].javaType\":[\"Long\"],\"columns[2].javaField\":[\"groupId\"],\"columns[2].isInsert\":[\"1\"],\"columns[2].isEdit\":[\"1\"],\"columns[2].isList\":[\"1\"],\"columns[2].isQuery\":[\"1\"],\"columns[2].queryType\":[\"EQ\"],\"columns[2].htmlType\":[\"input\"],\"columns[2].dictType\":[\"\"],\"columns[3].columnId\":[\"86\"],\"columns[3].sort\":[\"4\"],\"columns[3].columnComment\":[\"站点id\"],\"columns[3].javaType\":[\"Long\"],\"columns[3].javaField\":[\"siteId\"],\"columns[3].isInsert\":[\"1\"],\"columns[3].isEdit\":[\"1\"],\"columns[3].isList\":[\"1\"],\"columns[3].isQuery\":[\"1\"],\"columns[3].queryType\":[\"EQ\"],\"columns[3].htmlType\":[\"input\"],\"columns[3].dictType\":[\"\"],\"columns[4].columnId\":[\"87\"],\"columns[4].sort\":[\"5\"],\"columns[4].columnComment\":[\"创建者\"],\"columns[4].javaType\":[\"String\"],\"columns[4].javaField\":[\"createBy\"],\"columns[4].isInsert\":[\"1\"],\"columns[4].queryType\":[\"EQ\"],\"columns[4].htmlType\":[\"input\"],\"columns[4].dictType\":[\"\"],\"columns[5].columnId\":[\"88\"],\"columns[5].sort\":[\"6\"],\"columns[5].columnComment\":[\"创建时间\"],\"columns[5].javaType\":[\"Date\"],\"columns[5].javaField\":[\"createTime\"],\"columns[5].isInsert\":[\"1\"],\"columns[5].queryType\":[\"EQ\"],\"columns[5].htmlType\":[\"datetime\"],\"columns[5].dictType\":[', '{\r\n  \"msg\" : \"操作成功\",\r\n  \"code\" : 0\r\n}', 0, NULL, '2020-09-10 17:47:56');
INSERT INTO `sys_oper_log` VALUES (305, '代码生成', 2, 'com.ruoyi.generator.controller.GenController.editSave()', 'POST', 1, 'admin', '研发部门', '/tool/gen/edit', '127.0.0.1', '内网IP', '{\"tableId\":[\"10\"],\"tableName\":[\"cms_product\"],\"tableComment\":[\"产品\"],\"className\":[\"CmsProduct\"],\"functionAuthor\":[\"ruoyi\"],\"remark\":[\"\"],\"columns[0].columnId\":[\"83\"],\"columns[0].sort\":[\"1\"],\"columns[0].columnComment\":[\"主键\"],\"columns[0].javaType\":[\"Long\"],\"columns[0].javaField\":[\"id\"],\"columns[0].isInsert\":[\"1\"],\"columns[0].queryType\":[\"EQ\"],\"columns[0].htmlType\":[\"input\"],\"columns[0].dictType\":[\"\"],\"columns[1].columnId\":[\"84\"],\"columns[1].sort\":[\"2\"],\"columns[1].columnComment\":[\"名称\"],\"columns[1].javaType\":[\"String\"],\"columns[1].javaField\":[\"name\"],\"columns[1].isInsert\":[\"1\"],\"columns[1].isEdit\":[\"1\"],\"columns[1].isList\":[\"1\"],\"columns[1].isQuery\":[\"1\"],\"columns[1].queryType\":[\"LIKE\"],\"columns[1].htmlType\":[\"input\"],\"columns[1].dictType\":[\"\"],\"columns[2].columnId\":[\"85\"],\"columns[2].sort\":[\"3\"],\"columns[2].columnComment\":[\"分组id\"],\"columns[2].javaType\":[\"Long\"],\"columns[2].javaField\":[\"groupId\"],\"columns[2].isInsert\":[\"1\"],\"columns[2].isEdit\":[\"1\"],\"columns[2].isList\":[\"1\"],\"columns[2].isQuery\":[\"1\"],\"columns[2].queryType\":[\"EQ\"],\"columns[2].htmlType\":[\"input\"],\"columns[2].dictType\":[\"\"],\"columns[3].columnId\":[\"86\"],\"columns[3].sort\":[\"4\"],\"columns[3].columnComment\":[\"站点id\"],\"columns[3].javaType\":[\"Long\"],\"columns[3].javaField\":[\"siteId\"],\"columns[3].isInsert\":[\"1\"],\"columns[3].isEdit\":[\"1\"],\"columns[3].isList\":[\"1\"],\"columns[3].isQuery\":[\"1\"],\"columns[3].queryType\":[\"EQ\"],\"columns[3].htmlType\":[\"input\"],\"columns[3].dictType\":[\"\"],\"columns[4].columnId\":[\"87\"],\"columns[4].sort\":[\"5\"],\"columns[4].columnComment\":[\"创建者\"],\"columns[4].javaType\":[\"String\"],\"columns[4].javaField\":[\"createBy\"],\"columns[4].isInsert\":[\"1\"],\"columns[4].queryType\":[\"EQ\"],\"columns[4].htmlType\":[\"input\"],\"columns[4].dictType\":[\"\"],\"columns[5].columnId\":[\"88\"],\"columns[5].sort\":[\"6\"],\"columns[5].columnComment\":[\"创建时间\"],\"columns[5].javaType\":[\"Date\"],\"columns[5].javaField\":[\"createTime\"],\"columns[5].isInsert\":[\"1\"],\"columns[5].queryType\":[\"EQ\"],\"columns[5].htmlType\":[\"datetime\"],\"columns[5].dictType\":[', '{\r\n  \"msg\" : \"操作成功\",\r\n  \"code\" : 0\r\n}', 0, NULL, '2020-09-10 17:57:31');
INSERT INTO `sys_oper_log` VALUES (306, '代码生成', 2, 'com.ruoyi.generator.controller.GenController.editSave()', 'POST', 1, 'admin', '研发部门', '/tool/gen/edit', '127.0.0.1', '内网IP', '{\"tableId\":[\"10\"],\"tableName\":[\"cms_product\"],\"tableComment\":[\"产品\"],\"className\":[\"CmsProduct\"],\"functionAuthor\":[\"ruoyi\"],\"remark\":[\"\"],\"columns[0].columnId\":[\"83\"],\"columns[0].sort\":[\"1\"],\"columns[0].columnComment\":[\"主键\"],\"columns[0].javaType\":[\"Long\"],\"columns[0].javaField\":[\"id\"],\"columns[0].isInsert\":[\"1\"],\"columns[0].queryType\":[\"EQ\"],\"columns[0].htmlType\":[\"input\"],\"columns[0].dictType\":[\"\"],\"columns[1].columnId\":[\"84\"],\"columns[1].sort\":[\"2\"],\"columns[1].columnComment\":[\"名称\"],\"columns[1].javaType\":[\"String\"],\"columns[1].javaField\":[\"name\"],\"columns[1].isInsert\":[\"1\"],\"columns[1].isEdit\":[\"1\"],\"columns[1].isList\":[\"1\"],\"columns[1].isQuery\":[\"1\"],\"columns[1].queryType\":[\"LIKE\"],\"columns[1].htmlType\":[\"input\"],\"columns[1].dictType\":[\"\"],\"columns[2].columnId\":[\"85\"],\"columns[2].sort\":[\"3\"],\"columns[2].columnComment\":[\"分组id\"],\"columns[2].javaType\":[\"Long\"],\"columns[2].javaField\":[\"groupId\"],\"columns[2].isInsert\":[\"1\"],\"columns[2].isEdit\":[\"1\"],\"columns[2].isList\":[\"1\"],\"columns[2].isQuery\":[\"1\"],\"columns[2].queryType\":[\"EQ\"],\"columns[2].htmlType\":[\"input\"],\"columns[2].dictType\":[\"\"],\"columns[3].columnId\":[\"86\"],\"columns[3].sort\":[\"4\"],\"columns[3].columnComment\":[\"站点id\"],\"columns[3].javaType\":[\"Long\"],\"columns[3].javaField\":[\"siteId\"],\"columns[3].isInsert\":[\"1\"],\"columns[3].isEdit\":[\"1\"],\"columns[3].isList\":[\"1\"],\"columns[3].isQuery\":[\"1\"],\"columns[3].queryType\":[\"EQ\"],\"columns[3].htmlType\":[\"input\"],\"columns[3].dictType\":[\"\"],\"columns[4].columnId\":[\"87\"],\"columns[4].sort\":[\"5\"],\"columns[4].columnComment\":[\"创建者\"],\"columns[4].javaType\":[\"String\"],\"columns[4].javaField\":[\"createBy\"],\"columns[4].isInsert\":[\"1\"],\"columns[4].queryType\":[\"EQ\"],\"columns[4].htmlType\":[\"input\"],\"columns[4].dictType\":[\"\"],\"columns[5].columnId\":[\"88\"],\"columns[5].sort\":[\"6\"],\"columns[5].columnComment\":[\"创建时间\"],\"columns[5].javaType\":[\"Date\"],\"columns[5].javaField\":[\"createTime\"],\"columns[5].isInsert\":[\"1\"],\"columns[5].queryType\":[\"EQ\"],\"columns[5].htmlType\":[\"datetime\"],\"columns[5].dictType\":[', '{\r\n  \"msg\" : \"操作成功\",\r\n  \"code\" : 0\r\n}', 0, NULL, '2020-09-10 17:57:50');
INSERT INTO `sys_oper_log` VALUES (307, '代码生成', 2, 'com.ruoyi.generator.controller.GenController.editSave()', 'POST', 1, 'admin', '研发部门', '/tool/gen/edit', '127.0.0.1', '内网IP', '{\"tableId\":[\"10\"],\"tableName\":[\"cms_product\"],\"tableComment\":[\"产品\"],\"className\":[\"CmsProduct\"],\"functionAuthor\":[\"ruoyi\"],\"remark\":[\"\"],\"columns[0].columnId\":[\"83\"],\"columns[0].sort\":[\"1\"],\"columns[0].columnComment\":[\"主键\"],\"columns[0].javaType\":[\"Long\"],\"columns[0].javaField\":[\"id\"],\"columns[0].isInsert\":[\"1\"],\"columns[0].queryType\":[\"EQ\"],\"columns[0].htmlType\":[\"input\"],\"columns[0].dictType\":[\"\"],\"columns[1].columnId\":[\"84\"],\"columns[1].sort\":[\"2\"],\"columns[1].columnComment\":[\"名称\"],\"columns[1].javaType\":[\"String\"],\"columns[1].javaField\":[\"name\"],\"columns[1].isInsert\":[\"1\"],\"columns[1].isEdit\":[\"1\"],\"columns[1].isList\":[\"1\"],\"columns[1].isQuery\":[\"1\"],\"columns[1].queryType\":[\"LIKE\"],\"columns[1].htmlType\":[\"input\"],\"columns[1].dictType\":[\"\"],\"columns[2].columnId\":[\"85\"],\"columns[2].sort\":[\"3\"],\"columns[2].columnComment\":[\"分组id\"],\"columns[2].javaType\":[\"Long\"],\"columns[2].javaField\":[\"groupId\"],\"columns[2].isInsert\":[\"1\"],\"columns[2].isEdit\":[\"1\"],\"columns[2].isList\":[\"1\"],\"columns[2].isQuery\":[\"1\"],\"columns[2].queryType\":[\"EQ\"],\"columns[2].htmlType\":[\"input\"],\"columns[2].dictType\":[\"\"],\"columns[3].columnId\":[\"86\"],\"columns[3].sort\":[\"4\"],\"columns[3].columnComment\":[\"站点id\"],\"columns[3].javaType\":[\"Long\"],\"columns[3].javaField\":[\"siteId\"],\"columns[3].isInsert\":[\"1\"],\"columns[3].isEdit\":[\"1\"],\"columns[3].isList\":[\"1\"],\"columns[3].isQuery\":[\"1\"],\"columns[3].queryType\":[\"EQ\"],\"columns[3].htmlType\":[\"input\"],\"columns[3].dictType\":[\"\"],\"columns[4].columnId\":[\"87\"],\"columns[4].sort\":[\"5\"],\"columns[4].columnComment\":[\"创建者\"],\"columns[4].javaType\":[\"String\"],\"columns[4].javaField\":[\"createBy\"],\"columns[4].isInsert\":[\"1\"],\"columns[4].queryType\":[\"EQ\"],\"columns[4].htmlType\":[\"input\"],\"columns[4].dictType\":[\"\"],\"columns[5].columnId\":[\"88\"],\"columns[5].sort\":[\"6\"],\"columns[5].columnComment\":[\"创建时间\"],\"columns[5].javaType\":[\"Date\"],\"columns[5].javaField\":[\"createTime\"],\"columns[5].isInsert\":[\"1\"],\"columns[5].queryType\":[\"EQ\"],\"columns[5].htmlType\":[\"datetime\"],\"columns[5].dictType\":[', '{\r\n  \"msg\" : \"操作成功\",\r\n  \"code\" : 0\r\n}', 0, NULL, '2020-09-10 17:58:37');
INSERT INTO `sys_oper_log` VALUES (308, '代码生成', 2, 'com.ruoyi.generator.controller.GenController.editSave()', 'POST', 1, 'admin', '研发部门', '/tool/gen/edit', '127.0.0.1', '内网IP', '{\"tableId\":[\"10\"],\"tableName\":[\"cms_product\"],\"tableComment\":[\"产品\"],\"className\":[\"CmsProduct\"],\"functionAuthor\":[\"ruoyi\"],\"remark\":[\"\"],\"columns[0].columnId\":[\"83\"],\"columns[0].sort\":[\"1\"],\"columns[0].columnComment\":[\"主键\"],\"columns[0].javaType\":[\"Long\"],\"columns[0].javaField\":[\"id\"],\"columns[0].isInsert\":[\"1\"],\"columns[0].queryType\":[\"EQ\"],\"columns[0].htmlType\":[\"input\"],\"columns[0].dictType\":[\"\"],\"columns[1].columnId\":[\"84\"],\"columns[1].sort\":[\"2\"],\"columns[1].columnComment\":[\"名称\"],\"columns[1].javaType\":[\"String\"],\"columns[1].javaField\":[\"name\"],\"columns[1].isInsert\":[\"1\"],\"columns[1].isEdit\":[\"1\"],\"columns[1].isList\":[\"1\"],\"columns[1].isQuery\":[\"1\"],\"columns[1].queryType\":[\"LIKE\"],\"columns[1].htmlType\":[\"input\"],\"columns[1].dictType\":[\"\"],\"columns[2].columnId\":[\"85\"],\"columns[2].sort\":[\"3\"],\"columns[2].columnComment\":[\"分组id\"],\"columns[2].javaType\":[\"Long\"],\"columns[2].javaField\":[\"groupId\"],\"columns[2].isInsert\":[\"1\"],\"columns[2].isEdit\":[\"1\"],\"columns[2].isList\":[\"1\"],\"columns[2].isQuery\":[\"1\"],\"columns[2].queryType\":[\"EQ\"],\"columns[2].htmlType\":[\"input\"],\"columns[2].dictType\":[\"\"],\"columns[3].columnId\":[\"86\"],\"columns[3].sort\":[\"4\"],\"columns[3].columnComment\":[\"站点id\"],\"columns[3].javaType\":[\"Long\"],\"columns[3].javaField\":[\"siteId\"],\"columns[3].isInsert\":[\"1\"],\"columns[3].isEdit\":[\"1\"],\"columns[3].isList\":[\"1\"],\"columns[3].isQuery\":[\"1\"],\"columns[3].queryType\":[\"EQ\"],\"columns[3].htmlType\":[\"input\"],\"columns[3].dictType\":[\"\"],\"columns[4].columnId\":[\"87\"],\"columns[4].sort\":[\"5\"],\"columns[4].columnComment\":[\"创建者\"],\"columns[4].javaType\":[\"String\"],\"columns[4].javaField\":[\"createBy\"],\"columns[4].isInsert\":[\"1\"],\"columns[4].queryType\":[\"EQ\"],\"columns[4].htmlType\":[\"input\"],\"columns[4].dictType\":[\"\"],\"columns[5].columnId\":[\"88\"],\"columns[5].sort\":[\"6\"],\"columns[5].columnComment\":[\"创建时间\"],\"columns[5].javaType\":[\"Date\"],\"columns[5].javaField\":[\"createTime\"],\"columns[5].isInsert\":[\"1\"],\"columns[5].queryType\":[\"EQ\"],\"columns[5].htmlType\":[\"datetime\"],\"columns[5].dictType\":[', '{\r\n  \"msg\" : \"操作成功\",\r\n  \"code\" : 0\r\n}', 0, NULL, '2020-09-10 18:40:29');
INSERT INTO `sys_oper_log` VALUES (309, '代码生成', 2, 'com.ruoyi.generator.controller.GenController.editSave()', 'POST', 1, 'admin', '研发部门', '/tool/gen/edit', '127.0.0.1', '内网IP', '{\"tableId\":[\"10\"],\"tableName\":[\"cms_product\"],\"tableComment\":[\"产品\"],\"className\":[\"CmsProduct\"],\"functionAuthor\":[\"ruoyi\"],\"remark\":[\"\"],\"columns[0].columnId\":[\"83\"],\"columns[0].sort\":[\"1\"],\"columns[0].columnComment\":[\"主键\"],\"columns[0].javaType\":[\"Long\"],\"columns[0].javaField\":[\"id\"],\"columns[0].isInsert\":[\"1\"],\"columns[0].queryType\":[\"EQ\"],\"columns[0].htmlType\":[\"input\"],\"columns[0].dictType\":[\"\"],\"columns[1].columnId\":[\"84\"],\"columns[1].sort\":[\"2\"],\"columns[1].columnComment\":[\"名称\"],\"columns[1].javaType\":[\"String\"],\"columns[1].javaField\":[\"name\"],\"columns[1].isInsert\":[\"1\"],\"columns[1].isEdit\":[\"1\"],\"columns[1].isList\":[\"1\"],\"columns[1].isQuery\":[\"1\"],\"columns[1].queryType\":[\"LIKE\"],\"columns[1].htmlType\":[\"input\"],\"columns[1].dictType\":[\"\"],\"columns[2].columnId\":[\"85\"],\"columns[2].sort\":[\"3\"],\"columns[2].columnComment\":[\"分组id\"],\"columns[2].javaType\":[\"Long\"],\"columns[2].javaField\":[\"groupId\"],\"columns[2].isInsert\":[\"1\"],\"columns[2].isEdit\":[\"1\"],\"columns[2].isList\":[\"1\"],\"columns[2].isQuery\":[\"1\"],\"columns[2].queryType\":[\"EQ\"],\"columns[2].htmlType\":[\"input\"],\"columns[2].dictType\":[\"\"],\"columns[3].columnId\":[\"86\"],\"columns[3].sort\":[\"4\"],\"columns[3].columnComment\":[\"站点id\"],\"columns[3].javaType\":[\"Long\"],\"columns[3].javaField\":[\"siteId\"],\"columns[3].isInsert\":[\"1\"],\"columns[3].isEdit\":[\"1\"],\"columns[3].isList\":[\"1\"],\"columns[3].isQuery\":[\"1\"],\"columns[3].queryType\":[\"EQ\"],\"columns[3].htmlType\":[\"input\"],\"columns[3].dictType\":[\"\"],\"columns[4].columnId\":[\"87\"],\"columns[4].sort\":[\"5\"],\"columns[4].columnComment\":[\"创建者\"],\"columns[4].javaType\":[\"String\"],\"columns[4].javaField\":[\"createBy\"],\"columns[4].isInsert\":[\"1\"],\"columns[4].queryType\":[\"EQ\"],\"columns[4].htmlType\":[\"input\"],\"columns[4].dictType\":[\"\"],\"columns[5].columnId\":[\"88\"],\"columns[5].sort\":[\"6\"],\"columns[5].columnComment\":[\"创建时间\"],\"columns[5].javaType\":[\"Date\"],\"columns[5].javaField\":[\"createTime\"],\"columns[5].isInsert\":[\"1\"],\"columns[5].queryType\":[\"EQ\"],\"columns[5].htmlType\":[\"datetime\"],\"columns[5].dictType\":[', '{\r\n  \"msg\" : \"操作成功\",\r\n  \"code\" : 0\r\n}', 0, NULL, '2020-09-10 18:40:58');
INSERT INTO `sys_oper_log` VALUES (310, '代码生成', 2, 'com.ruoyi.generator.controller.GenController.editSave()', 'POST', 1, 'admin', '研发部门', '/tool/gen/edit', '127.0.0.1', '内网IP', '{\"tableId\":[\"10\"],\"tableName\":[\"cms_product\"],\"tableComment\":[\"产品\"],\"className\":[\"CmsProduct\"],\"functionAuthor\":[\"ruoyi\"],\"remark\":[\"\"],\"columns[0].columnId\":[\"83\"],\"columns[0].sort\":[\"1\"],\"columns[0].columnComment\":[\"主键\"],\"columns[0].javaType\":[\"Long\"],\"columns[0].javaField\":[\"id\"],\"columns[0].isInsert\":[\"1\"],\"columns[0].queryType\":[\"EQ\"],\"columns[0].htmlType\":[\"input\"],\"columns[0].dictType\":[\"\"],\"columns[1].columnId\":[\"84\"],\"columns[1].sort\":[\"2\"],\"columns[1].columnComment\":[\"名称\"],\"columns[1].javaType\":[\"String\"],\"columns[1].javaField\":[\"name\"],\"columns[1].isInsert\":[\"1\"],\"columns[1].isEdit\":[\"1\"],\"columns[1].isList\":[\"1\"],\"columns[1].isQuery\":[\"1\"],\"columns[1].queryType\":[\"LIKE\"],\"columns[1].htmlType\":[\"input\"],\"columns[1].dictType\":[\"\"],\"columns[2].columnId\":[\"85\"],\"columns[2].sort\":[\"3\"],\"columns[2].columnComment\":[\"分组id\"],\"columns[2].javaType\":[\"Long\"],\"columns[2].javaField\":[\"groupId\"],\"columns[2].isInsert\":[\"1\"],\"columns[2].isEdit\":[\"1\"],\"columns[2].isList\":[\"1\"],\"columns[2].isQuery\":[\"1\"],\"columns[2].queryType\":[\"EQ\"],\"columns[2].htmlType\":[\"input\"],\"columns[2].dictType\":[\"\"],\"columns[3].columnId\":[\"86\"],\"columns[3].sort\":[\"4\"],\"columns[3].columnComment\":[\"站点id\"],\"columns[3].javaType\":[\"Long\"],\"columns[3].javaField\":[\"siteId\"],\"columns[3].isInsert\":[\"1\"],\"columns[3].isEdit\":[\"1\"],\"columns[3].isList\":[\"1\"],\"columns[3].isQuery\":[\"1\"],\"columns[3].queryType\":[\"EQ\"],\"columns[3].htmlType\":[\"input\"],\"columns[3].dictType\":[\"\"],\"columns[4].columnId\":[\"87\"],\"columns[4].sort\":[\"5\"],\"columns[4].columnComment\":[\"创建者\"],\"columns[4].javaType\":[\"String\"],\"columns[4].javaField\":[\"createBy\"],\"columns[4].isInsert\":[\"1\"],\"columns[4].queryType\":[\"EQ\"],\"columns[4].htmlType\":[\"input\"],\"columns[4].dictType\":[\"\"],\"columns[5].columnId\":[\"88\"],\"columns[5].sort\":[\"6\"],\"columns[5].columnComment\":[\"创建时间\"],\"columns[5].javaType\":[\"Date\"],\"columns[5].javaField\":[\"createTime\"],\"columns[5].isInsert\":[\"1\"],\"columns[5].queryType\":[\"EQ\"],\"columns[5].htmlType\":[\"datetime\"],\"columns[5].dictType\":[', '{\r\n  \"msg\" : \"操作成功\",\r\n  \"code\" : 0\r\n}', 0, NULL, '2020-09-10 18:46:23');
INSERT INTO `sys_oper_log` VALUES (311, '代码生成', 2, 'com.ruoyi.generator.controller.GenController.editSave()', 'POST', 1, 'admin', '研发部门', '/tool/gen/edit', '127.0.0.1', '内网IP', '{\"tableId\":[\"10\"],\"tableName\":[\"cms_product\"],\"tableComment\":[\"产品\"],\"className\":[\"CmsProduct\"],\"functionAuthor\":[\"ruoyi\"],\"remark\":[\"\"],\"columns[0].columnId\":[\"83\"],\"columns[0].sort\":[\"1\"],\"columns[0].columnComment\":[\"主键\"],\"columns[0].javaType\":[\"Long\"],\"columns[0].javaField\":[\"id\"],\"columns[0].isInsert\":[\"1\"],\"columns[0].queryType\":[\"EQ\"],\"columns[0].htmlType\":[\"input\"],\"columns[0].dictType\":[\"\"],\"columns[1].columnId\":[\"84\"],\"columns[1].sort\":[\"2\"],\"columns[1].columnComment\":[\"名称\"],\"columns[1].javaType\":[\"String\"],\"columns[1].javaField\":[\"name\"],\"columns[1].isInsert\":[\"1\"],\"columns[1].isEdit\":[\"1\"],\"columns[1].isList\":[\"1\"],\"columns[1].isQuery\":[\"1\"],\"columns[1].queryType\":[\"LIKE\"],\"columns[1].htmlType\":[\"input\"],\"columns[1].dictType\":[\"\"],\"columns[2].columnId\":[\"85\"],\"columns[2].sort\":[\"3\"],\"columns[2].columnComment\":[\"分组id\"],\"columns[2].javaType\":[\"Long\"],\"columns[2].javaField\":[\"groupId\"],\"columns[2].isInsert\":[\"1\"],\"columns[2].isEdit\":[\"1\"],\"columns[2].isList\":[\"1\"],\"columns[2].isQuery\":[\"1\"],\"columns[2].queryType\":[\"EQ\"],\"columns[2].htmlType\":[\"input\"],\"columns[2].dictType\":[\"\"],\"columns[3].columnId\":[\"86\"],\"columns[3].sort\":[\"4\"],\"columns[3].columnComment\":[\"站点id\"],\"columns[3].javaType\":[\"Long\"],\"columns[3].javaField\":[\"siteId\"],\"columns[3].isInsert\":[\"1\"],\"columns[3].isEdit\":[\"1\"],\"columns[3].isList\":[\"1\"],\"columns[3].isQuery\":[\"1\"],\"columns[3].queryType\":[\"EQ\"],\"columns[3].htmlType\":[\"input\"],\"columns[3].dictType\":[\"\"],\"columns[4].columnId\":[\"87\"],\"columns[4].sort\":[\"5\"],\"columns[4].columnComment\":[\"创建者\"],\"columns[4].javaType\":[\"String\"],\"columns[4].javaField\":[\"createBy\"],\"columns[4].isInsert\":[\"1\"],\"columns[4].queryType\":[\"EQ\"],\"columns[4].htmlType\":[\"input\"],\"columns[4].dictType\":[\"\"],\"columns[5].columnId\":[\"88\"],\"columns[5].sort\":[\"6\"],\"columns[5].columnComment\":[\"创建时间\"],\"columns[5].javaType\":[\"Date\"],\"columns[5].javaField\":[\"createTime\"],\"columns[5].isInsert\":[\"1\"],\"columns[5].queryType\":[\"EQ\"],\"columns[5].htmlType\":[\"datetime\"],\"columns[5].dictType\":[', '{\r\n  \"msg\" : \"操作成功\",\r\n  \"code\" : 0\r\n}', 0, NULL, '2020-09-10 18:48:56');
INSERT INTO `sys_oper_log` VALUES (312, '代码生成', 8, 'com.ruoyi.generator.controller.GenController.genCode()', 'GET', 1, 'admin', '研发部门', '/tool/gen/genCode/cms_product', '127.0.0.1', '内网IP', NULL, '{\r\n  \"msg\" : \"操作成功\",\r\n  \"code\" : 0\r\n}', 0, NULL, '2020-09-10 18:49:01');
INSERT INTO `sys_oper_log` VALUES (313, '代码生成', 8, 'com.ruoyi.generator.controller.GenController.genCode()', 'GET', 1, 'admin', '研发部门', '/tool/gen/genCode/cms_product', '127.0.0.1', '内网IP', NULL, '{\r\n  \"msg\" : \"操作成功\",\r\n  \"code\" : 0\r\n}', 0, NULL, '2020-09-11 10:32:21');
INSERT INTO `sys_oper_log` VALUES (314, '代码生成', 2, 'com.ruoyi.generator.controller.GenController.editSave()', 'POST', 1, 'admin', '研发部门', '/tool/gen/edit', '127.0.0.1', '内网IP', '{\"tableId\":[\"10\"],\"tableName\":[\"cms_product\"],\"tableComment\":[\"产品\"],\"className\":[\"CmsProduct\"],\"functionAuthor\":[\"ruoyi\"],\"remark\":[\"\"],\"columns[0].columnId\":[\"83\"],\"columns[0].sort\":[\"1\"],\"columns[0].columnComment\":[\"主键\"],\"columns[0].javaType\":[\"Long\"],\"columns[0].javaField\":[\"id\"],\"columns[0].isInsert\":[\"1\"],\"columns[0].queryType\":[\"EQ\"],\"columns[0].htmlType\":[\"input\"],\"columns[0].dictType\":[\"\"],\"columns[1].columnId\":[\"84\"],\"columns[1].sort\":[\"2\"],\"columns[1].columnComment\":[\"名称\"],\"columns[1].javaType\":[\"String\"],\"columns[1].javaField\":[\"name\"],\"columns[1].isInsert\":[\"1\"],\"columns[1].isEdit\":[\"1\"],\"columns[1].isList\":[\"1\"],\"columns[1].isQuery\":[\"1\"],\"columns[1].queryType\":[\"LIKE\"],\"columns[1].htmlType\":[\"input\"],\"columns[1].dictType\":[\"\"],\"columns[2].columnId\":[\"85\"],\"columns[2].sort\":[\"3\"],\"columns[2].columnComment\":[\"分组id\"],\"columns[2].javaType\":[\"Long\"],\"columns[2].javaField\":[\"groupId\"],\"columns[2].isInsert\":[\"1\"],\"columns[2].isEdit\":[\"1\"],\"columns[2].isList\":[\"1\"],\"columns[2].isQuery\":[\"1\"],\"columns[2].queryType\":[\"EQ\"],\"columns[2].htmlType\":[\"input\"],\"columns[2].dictType\":[\"\"],\"columns[3].columnId\":[\"86\"],\"columns[3].sort\":[\"4\"],\"columns[3].columnComment\":[\"站点id\"],\"columns[3].javaType\":[\"Long\"],\"columns[3].javaField\":[\"siteId\"],\"columns[3].isInsert\":[\"1\"],\"columns[3].isEdit\":[\"1\"],\"columns[3].isList\":[\"1\"],\"columns[3].isQuery\":[\"1\"],\"columns[3].queryType\":[\"EQ\"],\"columns[3].htmlType\":[\"input\"],\"columns[3].dictType\":[\"\"],\"columns[4].columnId\":[\"87\"],\"columns[4].sort\":[\"5\"],\"columns[4].columnComment\":[\"创建者\"],\"columns[4].javaType\":[\"String\"],\"columns[4].javaField\":[\"createBy\"],\"columns[4].isInsert\":[\"1\"],\"columns[4].queryType\":[\"EQ\"],\"columns[4].htmlType\":[\"input\"],\"columns[4].dictType\":[\"\"],\"columns[5].columnId\":[\"88\"],\"columns[5].sort\":[\"6\"],\"columns[5].columnComment\":[\"创建时间\"],\"columns[5].javaType\":[\"Date\"],\"columns[5].javaField\":[\"createTime\"],\"columns[5].isInsert\":[\"1\"],\"columns[5].queryType\":[\"EQ\"],\"columns[5].htmlType\":[\"datetime\"],\"columns[5].dictType\":[', '{\r\n  \"msg\" : \"操作成功\",\r\n  \"code\" : 0\r\n}', 0, NULL, '2020-09-11 10:32:58');
INSERT INTO `sys_oper_log` VALUES (315, '代码生成', 8, 'com.ruoyi.generator.controller.GenController.genCode()', 'GET', 1, 'admin', '研发部门', '/tool/gen/genCode/cms_product', '127.0.0.1', '内网IP', NULL, '{\r\n  \"msg\" : \"操作成功\",\r\n  \"code\" : 0\r\n}', 0, NULL, '2020-09-11 10:46:54');
INSERT INTO `sys_oper_log` VALUES (316, '代码生成', 8, 'com.ruoyi.generator.controller.GenController.genCode()', 'GET', 1, 'admin', '研发部门', '/tool/gen/genCode/cms_product', '127.0.0.1', '内网IP', NULL, '{\r\n  \"msg\" : \"操作成功\",\r\n  \"code\" : 0\r\n}', 0, NULL, '2020-09-11 10:52:19');
INSERT INTO `sys_oper_log` VALUES (317, '代码生成', 8, 'com.ruoyi.generator.controller.GenController.genCode()', 'GET', 1, 'admin', '研发部门', '/tool/gen/genCode/cms_product', '127.0.0.1', '内网IP', NULL, '{\r\n  \"msg\" : \"操作成功\",\r\n  \"code\" : 0\r\n}', 0, NULL, '2020-09-11 11:14:32');
INSERT INTO `sys_oper_log` VALUES (318, '代码生成', 8, 'com.ruoyi.generator.controller.GenController.genCode()', 'GET', 1, 'admin', '研发部门', '/tool/gen/genCode/cms_product', '127.0.0.1', '内网IP', NULL, '{\r\n  \"msg\" : \"操作成功\",\r\n  \"code\" : 0\r\n}', 0, NULL, '2020-09-11 11:19:06');
INSERT INTO `sys_oper_log` VALUES (319, '代码生成', 8, 'com.ruoyi.generator.controller.GenController.genCode()', 'GET', 1, 'admin', '研发部门', '/tool/gen/genCode/cms_product', '127.0.0.1', '内网IP', NULL, '{\r\n  \"msg\" : \"操作成功\",\r\n  \"code\" : 0\r\n}', 0, NULL, '2020-09-11 11:31:50');
INSERT INTO `sys_oper_log` VALUES (320, '代码生成', 8, 'com.ruoyi.generator.controller.GenController.genCode()', 'GET', 1, 'admin', '研发部门', '/tool/gen/genCode/cms_product', '127.0.0.1', '内网IP', NULL, '{\r\n  \"msg\" : \"操作成功\",\r\n  \"code\" : 0\r\n}', 0, NULL, '2020-09-11 14:11:40');
INSERT INTO `sys_oper_log` VALUES (321, '代码生成', 8, 'com.ruoyi.generator.controller.GenController.genCode()', 'GET', 1, 'admin', '研发部门', '/tool/gen/genCode/cms_product', '127.0.0.1', '内网IP', NULL, '{\r\n  \"msg\" : \"操作成功\",\r\n  \"code\" : 0\r\n}', 0, NULL, '2020-09-11 14:13:44');
INSERT INTO `sys_oper_log` VALUES (322, '代码生成', 2, 'com.ruoyi.generator.controller.GenController.editSave()', 'POST', 1, 'admin', '研发部门', '/tool/gen/edit', '127.0.0.1', '内网IP', '{\"tableId\":[\"10\"],\"tableName\":[\"cms_product\"],\"tableComment\":[\"产品\"],\"className\":[\"CmsProduct\"],\"functionAuthor\":[\"ruoyi\"],\"remark\":[\"\"],\"columns[0].columnId\":[\"83\"],\"columns[0].sort\":[\"1\"],\"columns[0].columnComment\":[\"主键\"],\"columns[0].javaType\":[\"Long\"],\"columns[0].javaField\":[\"id\"],\"columns[0].isInsert\":[\"1\"],\"columns[0].queryType\":[\"EQ\"],\"columns[0].htmlType\":[\"input\"],\"columns[0].dictType\":[\"\"],\"columns[1].columnId\":[\"84\"],\"columns[1].sort\":[\"2\"],\"columns[1].columnComment\":[\"名称\"],\"columns[1].javaType\":[\"String\"],\"columns[1].javaField\":[\"name\"],\"columns[1].isInsert\":[\"1\"],\"columns[1].isEdit\":[\"1\"],\"columns[1].isList\":[\"1\"],\"columns[1].isQuery\":[\"1\"],\"columns[1].queryType\":[\"LIKE\"],\"columns[1].htmlType\":[\"input\"],\"columns[1].dictType\":[\"\"],\"columns[2].columnId\":[\"85\"],\"columns[2].sort\":[\"3\"],\"columns[2].columnComment\":[\"分组id\"],\"columns[2].javaType\":[\"Long\"],\"columns[2].javaField\":[\"groupId\"],\"columns[2].isInsert\":[\"1\"],\"columns[2].isEdit\":[\"1\"],\"columns[2].isList\":[\"1\"],\"columns[2].isQuery\":[\"1\"],\"columns[2].queryType\":[\"EQ\"],\"columns[2].htmlType\":[\"input\"],\"columns[2].dictType\":[\"\"],\"columns[3].columnId\":[\"86\"],\"columns[3].sort\":[\"4\"],\"columns[3].columnComment\":[\"站点id\"],\"columns[3].javaType\":[\"Long\"],\"columns[3].javaField\":[\"siteId\"],\"columns[3].isInsert\":[\"1\"],\"columns[3].isEdit\":[\"1\"],\"columns[3].isList\":[\"1\"],\"columns[3].isQuery\":[\"1\"],\"columns[3].queryType\":[\"EQ\"],\"columns[3].htmlType\":[\"input\"],\"columns[3].dictType\":[\"\"],\"columns[4].columnId\":[\"87\"],\"columns[4].sort\":[\"5\"],\"columns[4].columnComment\":[\"创建者\"],\"columns[4].javaType\":[\"String\"],\"columns[4].javaField\":[\"createBy\"],\"columns[4].isInsert\":[\"1\"],\"columns[4].queryType\":[\"EQ\"],\"columns[4].htmlType\":[\"input\"],\"columns[4].dictType\":[\"\"],\"columns[5].columnId\":[\"88\"],\"columns[5].sort\":[\"6\"],\"columns[5].columnComment\":[\"创建时间\"],\"columns[5].javaType\":[\"Date\"],\"columns[5].javaField\":[\"createTime\"],\"columns[5].isInsert\":[\"1\"],\"columns[5].queryType\":[\"EQ\"],\"columns[5].htmlType\":[\"datetime\"],\"columns[5].dictType\":[', '{\r\n  \"msg\" : \"操作成功\",\r\n  \"code\" : 0\r\n}', 0, NULL, '2020-09-11 14:18:35');
INSERT INTO `sys_oper_log` VALUES (323, '代码生成', 8, 'com.ruoyi.generator.controller.GenController.genCode()', 'GET', 1, 'admin', '研发部门', '/tool/gen/genCode/cms_product', '127.0.0.1', '内网IP', NULL, '{\r\n  \"msg\" : \"操作成功\",\r\n  \"code\" : 0\r\n}', 0, NULL, '2020-09-11 14:20:38');
INSERT INTO `sys_oper_log` VALUES (324, '代码生成', 8, 'com.ruoyi.generator.controller.GenController.genCode()', 'GET', 1, 'admin', '研发部门', '/tool/gen/genCode/cms_product', '127.0.0.1', '内网IP', NULL, '{\r\n  \"msg\" : \"操作成功\",\r\n  \"code\" : 0\r\n}', 0, NULL, '2020-09-11 15:46:05');
INSERT INTO `sys_oper_log` VALUES (325, '代码生成', 8, 'com.ruoyi.generator.controller.GenController.genCode()', 'GET', 1, 'admin', '研发部门', '/tool/gen/genCode/cms_product', '127.0.0.1', '内网IP', NULL, '{\r\n  \"msg\" : \"操作成功\",\r\n  \"code\" : 0\r\n}', 0, NULL, '2020-09-11 15:49:37');
INSERT INTO `sys_oper_log` VALUES (326, '代码生成', 8, 'com.ruoyi.generator.controller.GenController.genCode()', 'GET', 1, 'admin', '研发部门', '/tool/gen/genCode/cms_product', '127.0.0.1', '内网IP', NULL, '{\r\n  \"msg\" : \"操作成功\",\r\n  \"code\" : 0\r\n}', 0, NULL, '2020-09-11 15:54:06');
INSERT INTO `sys_oper_log` VALUES (327, '代码生成', 8, 'com.ruoyi.generator.controller.GenController.genCode()', 'GET', 1, 'admin', '研发部门', '/tool/gen/genCode/cms_product', '127.0.0.1', '内网IP', NULL, '{\r\n  \"msg\" : \"操作成功\",\r\n  \"code\" : 0\r\n}', 0, NULL, '2020-09-11 17:10:34');
INSERT INTO `sys_oper_log` VALUES (328, '代码生成', 8, 'com.ruoyi.generator.controller.GenController.genCode()', 'GET', 1, 'admin', '研发部门', '/tool/gen/genCode/cms_product', '127.0.0.1', '内网IP', NULL, '{\r\n  \"msg\" : \"操作成功\",\r\n  \"code\" : 0\r\n}', 0, NULL, '2020-09-11 17:14:19');
INSERT INTO `sys_oper_log` VALUES (329, '代码生成', 8, 'com.ruoyi.generator.controller.GenController.genCode()', 'GET', 1, 'admin', '研发部门', '/tool/gen/genCode/cms_product', '127.0.0.1', '内网IP', NULL, '{\r\n  \"msg\" : \"操作成功\",\r\n  \"code\" : 0\r\n}', 0, NULL, '2020-09-11 17:15:44');
INSERT INTO `sys_oper_log` VALUES (330, '代码生成', 8, 'com.ruoyi.generator.controller.GenController.genCode()', 'GET', 1, 'admin', '研发部门', '/tool/gen/genCode/cms_product', '127.0.0.1', '内网IP', NULL, '{\r\n  \"msg\" : \"操作成功\",\r\n  \"code\" : 0\r\n}', 0, NULL, '2020-09-11 17:27:23');
INSERT INTO `sys_oper_log` VALUES (331, '代码生成', 8, 'com.ruoyi.generator.controller.GenController.genCode()', 'GET', 1, 'admin', '研发部门', '/tool/gen/genCode/cms_product', '127.0.0.1', '内网IP', NULL, '{\r\n  \"msg\" : \"操作成功\",\r\n  \"code\" : 0\r\n}', 0, NULL, '2020-09-11 17:37:46');
INSERT INTO `sys_oper_log` VALUES (332, '代码生成', 8, 'com.ruoyi.generator.controller.GenController.genCode()', 'GET', 1, 'admin', '研发部门', '/tool/gen/genCode/cms_product', '127.0.0.1', '内网IP', NULL, '{\r\n  \"msg\" : \"操作成功\",\r\n  \"code\" : 0\r\n}', 0, NULL, '2020-09-11 17:39:51');
INSERT INTO `sys_oper_log` VALUES (333, '代码生成', 8, 'com.ruoyi.generator.controller.GenController.genCode()', 'GET', 1, 'admin', '研发部门', '/tool/gen/genCode/cms_product', '127.0.0.1', '内网IP', NULL, '{\r\n  \"msg\" : \"操作成功\",\r\n  \"code\" : 0\r\n}', 0, NULL, '2020-09-11 17:53:06');
INSERT INTO `sys_oper_log` VALUES (334, '代码生成', 8, 'com.ruoyi.generator.controller.GenController.genCode()', 'GET', 1, 'admin', '研发部门', '/tool/gen/genCode/cms_product', '127.0.0.1', '内网IP', NULL, '{\r\n  \"msg\" : \"操作成功\",\r\n  \"code\" : 0\r\n}', 0, NULL, '2020-09-11 17:57:13');
INSERT INTO `sys_oper_log` VALUES (335, '代码生成', 8, 'com.ruoyi.generator.controller.GenController.genCode()', 'GET', 1, 'admin', '研发部门', '/tool/gen/genCode/cms_product', '127.0.0.1', '内网IP', NULL, '{\r\n  \"msg\" : \"操作成功\",\r\n  \"code\" : 0\r\n}', 0, NULL, '2020-09-11 17:59:19');
INSERT INTO `sys_oper_log` VALUES (336, '代码生成', 8, 'com.ruoyi.generator.controller.GenController.genCode()', 'GET', 1, 'admin', '研发部门', '/tool/gen/genCode/cms_product', '127.0.0.1', '内网IP', NULL, '{\r\n  \"msg\" : \"操作成功\",\r\n  \"code\" : 0\r\n}', 0, NULL, '2020-09-11 18:04:34');
INSERT INTO `sys_oper_log` VALUES (337, '代码生成', 8, 'com.ruoyi.generator.controller.GenController.genCode()', 'GET', 1, 'admin', '研发部门', '/tool/gen/genCode/cms_product', '127.0.0.1', '内网IP', NULL, '{\r\n  \"msg\" : \"操作成功\",\r\n  \"code\" : 0\r\n}', 0, NULL, '2020-09-11 18:29:29');
INSERT INTO `sys_oper_log` VALUES (338, '代码生成', 8, 'com.ruoyi.generator.controller.GenController.genCode()', 'GET', 1, 'admin', '研发部门', '/tool/gen/genCode/cms_product', '127.0.0.1', '内网IP', NULL, '{\r\n  \"msg\" : \"操作成功\",\r\n  \"code\" : 0\r\n}', 0, NULL, '2020-09-11 18:31:32');
INSERT INTO `sys_oper_log` VALUES (339, '素材', 2, 'com.ruoyi.cms.controller.CmsMaterialController.editSave()', 'POST', 1, 'admin', '研发部门', '/cms/material/edit', '127.0.0.1', '内网IP', '{\"id\":[\"2\"],\"groupId\":[\"1\"],\"siteId\":[\"3\",\"3\"],\"materialName\":[\"ffff\"],\"materialType\":[\"1\"],\"description\":[\"\"],\"materialSize\":[\"\"],\"savePath\":[\"\"],\"width\":[\"\"],\"height\":[\"\"],\"remark\":[\"\"],\"sort\":[\"\"]}', '{\r\n  \"msg\" : \"操作成功\",\r\n  \"code\" : 0\r\n}', 0, NULL, '2020-09-11 18:55:13');
INSERT INTO `sys_oper_log` VALUES (340, '素材', 2, 'com.ruoyi.cms.controller.CmsMaterialController.editSave()', 'POST', 1, 'admin', '研发部门', '/cms/material/edit', '127.0.0.1', '内网IP', '{\"id\":[\"2\"],\"groupId\":[\"1\"],\"siteId\":[\"3\",\"3\"],\"materialName\":[\"ffff\"],\"materialType\":[\"1\"],\"description\":[\"\"],\"materialSize\":[\"\"],\"savePath\":[\"http://localhost:8082/profile/upload/2020/09/11/6fa7ffd5-0221-46f0-a634-d956f8869cdb.jpeg\"],\"width\":[\"\"],\"height\":[\"\"],\"remark\":[\"\"],\"sort\":[\"\"]}', '{\r\n  \"msg\" : \"操作成功\",\r\n  \"code\" : 0\r\n}', 0, NULL, '2020-09-11 18:56:40');
INSERT INTO `sys_oper_log` VALUES (341, '素材', 2, 'com.ruoyi.cms.controller.CmsMaterialController.editSave()', 'POST', 1, 'admin', '研发部门', '/cms/material/edit', '127.0.0.1', '内网IP', '{\"id\":[\"3\"],\"groupId\":[\"1\"],\"siteId\":[\"3\",\"3\"],\"materialName\":[\"aaaaaaaaaaaa\"],\"materialType\":[\"1\"],\"description\":[\"\"],\"materialSize\":[\"\"],\"savePath\":[\"http://localhost:8082/profile/upload/2020/09/11/97f95b39-0aaa-483e-a4ba-977231e11ec6.jpeg\"],\"width\":[\"\"],\"height\":[\"\"],\"remark\":[\"\"],\"sort\":[\"\"]}', '{\r\n  \"msg\" : \"操作成功\",\r\n  \"code\" : 0\r\n}', 0, NULL, '2020-09-11 18:56:49');
INSERT INTO `sys_oper_log` VALUES (342, '代码生成', 8, 'com.ruoyi.generator.controller.GenController.genCode()', 'GET', 1, 'admin', '研发部门', '/tool/gen/genCode/cms_product', '127.0.0.1', '内网IP', NULL, '{\r\n  \"msg\" : \"操作成功\",\r\n  \"code\" : 0\r\n}', 0, NULL, '2020-09-11 18:58:58');
INSERT INTO `sys_oper_log` VALUES (343, '代码生成', 8, 'com.ruoyi.generator.controller.GenController.genCode()', 'GET', 1, 'admin', '研发部门', '/tool/gen/genCode/cms_product', '127.0.0.1', '内网IP', NULL, '{\r\n  \"msg\" : \"操作成功\",\r\n  \"code\" : 0\r\n}', 0, NULL, '2020-09-11 19:04:26');
INSERT INTO `sys_oper_log` VALUES (344, '代码生成', 8, 'com.ruoyi.generator.controller.GenController.genCode()', 'GET', 1, 'admin', '研发部门', '/tool/gen/genCode/cms_product', '127.0.0.1', '内网IP', NULL, '{\r\n  \"msg\" : \"操作成功\",\r\n  \"code\" : 0\r\n}', 0, NULL, '2020-09-12 10:06:51');
INSERT INTO `sys_oper_log` VALUES (345, '代码生成', 8, 'com.ruoyi.generator.controller.GenController.genCode()', 'GET', 1, 'admin', '研发部门', '/tool/gen/genCode/cms_product', '127.0.0.1', '内网IP', NULL, '{\r\n  \"msg\" : \"操作成功\",\r\n  \"code\" : 0\r\n}', 0, NULL, '2020-09-12 10:08:07');
INSERT INTO `sys_oper_log` VALUES (346, '代码生成', 8, 'com.ruoyi.generator.controller.GenController.genCode()', 'GET', 1, 'admin', '研发部门', '/tool/gen/genCode/cms_product', '127.0.0.1', '内网IP', NULL, '{\r\n  \"msg\" : \"操作成功\",\r\n  \"code\" : 0\r\n}', 0, NULL, '2020-09-12 10:17:22');
INSERT INTO `sys_oper_log` VALUES (347, '代码生成', 8, 'com.ruoyi.generator.controller.GenController.genCode()', 'GET', 1, 'admin', '研发部门', '/tool/gen/genCode/cms_product', '127.0.0.1', '内网IP', NULL, '{\r\n  \"msg\" : \"操作成功\",\r\n  \"code\" : 0\r\n}', 0, NULL, '2020-09-12 10:21:57');
INSERT INTO `sys_oper_log` VALUES (348, '代码生成', 8, 'com.ruoyi.generator.controller.GenController.genCode()', 'GET', 1, 'admin', '研发部门', '/tool/gen/genCode/cms_product', '127.0.0.1', '内网IP', NULL, '{\r\n  \"msg\" : \"操作成功\",\r\n  \"code\" : 0\r\n}', 0, NULL, '2020-09-12 10:24:16');
INSERT INTO `sys_oper_log` VALUES (349, '代码生成', 8, 'com.ruoyi.generator.controller.GenController.genCode()', 'GET', 1, 'admin', '研发部门', '/tool/gen/genCode/cms_product', '127.0.0.1', '内网IP', NULL, '{\r\n  \"msg\" : \"操作成功\",\r\n  \"code\" : 0\r\n}', 0, NULL, '2020-09-12 10:25:33');
INSERT INTO `sys_oper_log` VALUES (350, '代码生成', 8, 'com.ruoyi.generator.controller.GenController.genCode()', 'GET', 1, 'admin', '研发部门', '/tool/gen/genCode/cms_product', '127.0.0.1', '内网IP', NULL, '{\r\n  \"msg\" : \"操作成功\",\r\n  \"code\" : 0\r\n}', 0, NULL, '2020-09-12 10:26:44');
INSERT INTO `sys_oper_log` VALUES (351, '代码生成', 8, 'com.ruoyi.generator.controller.GenController.genCode()', 'GET', 1, 'admin', '研发部门', '/tool/gen/genCode/cms_product', '127.0.0.1', '内网IP', NULL, '{\r\n  \"msg\" : \"操作成功\",\r\n  \"code\" : 0\r\n}', 0, NULL, '2020-09-12 14:32:47');
INSERT INTO `sys_oper_log` VALUES (352, '代码生成', 8, 'com.ruoyi.generator.controller.GenController.genCode()', 'GET', 1, 'admin', '研发部门', '/tool/gen/genCode/cms_product', '127.0.0.1', '内网IP', NULL, '{\r\n  \"msg\" : \"操作成功\",\r\n  \"code\" : 0\r\n}', 0, NULL, '2020-09-12 14:35:36');
INSERT INTO `sys_oper_log` VALUES (353, '代码生成', 8, 'com.ruoyi.generator.controller.GenController.genCode()', 'GET', 1, 'admin', '研发部门', '/tool/gen/genCode/cms_product', '127.0.0.1', '内网IP', NULL, '{\r\n  \"msg\" : \"操作成功\",\r\n  \"code\" : 0\r\n}', 0, NULL, '2020-09-12 14:37:03');
INSERT INTO `sys_oper_log` VALUES (354, '代码生成', 8, 'com.ruoyi.generator.controller.GenController.genCode()', 'GET', 1, 'admin', '研发部门', '/tool/gen/genCode/cms_product', '127.0.0.1', '内网IP', NULL, '{\r\n  \"msg\" : \"操作成功\",\r\n  \"code\" : 0\r\n}', 0, NULL, '2020-09-12 14:39:33');
INSERT INTO `sys_oper_log` VALUES (355, '代码生成', 8, 'com.ruoyi.generator.controller.GenController.genCode()', 'GET', 1, 'admin', '研发部门', '/tool/gen/genCode/cms_product', '127.0.0.1', '内网IP', NULL, '{\r\n  \"msg\" : \"操作成功\",\r\n  \"code\" : 0\r\n}', 0, NULL, '2020-09-12 14:40:14');
INSERT INTO `sys_oper_log` VALUES (356, '代码生成', 8, 'com.ruoyi.generator.controller.GenController.genCode()', 'GET', 1, 'admin', '研发部门', '/tool/gen/genCode/cms_product', '127.0.0.1', '内网IP', NULL, '{\r\n  \"msg\" : \"操作成功\",\r\n  \"code\" : 0\r\n}', 0, NULL, '2020-09-12 14:42:02');
INSERT INTO `sys_oper_log` VALUES (357, '代码生成', 2, 'com.ruoyi.generator.controller.GenController.editSave()', 'POST', 1, 'admin', '研发部门', '/tool/gen/edit', '127.0.0.1', '内网IP', '{\"tableId\":[\"11\"],\"tableName\":[\"cms_product_group\"],\"tableComment\":[\"产品分组\"],\"className\":[\"CmsProductGroup\"],\"functionAuthor\":[\"ruoyi\"],\"remark\":[\"\"],\"columns[0].columnId\":[\"93\"],\"columns[0].sort\":[\"1\"],\"columns[0].columnComment\":[\"主键\"],\"columns[0].javaType\":[\"Long\"],\"columns[0].javaField\":[\"id\"],\"columns[0].isInsert\":[\"1\"],\"columns[0].queryType\":[\"EQ\"],\"columns[0].htmlType\":[\"input\"],\"columns[0].dictType\":[\"\"],\"columns[1].columnId\":[\"94\"],\"columns[1].sort\":[\"2\"],\"columns[1].columnComment\":[\"站点id\"],\"columns[1].javaType\":[\"Long\"],\"columns[1].javaField\":[\"siteId\"],\"columns[1].isInsert\":[\"1\"],\"columns[1].isEdit\":[\"1\"],\"columns[1].isList\":[\"1\"],\"columns[1].isQuery\":[\"1\"],\"columns[1].queryType\":[\"EQ\"],\"columns[1].htmlType\":[\"siteId\"],\"columns[1].dictType\":[\"\"],\"columns[2].columnId\":[\"95\"],\"columns[2].sort\":[\"3\"],\"columns[2].columnComment\":[\"父ID\"],\"columns[2].javaType\":[\"Long\"],\"columns[2].javaField\":[\"parentId\"],\"columns[2].isInsert\":[\"1\"],\"columns[2].isEdit\":[\"1\"],\"columns[2].isList\":[\"1\"],\"columns[2].queryType\":[\"EQ\"],\"columns[2].htmlType\":[\"input\"],\"columns[2].dictType\":[\"\"],\"columns[3].columnId\":[\"96\"],\"columns[3].sort\":[\"4\"],\"columns[3].columnComment\":[\"分组名称\"],\"columns[3].javaType\":[\"String\"],\"columns[3].javaField\":[\"groupName\"],\"columns[3].isInsert\":[\"1\"],\"columns[3].isEdit\":[\"1\"],\"columns[3].isList\":[\"1\"],\"columns[3].queryType\":[\"LIKE\"],\"columns[3].htmlType\":[\"input\"],\"columns[3].dictType\":[\"\"],\"columns[4].columnId\":[\"97\"],\"columns[4].sort\":[\"5\"],\"columns[4].columnComment\":[\"描述\"],\"columns[4].javaType\":[\"String\"],\"columns[4].javaField\":[\"description\"],\"columns[4].isInsert\":[\"1\"],\"columns[4].isEdit\":[\"1\"],\"columns[4].isList\":[\"1\"],\"columns[4].queryType\":[\"EQ\"],\"columns[4].htmlType\":[\"input\"],\"columns[4].dictType\":[\"\"],\"columns[5].columnId\":[\"98\"],\"columns[5].sort\":[\"6\"],\"columns[5].columnComment\":[\"排序\"],\"columns[5].javaType\":[\"Integer\"],\"columns[5].javaField\":[\"sort\"],\"columns[5].isInsert\":[\"1\"],\"columns[5].isEdit\":[\"1\"],\"columns[5].isList\":[\"1\"],\"columns[5].queryTyp', '{\r\n  \"msg\" : \"操作成功\",\r\n  \"code\" : 0\r\n}', 0, NULL, '2020-09-12 14:45:20');
INSERT INTO `sys_oper_log` VALUES (358, '代码生成', 8, 'com.ruoyi.generator.controller.GenController.genCode()', 'GET', 1, 'admin', '研发部门', '/tool/gen/genCode/cms_product_group', '127.0.0.1', '内网IP', NULL, '{\r\n  \"msg\" : \"操作成功\",\r\n  \"code\" : 0\r\n}', 0, NULL, '2020-09-12 14:45:28');
INSERT INTO `sys_oper_log` VALUES (359, '代码生成', 2, 'com.ruoyi.generator.controller.GenController.editSave()', 'POST', 1, 'admin', '研发部门', '/tool/gen/edit', '127.0.0.1', '内网IP', '{\"tableId\":[\"11\"],\"tableName\":[\"cms_product_group\"],\"tableComment\":[\"产品分组\"],\"className\":[\"CmsProductGroup\"],\"functionAuthor\":[\"ruoyi\"],\"remark\":[\"\"],\"columns[0].columnId\":[\"93\"],\"columns[0].sort\":[\"1\"],\"columns[0].columnComment\":[\"主键\"],\"columns[0].javaType\":[\"Long\"],\"columns[0].javaField\":[\"id\"],\"columns[0].isInsert\":[\"1\"],\"columns[0].queryType\":[\"EQ\"],\"columns[0].htmlType\":[\"input\"],\"columns[0].dictType\":[\"\"],\"columns[1].columnId\":[\"94\"],\"columns[1].sort\":[\"2\"],\"columns[1].columnComment\":[\"站点id\"],\"columns[1].javaType\":[\"Long\"],\"columns[1].javaField\":[\"siteId\"],\"columns[1].isInsert\":[\"1\"],\"columns[1].isEdit\":[\"1\"],\"columns[1].isList\":[\"1\"],\"columns[1].isQuery\":[\"1\"],\"columns[1].queryType\":[\"EQ\"],\"columns[1].htmlType\":[\"siteId\"],\"columns[1].dictType\":[\"\"],\"columns[2].columnId\":[\"95\"],\"columns[2].sort\":[\"3\"],\"columns[2].columnComment\":[\"父ID\"],\"columns[2].javaType\":[\"Long\"],\"columns[2].javaField\":[\"parentId\"],\"columns[2].isInsert\":[\"1\"],\"columns[2].isEdit\":[\"1\"],\"columns[2].isList\":[\"1\"],\"columns[2].queryType\":[\"EQ\"],\"columns[2].htmlType\":[\"input\"],\"columns[2].dictType\":[\"\"],\"columns[3].columnId\":[\"96\"],\"columns[3].sort\":[\"4\"],\"columns[3].columnComment\":[\"分组名称\"],\"columns[3].javaType\":[\"String\"],\"columns[3].javaField\":[\"groupName\"],\"columns[3].isInsert\":[\"1\"],\"columns[3].isEdit\":[\"1\"],\"columns[3].isList\":[\"1\"],\"columns[3].queryType\":[\"LIKE\"],\"columns[3].htmlType\":[\"input\"],\"columns[3].dictType\":[\"\"],\"columns[4].columnId\":[\"97\"],\"columns[4].sort\":[\"5\"],\"columns[4].columnComment\":[\"描述\"],\"columns[4].javaType\":[\"String\"],\"columns[4].javaField\":[\"description\"],\"columns[4].isInsert\":[\"1\"],\"columns[4].isEdit\":[\"1\"],\"columns[4].isList\":[\"1\"],\"columns[4].queryType\":[\"EQ\"],\"columns[4].htmlType\":[\"input\"],\"columns[4].dictType\":[\"\"],\"columns[5].columnId\":[\"98\"],\"columns[5].sort\":[\"6\"],\"columns[5].columnComment\":[\"排序\"],\"columns[5].javaType\":[\"Integer\"],\"columns[5].javaField\":[\"sort\"],\"columns[5].isInsert\":[\"1\"],\"columns[5].isEdit\":[\"1\"],\"columns[5].isList\":[\"1\"],\"columns[5].queryTyp', '{\r\n  \"msg\" : \"操作成功\",\r\n  \"code\" : 0\r\n}', 0, NULL, '2020-09-12 14:51:15');
INSERT INTO `sys_oper_log` VALUES (360, '代码生成', 8, 'com.ruoyi.generator.controller.GenController.genCode()', 'GET', 1, 'admin', '研发部门', '/tool/gen/genCode/cms_product_group', '127.0.0.1', '内网IP', NULL, '{\r\n  \"msg\" : \"操作成功\",\r\n  \"code\" : 0\r\n}', 0, NULL, '2020-09-12 14:51:17');
INSERT INTO `sys_oper_log` VALUES (361, '代码生成', 8, 'com.ruoyi.generator.controller.GenController.genCode()', 'GET', 1, 'admin', '研发部门', '/tool/gen/genCode/cms_product_group', '127.0.0.1', '内网IP', NULL, '{\r\n  \"msg\" : \"操作成功\",\r\n  \"code\" : 0\r\n}', 0, NULL, '2020-09-12 14:59:24');
INSERT INTO `sys_oper_log` VALUES (362, '产品分组', 1, 'com.ruoyi.cms.controller.CmsProductGroupController.addSave()', 'POST', 1, 'admin', '研发部门', '/cms/productGroup/add', '127.0.0.1', '内网IP', '{\"siteId\":[\"1\"],\"parentId\":[\"\"],\"groupName\":[\"tett\"],\"description\":[\"\"],\"sort\":[\"\"],\"remark\":[\"\"]}', '{\r\n  \"msg\" : \"操作成功\",\r\n  \"code\" : 0\r\n}', 0, NULL, '2020-09-12 15:00:07');
INSERT INTO `sys_oper_log` VALUES (363, '产品分组', 2, 'com.ruoyi.cms.controller.CmsProductGroupController.editSave()', 'POST', 1, 'admin', '研发部门', '/cms/productGroup/edit', '127.0.0.1', '内网IP', '{\"id\":[\"2\"],\"siteId\":[\"3\",\"测试站点\"],\"parentId\":[\"\"],\"parentName\":[\"\"],\"groupName\":[\"研发分组\"],\"description\":[\"研发\"],\"sort\":[\"2\"],\"remark\":[\"\"]}', '{\r\n  \"msg\" : \"操作成功\",\r\n  \"code\" : 0\r\n}', 0, NULL, '2020-09-12 15:00:35');
INSERT INTO `sys_oper_log` VALUES (364, '产品分组', 2, 'com.ruoyi.cms.controller.CmsProductGroupController.editSave()', 'POST', 1, 'admin', '研发部门', '/cms/productGroup/edit', '127.0.0.1', '内网IP', '{\"id\":[\"1\"],\"siteId\":[\"3\",\"测试站点\"],\"parentId\":[\"\"],\"parentName\":[\"\"],\"groupName\":[\"默认分组\"],\"description\":[\"默认\"],\"sort\":[\"1\"],\"remark\":[\"\"]}', '{\r\n  \"msg\" : \"操作成功\",\r\n  \"code\" : 0\r\n}', 0, NULL, '2020-09-12 15:00:43');
INSERT INTO `sys_oper_log` VALUES (365, '菜单管理', 1, 'com.ruoyi.web.controller.system.SysMenuController.addSave()', 'POST', 1, 'admin', '研发部门', '/system/menu/add', '127.0.0.1', '内网IP', '{\"parentId\":[\"1\"],\"menuType\":[\"C\"],\"menuName\":[\"模板主题管理\"],\"url\":[\"/system/theme\"],\"target\":[\"menuItem\"],\"perms\":[\"system:theme\"],\"orderNum\":[\"1\"],\"icon\":[\"\"],\"visible\":[\"0\"]}', '{\r\n  \"msg\" : \"操作成功\",\r\n  \"code\" : 0\r\n}', 0, NULL, '2020-09-12 15:28:09');
INSERT INTO `sys_oper_log` VALUES (366, '代码生成', 6, 'com.ruoyi.generator.controller.GenController.importTableSave()', 'POST', 1, 'admin', '研发部门', '/tool/gen/importTable', '127.0.0.1', '内网IP', '{\"tables\":[\"sys_theme\"]}', '{\r\n  \"msg\" : \"操作成功\",\r\n  \"code\" : 0\r\n}', 0, NULL, '2020-09-12 15:28:47');
INSERT INTO `sys_oper_log` VALUES (367, '代码生成', 2, 'com.ruoyi.generator.controller.GenController.editSave()', 'POST', 1, 'admin', '研发部门', '/tool/gen/edit', '127.0.0.1', '内网IP', '{\"tableId\":[\"13\"],\"tableName\":[\"sys_theme\"],\"tableComment\":[\"模板主题\"],\"className\":[\"SysTheme\"],\"functionAuthor\":[\"ruoyi\"],\"remark\":[\"\"],\"columns[0].columnId\":[\"114\"],\"columns[0].sort\":[\"1\"],\"columns[0].columnComment\":[\"主键\"],\"columns[0].javaType\":[\"Long\"],\"columns[0].javaField\":[\"id\"],\"columns[0].isInsert\":[\"1\"],\"columns[0].queryType\":[\"EQ\"],\"columns[0].htmlType\":[\"input\"],\"columns[0].dictType\":[\"\"],\"columns[1].columnId\":[\"115\"],\"columns[1].sort\":[\"2\"],\"columns[1].columnComment\":[\"主题名（路径前缀）\"],\"columns[1].javaType\":[\"String\"],\"columns[1].javaField\":[\"name\"],\"columns[1].isInsert\":[\"1\"],\"columns[1].isEdit\":[\"1\"],\"columns[1].isList\":[\"1\"],\"columns[1].isQuery\":[\"1\"],\"columns[1].queryType\":[\"LIKE\"],\"columns[1].htmlType\":[\"input\"],\"columns[1].dictType\":[\"\"],\"columns[2].columnId\":[\"116\"],\"columns[2].sort\":[\"3\"],\"columns[2].columnComment\":[\"主题描述\"],\"columns[2].javaType\":[\"String\"],\"columns[2].javaField\":[\"description\"],\"columns[2].isInsert\":[\"1\"],\"columns[2].isEdit\":[\"1\"],\"columns[2].isList\":[\"1\"],\"columns[2].queryType\":[\"EQ\"],\"columns[2].htmlType\":[\"input\"],\"columns[2].dictType\":[\"\"],\"columns[3].columnId\":[\"117\"],\"columns[3].sort\":[\"4\"],\"columns[3].columnComment\":[\"主题预览图url\"],\"columns[3].javaType\":[\"String\"],\"columns[3].javaField\":[\"img\"],\"columns[3].isInsert\":[\"1\"],\"columns[3].isEdit\":[\"1\"],\"columns[3].isList\":[\"1\"],\"columns[3].queryType\":[\"EQ\"],\"columns[3].htmlType\":[\"upload\"],\"columns[3].dictType\":[\"\"],\"columns[4].columnId\":[\"118\"],\"columns[4].sort\":[\"5\"],\"columns[4].columnComment\":[\"状态（0正常 1停用）\"],\"columns[4].javaType\":[\"String\"],\"columns[4].javaField\":[\"status\"],\"columns[4].isInsert\":[\"1\"],\"columns[4].isEdit\":[\"1\"],\"columns[4].isList\":[\"1\"],\"columns[4].queryType\":[\"EQ\"],\"columns[4].htmlType\":[\"radio\"],\"columns[4].dictType\":[\"\"],\"columns[5].columnId\":[\"119\"],\"columns[5].sort\":[\"6\"],\"columns[5].columnComment\":[\"创建者\"],\"columns[5].javaType\":[\"String\"],\"columns[5].javaField\":[\"createBy\"],\"columns[5].isInsert\":[\"1\"],\"columns[5].queryType\":[\"EQ\"],\"columns[5].htmlType\":[\"input\"],\"c', '{\r\n  \"msg\" : \"操作成功\",\r\n  \"code\" : 0\r\n}', 0, NULL, '2020-09-12 15:30:35');
INSERT INTO `sys_oper_log` VALUES (368, '代码生成', 2, 'com.ruoyi.generator.controller.GenController.editSave()', 'POST', 1, 'admin', '研发部门', '/tool/gen/edit', '127.0.0.1', '内网IP', '{\"tableId\":[\"13\"],\"tableName\":[\"sys_theme\"],\"tableComment\":[\"模板主题\"],\"className\":[\"SysTheme\"],\"functionAuthor\":[\"ruoyi\"],\"remark\":[\"\"],\"columns[0].columnId\":[\"114\"],\"columns[0].sort\":[\"1\"],\"columns[0].columnComment\":[\"主键\"],\"columns[0].javaType\":[\"Long\"],\"columns[0].javaField\":[\"id\"],\"columns[0].isInsert\":[\"1\"],\"columns[0].queryType\":[\"EQ\"],\"columns[0].htmlType\":[\"input\"],\"columns[0].dictType\":[\"\"],\"columns[1].columnId\":[\"115\"],\"columns[1].sort\":[\"2\"],\"columns[1].columnComment\":[\"主题名（路径前缀）\"],\"columns[1].javaType\":[\"String\"],\"columns[1].javaField\":[\"name\"],\"columns[1].isInsert\":[\"1\"],\"columns[1].isEdit\":[\"1\"],\"columns[1].isList\":[\"1\"],\"columns[1].isQuery\":[\"1\"],\"columns[1].queryType\":[\"LIKE\"],\"columns[1].htmlType\":[\"input\"],\"columns[1].dictType\":[\"\"],\"columns[2].columnId\":[\"116\"],\"columns[2].sort\":[\"3\"],\"columns[2].columnComment\":[\"主题描述\"],\"columns[2].javaType\":[\"String\"],\"columns[2].javaField\":[\"description\"],\"columns[2].isInsert\":[\"1\"],\"columns[2].isEdit\":[\"1\"],\"columns[2].isList\":[\"1\"],\"columns[2].queryType\":[\"EQ\"],\"columns[2].htmlType\":[\"input\"],\"columns[2].dictType\":[\"\"],\"columns[3].columnId\":[\"117\"],\"columns[3].sort\":[\"4\"],\"columns[3].columnComment\":[\"主题预览图url\"],\"columns[3].javaType\":[\"String\"],\"columns[3].javaField\":[\"img\"],\"columns[3].isInsert\":[\"1\"],\"columns[3].isEdit\":[\"1\"],\"columns[3].isList\":[\"1\"],\"columns[3].queryType\":[\"EQ\"],\"columns[3].htmlType\":[\"upload\"],\"columns[3].dictType\":[\"\"],\"columns[4].columnId\":[\"118\"],\"columns[4].sort\":[\"5\"],\"columns[4].columnComment\":[\"状态（0正常 1停用）\"],\"columns[4].javaType\":[\"String\"],\"columns[4].javaField\":[\"status\"],\"columns[4].isInsert\":[\"1\"],\"columns[4].isEdit\":[\"1\"],\"columns[4].isList\":[\"1\"],\"columns[4].queryType\":[\"EQ\"],\"columns[4].htmlType\":[\"radio\"],\"columns[4].dictType\":[\"\"],\"columns[5].columnId\":[\"119\"],\"columns[5].sort\":[\"6\"],\"columns[5].columnComment\":[\"创建者\"],\"columns[5].javaType\":[\"String\"],\"columns[5].javaField\":[\"createBy\"],\"columns[5].isInsert\":[\"1\"],\"columns[5].queryType\":[\"EQ\"],\"columns[5].htmlType\":[\"input\"],\"c', '{\r\n  \"msg\" : \"操作成功\",\r\n  \"code\" : 0\r\n}', 0, NULL, '2020-09-12 15:30:50');
INSERT INTO `sys_oper_log` VALUES (369, '代码生成', 8, 'com.ruoyi.generator.controller.GenController.genCode()', 'GET', 1, 'admin', '研发部门', '/tool/gen/genCode/sys_theme', '127.0.0.1', '内网IP', NULL, '{\r\n  \"msg\" : \"操作成功\",\r\n  \"code\" : 0\r\n}', 0, NULL, '2020-09-12 15:30:54');
INSERT INTO `sys_oper_log` VALUES (370, '模板主题', 2, 'com.ruoyi.cms.controller.SysThemeController.editSave()', 'POST', 1, 'admin', '研发部门', '/system/theme/edit', '127.0.0.1', '内网IP', '{\"id\":[\"1\"],\"name\":[\"pblog\"],\"description\":[\"默认主题\"],\"img\":[\"http://img.puboot.com/20190926152748.png\"],\"remark\":[\"\"],\"status\":[\"\"]}', '{\r\n  \"msg\" : \"操作成功\",\r\n  \"code\" : 0\r\n}', 0, NULL, '2020-09-12 15:32:50');
INSERT INTO `sys_oper_log` VALUES (371, '模板主题', 2, 'com.ruoyi.cms.controller.SysThemeController.editSave()', 'POST', 1, 'admin', '研发部门', '/system/theme/edit', '127.0.0.1', '内网IP', '{\"id\":[\"1\"],\"name\":[\"pblog\"],\"description\":[\"默认主题\"],\"img\":[\"http://localhost:8082/profile/upload/2020/09/12/77962c47-8b41-4dc6-a375-472da7fd91ca.jpeg\"],\"remark\":[\"\"],\"status\":[\"\"]}', '{\r\n  \"msg\" : \"操作成功\",\r\n  \"code\" : 0\r\n}', 0, NULL, '2020-09-12 15:33:00');
INSERT INTO `sys_oper_log` VALUES (372, '模板主题', 2, 'com.ruoyi.cms.controller.SysThemeController.editSave()', 'POST', 1, 'admin', '研发部门', '/system/theme/edit', '127.0.0.1', '内网IP', '{\"id\":[\"1\"],\"name\":[\"default\"],\"description\":[\"默认主题\"],\"img\":[\"http://localhost:8082/profile/upload/2020/09/12/77962c47-8b41-4dc6-a375-472da7fd91ca.jpeg\"],\"remark\":[\"\"],\"status\":[\"\"]}', '{\r\n  \"msg\" : \"操作成功\",\r\n  \"code\" : 0\r\n}', 0, NULL, '2020-09-12 15:33:16');
INSERT INTO `sys_oper_log` VALUES (373, '代码生成', 2, 'com.ruoyi.generator.controller.GenController.editSave()', 'POST', 1, 'admin', '研发部门', '/tool/gen/edit', '127.0.0.1', '内网IP', '{\"tableId\":[\"13\"],\"tableName\":[\"sys_theme\"],\"tableComment\":[\"模板主题\"],\"className\":[\"SysTheme\"],\"functionAuthor\":[\"ruoyi\"],\"remark\":[\"\"],\"columns[0].columnId\":[\"114\"],\"columns[0].sort\":[\"1\"],\"columns[0].columnComment\":[\"主键\"],\"columns[0].javaType\":[\"Long\"],\"columns[0].javaField\":[\"id\"],\"columns[0].isInsert\":[\"1\"],\"columns[0].queryType\":[\"EQ\"],\"columns[0].htmlType\":[\"input\"],\"columns[0].dictType\":[\"\"],\"columns[1].columnId\":[\"115\"],\"columns[1].sort\":[\"2\"],\"columns[1].columnComment\":[\"主题名（路径前缀）\"],\"columns[1].javaType\":[\"String\"],\"columns[1].javaField\":[\"name\"],\"columns[1].isInsert\":[\"1\"],\"columns[1].isEdit\":[\"1\"],\"columns[1].isList\":[\"1\"],\"columns[1].isQuery\":[\"1\"],\"columns[1].queryType\":[\"LIKE\"],\"columns[1].htmlType\":[\"input\"],\"columns[1].dictType\":[\"\"],\"columns[2].columnId\":[\"116\"],\"columns[2].sort\":[\"3\"],\"columns[2].columnComment\":[\"主题描述\"],\"columns[2].javaType\":[\"String\"],\"columns[2].javaField\":[\"description\"],\"columns[2].isInsert\":[\"1\"],\"columns[2].isEdit\":[\"1\"],\"columns[2].isList\":[\"1\"],\"columns[2].queryType\":[\"EQ\"],\"columns[2].htmlType\":[\"input\"],\"columns[2].dictType\":[\"\"],\"columns[3].columnId\":[\"117\"],\"columns[3].sort\":[\"4\"],\"columns[3].columnComment\":[\"主题预览图url\"],\"columns[3].javaType\":[\"String\"],\"columns[3].javaField\":[\"img\"],\"columns[3].isInsert\":[\"1\"],\"columns[3].isEdit\":[\"1\"],\"columns[3].isList\":[\"1\"],\"columns[3].queryType\":[\"EQ\"],\"columns[3].htmlType\":[\"upload\"],\"columns[3].dictType\":[\"\"],\"columns[4].columnId\":[\"118\"],\"columns[4].sort\":[\"5\"],\"columns[4].columnComment\":[\"状态（0正常 1停用）\"],\"columns[4].javaType\":[\"String\"],\"columns[4].javaField\":[\"status\"],\"columns[4].isInsert\":[\"1\"],\"columns[4].isEdit\":[\"1\"],\"columns[4].isList\":[\"1\"],\"columns[4].queryType\":[\"EQ\"],\"columns[4].htmlType\":[\"radio\"],\"columns[4].dictType\":[\"status\"],\"columns[5].columnId\":[\"119\"],\"columns[5].sort\":[\"6\"],\"columns[5].columnComment\":[\"创建者\"],\"columns[5].javaType\":[\"String\"],\"columns[5].javaField\":[\"createBy\"],\"columns[5].isInsert\":[\"1\"],\"columns[5].queryType\":[\"EQ\"],\"columns[5].htmlType\":[\"inpu', '{\r\n  \"msg\" : \"操作成功\",\r\n  \"code\" : 0\r\n}', 0, NULL, '2020-09-12 15:33:43');
INSERT INTO `sys_oper_log` VALUES (374, '代码生成', 8, 'com.ruoyi.generator.controller.GenController.genCode()', 'GET', 1, 'admin', '研发部门', '/tool/gen/genCode/sys_theme', '127.0.0.1', '内网IP', NULL, '{\r\n  \"msg\" : \"操作成功\",\r\n  \"code\" : 0\r\n}', 0, NULL, '2020-09-12 15:33:46');
INSERT INTO `sys_oper_log` VALUES (375, '字典数据', 2, 'com.ruoyi.web.controller.system.SysDictDataController.editSave()', 'POST', 1, 'admin', '研发部门', '/system/dict/data/edit', '127.0.0.1', '内网IP', '{\"dictCode\":[\"30\"],\"dictLabel\":[\"正常\"],\"dictValue\":[\"0\"],\"dictType\":[\"status\"],\"cssClass\":[\"\"],\"dictSort\":[\"3\"],\"listClass\":[\"\"],\"isDefault\":[\"Y\"],\"status\":[\"0\"],\"remark\":[\"\"]}', '{\r\n  \"msg\" : \"操作成功\",\r\n  \"code\" : 0\r\n}', 0, NULL, '2020-09-12 15:35:01');
INSERT INTO `sys_oper_log` VALUES (376, '站点', 1, 'com.ruoyi.cms.controller.SysSiteController.addSave()', 'POST', 1, 'admin', '研发部门', '/system/site/add', '127.0.0.1', '内网IP', '{\"name\":[\"test\"],\"sitePath\":[\"test\"],\"remark\":[\"test\"],\"themeId\":[\"1\"]}', '{\r\n  \"msg\" : \"操作成功\",\r\n  \"code\" : 0\r\n}', 0, NULL, '2020-09-12 16:04:24');
INSERT INTO `sys_oper_log` VALUES (377, '站点', 2, 'com.ruoyi.cms.controller.SysSiteController.editSave()', 'POST', 1, 'admin', '研发部门', '/system/site/edit', '127.0.0.1', '内网IP', '{\"id\":[\"4\"],\"name\":[\"test\"],\"sitePath\":[\"test\"],\"status\":[\"0\"],\"remark\":[\"test\"],\"themeId\":[\"1\",\"default\"]}', '{\r\n  \"msg\" : \"操作成功\",\r\n  \"code\" : 0\r\n}', 0, NULL, '2020-09-12 16:07:36');
INSERT INTO `sys_oper_log` VALUES (378, '站点', 2, 'com.ruoyi.cms.controller.SysSiteController.editSave()', 'POST', 1, 'admin', '研发部门', '/system/site/edit', '127.0.0.1', '内网IP', '{\"id\":[\"3\"],\"name\":[\"测试站点\"],\"sitePath\":[\"//127.0.0.1:8082\"],\"status\":[\"0\"],\"remark\":[\"ddddd\"],\"themeId\":[\"1\",\"default\"]}', '{\r\n  \"msg\" : \"操作成功\",\r\n  \"code\" : 0\r\n}', 0, NULL, '2020-09-12 16:07:47');

-- ----------------------------
-- Table structure for sys_post
-- ----------------------------
DROP TABLE IF EXISTS `sys_post`;
CREATE TABLE `sys_post`  (
  `post_id` bigint(20) NOT NULL AUTO_INCREMENT COMMENT '岗位ID',
  `post_code` varchar(64) CHARACTER SET utf8 COLLATE utf8_general_ci NOT NULL COMMENT '岗位编码',
  `post_name` varchar(50) CHARACTER SET utf8 COLLATE utf8_general_ci NOT NULL COMMENT '岗位名称',
  `post_sort` int(4) NOT NULL COMMENT '显示顺序',
  `status` char(1) CHARACTER SET utf8 COLLATE utf8_general_ci NOT NULL COMMENT '状态（0正常 1停用）',
  `create_by` varchar(64) CHARACTER SET utf8 COLLATE utf8_general_ci NULL DEFAULT '' COMMENT '创建者',
  `create_time` datetime(0) NULL DEFAULT NULL COMMENT '创建时间',
  `update_by` varchar(64) CHARACTER SET utf8 COLLATE utf8_general_ci NULL DEFAULT '' COMMENT '更新者',
  `update_time` datetime(0) NULL DEFAULT NULL COMMENT '更新时间',
  `remark` varchar(500) CHARACTER SET utf8 COLLATE utf8_general_ci NULL DEFAULT NULL COMMENT '备注',
  PRIMARY KEY (`post_id`) USING BTREE
) ENGINE = InnoDB AUTO_INCREMENT = 5 CHARACTER SET = utf8 COLLATE = utf8_general_ci COMMENT = '岗位信息表' ROW_FORMAT = Dynamic;

-- ----------------------------
-- Records of sys_post
-- ----------------------------
INSERT INTO `sys_post` VALUES (1, 'ceo', '董事长', 1, '0', 'admin', '2018-03-16 11:33:00', 'ry', '2018-03-16 11:33:00', '');
INSERT INTO `sys_post` VALUES (2, 'se', '项目经理', 2, '0', 'admin', '2018-03-16 11:33:00', 'ry', '2018-03-16 11:33:00', '');
INSERT INTO `sys_post` VALUES (3, 'hr', '人力资源', 3, '0', 'admin', '2018-03-16 11:33:00', 'ry', '2018-03-16 11:33:00', '');
INSERT INTO `sys_post` VALUES (4, 'user', '普通员工', 4, '0', 'admin', '2018-03-16 11:33:00', 'ry', '2018-03-16 11:33:00', '');

-- ----------------------------
-- Table structure for sys_role
-- ----------------------------
DROP TABLE IF EXISTS `sys_role`;
CREATE TABLE `sys_role`  (
  `role_id` bigint(20) NOT NULL AUTO_INCREMENT COMMENT '角色ID',
  `role_name` varchar(30) CHARACTER SET utf8 COLLATE utf8_general_ci NOT NULL COMMENT '角色名称',
  `role_key` varchar(100) CHARACTER SET utf8 COLLATE utf8_general_ci NOT NULL COMMENT '角色权限字符串',
  `role_sort` int(4) NOT NULL COMMENT '显示顺序',
  `data_scope` char(1) CHARACTER SET utf8 COLLATE utf8_general_ci NULL DEFAULT '1' COMMENT '数据范围（1：全部数据权限 2：自定数据权限 3：本部门数据权限 4：本部门及以下数据权限）',
  `status` char(1) CHARACTER SET utf8 COLLATE utf8_general_ci NOT NULL COMMENT '角色状态（0正常 1停用）',
  `del_flag` char(1) CHARACTER SET utf8 COLLATE utf8_general_ci NULL DEFAULT '0' COMMENT '删除标志（0代表存在 2代表删除）',
  `create_by` varchar(64) CHARACTER SET utf8 COLLATE utf8_general_ci NULL DEFAULT '' COMMENT '创建者',
  `create_time` datetime(0) NULL DEFAULT NULL COMMENT '创建时间',
  `update_by` varchar(64) CHARACTER SET utf8 COLLATE utf8_general_ci NULL DEFAULT '' COMMENT '更新者',
  `update_time` datetime(0) NULL DEFAULT NULL COMMENT '更新时间',
  `remark` varchar(500) CHARACTER SET utf8 COLLATE utf8_general_ci NULL DEFAULT NULL COMMENT '备注',
  PRIMARY KEY (`role_id`) USING BTREE
) ENGINE = InnoDB AUTO_INCREMENT = 3 CHARACTER SET = utf8 COLLATE = utf8_general_ci COMMENT = '角色信息表' ROW_FORMAT = Dynamic;

-- ----------------------------
-- Records of sys_role
-- ----------------------------
INSERT INTO `sys_role` VALUES (1, '超级管理员', 'admin', 1, '1', '0', '0', 'admin', '2018-03-16 11:33:00', 'ry', '2018-03-16 11:33:00', '超级管理员');
INSERT INTO `sys_role` VALUES (2, '站点管理员', 'common', 2, '2', '0', '0', 'admin', '2018-03-16 11:33:00', 'admin', '2020-09-08 15:55:50', '普通角色');

-- ----------------------------
-- Table structure for sys_role_dept
-- ----------------------------
DROP TABLE IF EXISTS `sys_role_dept`;
CREATE TABLE `sys_role_dept`  (
  `role_id` bigint(20) NOT NULL COMMENT '角色ID',
  `dept_id` bigint(20) NOT NULL COMMENT '部门ID',
  PRIMARY KEY (`role_id`, `dept_id`) USING BTREE
) ENGINE = InnoDB CHARACTER SET = utf8 COLLATE = utf8_general_ci COMMENT = '角色和部门关联表' ROW_FORMAT = Dynamic;

-- ----------------------------
-- Records of sys_role_dept
-- ----------------------------
INSERT INTO `sys_role_dept` VALUES (2, 100);
INSERT INTO `sys_role_dept` VALUES (2, 101);
INSERT INTO `sys_role_dept` VALUES (2, 105);

-- ----------------------------
-- Table structure for sys_role_menu
-- ----------------------------
DROP TABLE IF EXISTS `sys_role_menu`;
CREATE TABLE `sys_role_menu`  (
  `role_id` bigint(20) NOT NULL COMMENT '角色ID',
  `menu_id` bigint(20) NOT NULL COMMENT '菜单ID',
  PRIMARY KEY (`role_id`, `menu_id`) USING BTREE
) ENGINE = InnoDB CHARACTER SET = utf8 COLLATE = utf8_general_ci COMMENT = '角色和菜单关联表' ROW_FORMAT = Dynamic;

-- ----------------------------
-- Records of sys_role_menu
-- ----------------------------
INSERT INTO `sys_role_menu` VALUES (2, 2002);
INSERT INTO `sys_role_menu` VALUES (2, 2003);
INSERT INTO `sys_role_menu` VALUES (2, 2004);

-- ----------------------------
-- Table structure for sys_site
-- ----------------------------
DROP TABLE IF EXISTS `sys_site`;
CREATE TABLE `sys_site`  (
  `id` bigint(20) UNSIGNED NOT NULL AUTO_INCREMENT COMMENT '主键',
  `name` varchar(50) CHARACTER SET utf8 COLLATE utf8_general_ci NOT NULL COMMENT '站点名称',
  `site_path` varchar(255) CHARACTER SET utf8 COLLATE utf8_general_ci NOT NULL COMMENT '站点地址',
  `status` char(1) CHARACTER SET utf8 COLLATE utf8_general_ci NOT NULL DEFAULT '0' COMMENT '状态（0正常 1停用）',
  `create_by` varchar(64) CHARACTER SET utf8 COLLATE utf8_general_ci NULL DEFAULT '' COMMENT '创建者',
  `create_time` datetime(0) NULL DEFAULT NULL COMMENT '创建时间',
  `update_by` varchar(64) CHARACTER SET utf8 COLLATE utf8_general_ci NULL DEFAULT '' COMMENT '更新者',
  `update_time` datetime(0) NULL DEFAULT NULL COMMENT '更新时间',
  `remark` varchar(500) CHARACTER SET utf8 COLLATE utf8_general_ci NULL DEFAULT NULL COMMENT '备注',
  `theme_id` bigint(20) NULL DEFAULT NULL COMMENT '模板主题id',
  PRIMARY KEY (`id`) USING BTREE
) ENGINE = MyISAM AUTO_INCREMENT = 5 CHARACTER SET = utf8 COLLATE = utf8_general_ci COMMENT = '站点' ROW_FORMAT = Dynamic;

-- ----------------------------
-- Records of sys_site
-- ----------------------------
INSERT INTO `sys_site` VALUES (1, '超级管理员主站', '//localhost:8082', '0', '', NULL, '', NULL, NULL, NULL);
INSERT INTO `sys_site` VALUES (3, '测试站点', '//127.0.0.1:8082', '0', '', '2020-09-07 16:54:22', '', '2020-09-12 16:07:48', 'ddddd', 1);
INSERT INTO `sys_site` VALUES (4, 'test', 'test', '0', '', '2020-09-12 16:04:24', '', '2020-09-12 16:07:36', 'test', 1);

-- ----------------------------
-- Table structure for sys_theme
-- ----------------------------
DROP TABLE IF EXISTS `sys_theme`;
CREATE TABLE `sys_theme`  (
  `id` bigint(20) NOT NULL AUTO_INCREMENT COMMENT '主键',
  `name` varchar(50) CHARACTER SET utf8 COLLATE utf8_general_ci NULL DEFAULT NULL COMMENT '主题名（路径前缀）',
  `description` varchar(255) CHARACTER SET utf8 COLLATE utf8_general_ci NULL DEFAULT NULL COMMENT '主题描述',
  `img` varchar(255) CHARACTER SET utf8 COLLATE utf8_general_ci NULL DEFAULT NULL COMMENT '主题预览图url',
  `status` char(1) CHARACTER SET utf8 COLLATE utf8_general_ci NOT NULL DEFAULT '0' COMMENT '状态（0正常 1停用）',
  `create_by` varchar(64) CHARACTER SET utf8 COLLATE utf8_general_ci NULL DEFAULT '' COMMENT '创建者',
  `create_time` datetime(0) NULL DEFAULT NULL COMMENT '创建时间',
  `update_by` varchar(64) CHARACTER SET utf8 COLLATE utf8_general_ci NULL DEFAULT '' COMMENT '更新者',
  `update_time` datetime(0) NULL DEFAULT NULL COMMENT '更新时间',
  `remark` varchar(500) CHARACTER SET utf8 COLLATE utf8_general_ci NULL DEFAULT NULL COMMENT '备注',
  PRIMARY KEY (`id`) USING BTREE
) ENGINE = InnoDB AUTO_INCREMENT = 2 CHARACTER SET = utf8 COLLATE = utf8_general_ci COMMENT = '模板主题' ROW_FORMAT = Dynamic;

-- ----------------------------
-- Records of sys_theme
-- ----------------------------
INSERT INTO `sys_theme` VALUES (1, 'default', '默认主题', 'http://localhost:8082/profile/upload/2020/09/12/77962c47-8b41-4dc6-a375-472da7fd91ca.jpeg', '', '', NULL, '', '2020-09-12 15:33:16', '');

-- ----------------------------
-- Table structure for sys_user
-- ----------------------------
DROP TABLE IF EXISTS `sys_user`;
CREATE TABLE `sys_user`  (
  `user_id` bigint(20) NOT NULL AUTO_INCREMENT COMMENT '用户ID',
  `dept_id` bigint(20) NULL DEFAULT NULL COMMENT '部门ID',
  `login_name` varchar(30) CHARACTER SET utf8 COLLATE utf8_general_ci NOT NULL COMMENT '登录账号',
  `user_name` varchar(30) CHARACTER SET utf8 COLLATE utf8_general_ci NULL DEFAULT '' COMMENT '用户昵称',
  `user_type` varchar(2) CHARACTER SET utf8 COLLATE utf8_general_ci NULL DEFAULT '00' COMMENT '用户类型（00系统用户 01注册用户）',
  `email` varchar(50) CHARACTER SET utf8 COLLATE utf8_general_ci NULL DEFAULT '' COMMENT '用户邮箱',
  `phonenumber` varchar(11) CHARACTER SET utf8 COLLATE utf8_general_ci NULL DEFAULT '' COMMENT '手机号码',
  `sex` char(1) CHARACTER SET utf8 COLLATE utf8_general_ci NULL DEFAULT '0' COMMENT '用户性别（0男 1女 2未知）',
  `avatar` varchar(100) CHARACTER SET utf8 COLLATE utf8_general_ci NULL DEFAULT '' COMMENT '头像路径',
  `password` varchar(50) CHARACTER SET utf8 COLLATE utf8_general_ci NULL DEFAULT '' COMMENT '密码',
  `salt` varchar(20) CHARACTER SET utf8 COLLATE utf8_general_ci NULL DEFAULT '' COMMENT '盐加密',
  `status` char(1) CHARACTER SET utf8 COLLATE utf8_general_ci NULL DEFAULT '0' COMMENT '帐号状态（0正常 1停用）',
  `del_flag` char(1) CHARACTER SET utf8 COLLATE utf8_general_ci NULL DEFAULT '0' COMMENT '删除标志（0代表存在 2代表删除）',
  `login_ip` varchar(50) CHARACTER SET utf8 COLLATE utf8_general_ci NULL DEFAULT '' COMMENT '最后登陆IP',
  `login_date` datetime(0) NULL DEFAULT NULL COMMENT '最后登陆时间',
  `create_by` varchar(64) CHARACTER SET utf8 COLLATE utf8_general_ci NULL DEFAULT '' COMMENT '创建者',
  `create_time` datetime(0) NULL DEFAULT NULL COMMENT '创建时间',
  `update_by` varchar(64) CHARACTER SET utf8 COLLATE utf8_general_ci NULL DEFAULT '' COMMENT '更新者',
  `update_time` datetime(0) NULL DEFAULT NULL COMMENT '更新时间',
  `remark` varchar(500) CHARACTER SET utf8 COLLATE utf8_general_ci NULL DEFAULT NULL COMMENT '备注',
  `site_id` bigint(11) NULL DEFAULT NULL COMMENT '站点id',
  PRIMARY KEY (`user_id`) USING BTREE
) ENGINE = InnoDB AUTO_INCREMENT = 4 CHARACTER SET = utf8 COLLATE = utf8_general_ci COMMENT = '用户信息表' ROW_FORMAT = Dynamic;

-- ----------------------------
-- Records of sys_user
-- ----------------------------
INSERT INTO `sys_user` VALUES (1, 103, 'admin', '若依', '00', 'ry@163.com', '15888888888', '1', '', '29c67a30398638269fe600f73a054934', '111111', '0', '0', '127.0.0.1', '2020-09-12 13:46:18', 'admin', '2018-03-16 11:33:00', 'ry', '2020-09-12 13:46:18', '管理员', 1);
INSERT INTO `sys_user` VALUES (2, 105, 'ry', '若依', '00', 'ry@qq.com', '15666666666', '1', '', '8e6d98b90472783cc73c17047ddccf36', '222222', '0', '2', '127.0.0.1', '2018-03-16 11:33:00', 'admin', '2018-03-16 11:33:00', 'admin', '2020-09-06 19:36:35', '测试员', 1);
INSERT INTO `sys_user` VALUES (3, 108, 'test', 'test', '00', '958615915@qq.com', '17307426053', '0', '', 'fefd8ffa99c7debe3078e18d5590bdf0', '2d0333', '0', '0', '127.0.0.1', '2020-09-09 16:54:59', 'admin', '2020-09-08 15:51:17', 'admin', '2020-09-09 16:54:58', '', 3);

-- ----------------------------
-- Table structure for sys_user_online
-- ----------------------------
DROP TABLE IF EXISTS `sys_user_online`;
CREATE TABLE `sys_user_online`  (
  `sessionId` varchar(50) CHARACTER SET utf8 COLLATE utf8_general_ci NOT NULL DEFAULT '' COMMENT '用户会话id',
  `login_name` varchar(50) CHARACTER SET utf8 COLLATE utf8_general_ci NULL DEFAULT '' COMMENT '登录账号',
  `dept_name` varchar(50) CHARACTER SET utf8 COLLATE utf8_general_ci NULL DEFAULT '' COMMENT '部门名称',
  `ipaddr` varchar(50) CHARACTER SET utf8 COLLATE utf8_general_ci NULL DEFAULT '' COMMENT '登录IP地址',
  `login_location` varchar(255) CHARACTER SET utf8 COLLATE utf8_general_ci NULL DEFAULT '' COMMENT '登录地点',
  `browser` varchar(50) CHARACTER SET utf8 COLLATE utf8_general_ci NULL DEFAULT '' COMMENT '浏览器类型',
  `os` varchar(50) CHARACTER SET utf8 COLLATE utf8_general_ci NULL DEFAULT '' COMMENT '操作系统',
  `status` varchar(10) CHARACTER SET utf8 COLLATE utf8_general_ci NULL DEFAULT '' COMMENT '在线状态on_line在线off_line离线',
  `start_timestamp` datetime(0) NULL DEFAULT NULL COMMENT 'session创建时间',
  `last_access_time` datetime(0) NULL DEFAULT NULL COMMENT 'session最后访问时间',
  `expire_time` int(5) NULL DEFAULT 0 COMMENT '超时时间，单位为分钟',
  PRIMARY KEY (`sessionId`) USING BTREE
) ENGINE = InnoDB CHARACTER SET = utf8 COLLATE = utf8_general_ci COMMENT = '在线用户记录' ROW_FORMAT = Dynamic;

-- ----------------------------
-- Records of sys_user_online
-- ----------------------------
INSERT INTO `sys_user_online` VALUES ('b7b6b78e-f067-41bc-b19d-c8f28c04b1f5', 'admin', '研发部门', '127.0.0.1', '内网IP', 'Chrome 8', 'Windows 10', 'on_line', '2020-09-12 13:46:12', '2020-09-12 16:21:35', 1800000);

-- ----------------------------
-- Table structure for sys_user_post
-- ----------------------------
DROP TABLE IF EXISTS `sys_user_post`;
CREATE TABLE `sys_user_post`  (
  `user_id` bigint(20) NOT NULL COMMENT '用户ID',
  `post_id` bigint(20) NOT NULL COMMENT '岗位ID',
  PRIMARY KEY (`user_id`, `post_id`) USING BTREE
) ENGINE = InnoDB CHARACTER SET = utf8 COLLATE = utf8_general_ci COMMENT = '用户与岗位关联表' ROW_FORMAT = Dynamic;

-- ----------------------------
-- Records of sys_user_post
-- ----------------------------
INSERT INTO `sys_user_post` VALUES (1, 1);
INSERT INTO `sys_user_post` VALUES (2, 2);

-- ----------------------------
-- Table structure for sys_user_role
-- ----------------------------
DROP TABLE IF EXISTS `sys_user_role`;
CREATE TABLE `sys_user_role`  (
  `user_id` bigint(20) NOT NULL COMMENT '用户ID',
  `role_id` bigint(20) NOT NULL COMMENT '角色ID',
  PRIMARY KEY (`user_id`, `role_id`) USING BTREE
) ENGINE = InnoDB CHARACTER SET = utf8 COLLATE = utf8_general_ci COMMENT = '用户和角色关联表' ROW_FORMAT = Dynamic;

-- ----------------------------
-- Records of sys_user_role
-- ----------------------------
INSERT INTO `sys_user_role` VALUES (1, 1);
INSERT INTO `sys_user_role` VALUES (2, 2);
INSERT INTO `sys_user_role` VALUES (3, 2);

SET FOREIGN_KEY_CHECKS = 1;
